,limit_bal,sex,education,marriage,age,pay_0,pay_2,pay_3,pay_4,pay_5,pay_6,bill_amt1,bill_amt2,bill_amt3,bill_amt4,bill_amt5,bill_amt6,pay_amt1,pay_amt2,pay_amt3,pay_amt4,pay_amt5,pay_amt6,act,pred
34148,1,2,4,1,2,3,8,7,8,1,5,1,4,2,0,4,3,3,1,0,2,3,0,0,[1]
33127,3,2,6,0,0,5,9,0,8,5,7,2,3,2,2,0,2,3,1,1,0,2,2,0,[1]
2915,2,1,2,2,0,3,4,2,2,2,1,1,0,0,1,0,1,1,0,0,0,0,0,0,[1]
30521,2,2,5,0,1,6,7,5,7,9,2,2,4,1,2,0,3,1,2,0,2,3,0,0,[1]
5820,0,2,2,1,1,2,2,0,0,0,0,1,0,0,1,0,1,1,0,0,0,0,0,0,[1]
13298,1,2,1,2,0,1,1,0,1,1,1,1,0,0,1,0,1,1,0,0,0,0,0,0,[1]
1520,1,2,2,2,0,4,2,2,2,2,2,2,1,0,1,0,1,1,0,0,0,0,0,0,[1]
34580,0,2,2,3,0,0,6,0,7,0,2,2,0,2,1,4,0,3,2,3,2,1,1,0,[1]
9005,0,2,3,2,1,2,1,1,1,1,2,1,0,0,0,0,1,1,0,0,0,0,0,0,[1]
22310,0,2,1,2,0,4,4,4,4,4,4,1,0,0,1,0,1,1,0,0,0,0,0,0,[1]
20813,0,1,3,2,0,4,2,2,2,2,1,1,0,0,1,0,1,1,0,0,0,0,0,0,[1]
33537,3,2,0,0,0,1,4,3,7,9,8,5,3,0,2,3,2,3,1,3,0,1,1,0,[1]
30791,0,1,2,2,0,0,6,6,9,1,5,5,4,2,3,2,3,1,3,1,2,0,0,0,[1]
15721,1,1,1,1,1,3,1,1,0,0,0,1,0,0,1,0,1,1,0,0,0,0,0,0,[1]
30032,0,1,4,3,1,3,8,9,4,1,10,4,4,1,3,2,2,2,2,0,2,2,0,0,[1]
21865,0,2,2,2,0,3,4,2,2,0,0,1,0,0,1,0,1,1,0,0,0,0,0,0,[1]
30246,1,1,5,2,2,3,1,4,2,0,1,0,3,0,3,4,0,4,1,3,0,3,2,0,[1]
4921,0,2,2,2,0,3,4,2,2,2,4,1,0,0,1,0,1,1,0,0,0,0,0,0,[1]
12144,0,1,2,1,0,3,4,4,4,4,2,1,0,0,1,0,1,1,0,0,0,0,0,0,[1]
34792,2,1,1,0,0,0,6,1,2,2,3,0,3,1,5,0,3,4,2,0,1,0,0,0,[1]
17190,0,2,1,2,0,4,4,4,4,4,2,1,0,0,1,0,1,1,0,0,0,0,0,0,[1]
33173,1,1,4,1,2,0,3,6,4,7,10,3,1,2,3,0,2,4,3,0,1,1,2,0,[1]
27203,1,1,3,3,1,3,0,1,2,2,2,0,0,0,1,0,1,1,0,0,0,0,0,0,[1]
21911,0,2,1,2,0,2,2,4,2,1,1,1,0,0,1,0,1,1,0,0,0,0,0,0,[1]
286,1,1,1,2,0,4,2,2,2,2,2,1,0,0,1,0,1,1,0,0,0,0,0,0,[1]
25915,1,2,1,2,0,4,2,2,2,2,2,2,0,0,1,0,1,1,0,0,0,0,0,0,[1]
30598,4,2,4,3,2,5,3,10,6,3,6,3,3,2,3,3,0,2,0,1,2,2,1,0,[1]
25363,0,2,2,2,0,4,4,4,4,2,2,1,0,0,1,0,1,1,0,0,0,0,0,0,[1]
10821,0,1,2,2,0,3,0,0,0,0,0,1,0,0,1,0,1,1,0,0,0,0,0,0,[1]
16656,1,1,1,2,0,3,0,0,1,1,1,1,0,0,1,0,1,1,0,0,0,0,0,0,[1]
13108,1,2,2,1,0,1,1,1,2,2,2,1,0,0,1,0,1,1,0,0,0,0,0,0,[1]
31482,1,2,3,1,1,0,0,5,9,2,1,4,1,1,4,3,0,2,2,3,2,0,3,0,[1]
34124,2,2,6,3,2,2,5,10,10,2,5,1,0,0,2,3,0,3,0,2,0,2,1,0,[1]
3245,0,1,2,2,0,4,2,2,2,4,4,1,0,0,1,0,1,1,0,0,0,0,0,0,[1]
23089,1,2,2,1,0,4,2,2,2,2,2,1,0,0,1,0,1,1,0,0,0,0,0,0,[1]
27044,1,1,2,2,0,2,1,1,1,1,1,1,0,0,1,0,1,1,0,0,0,0,0,0,[1]
7174,0,1,2,1,0,4,4,4,4,4,4,1,0,0,1,0,1,1,0,0,0,0,0,0,[1]
4330,0,1,2,2,0,3,6,5,4,4,6,1,0,0,1,0,1,1,0,0,0,0,0,0,[1]
27849,0,2,3,2,0,4,2,2,2,2,2,1,0,0,1,0,1,1,0,0,0,0,0,0,[1]
23936,0,1,3,2,0,4,2,2,2,2,2,1,0,0,1,0,1,1,0,0,0,0,0,0,[1]
8063,1,1,3,2,1,4,1,2,2,2,2,1,0,0,1,0,1,1,0,0,0,0,0,0,[1]
4137,0,1,2,2,0,2,2,1,1,1,2,1,0,0,1,0,1,1,0,0,0,0,0,0,[1]
10329,0,2,2,1,0,4,2,2,2,2,2,1,0,0,1,0,1,1,0,0,0,0,0,0,[1]
33767,0,1,4,1,2,9,2,3,1,3,6,1,2,0,1,2,1,4,3,1,2,1,4,0,[1]
32471,3,1,0,3,2,5,10,3,7,7,7,3,2,1,1,1,0,3,3,2,2,1,1,0,[1]
30547,4,1,6,1,2,4,10,9,9,1,8,4,2,2,3,3,1,4,1,1,0,0,0,0,[1]
19656,0,2,1,2,0,1,4,4,1,2,2,1,0,0,1,0,1,1,0,0,0,0,0,0,[1]
17736,0,2,3,1,1,3,4,2,2,2,4,1,0,0,1,0,1,1,0,0,0,0,0,0,[1]
793,1,2,3,1,1,3,0,0,0,0,0,0,0,0,0,0,1,1,0,0,0,0,0,0,[1]
19343,1,2,1,1,0,4,2,2,4,2,2,1,0,0,1,0,1,1,0,0,0,0,0,0,[1]
33893,3,1,6,0,1,7,2,5,7,10,9,4,4,1,0,0,1,3,0,0,0,3,4,0,[1]
13848,1,2,2,1,1,4,4,0,0,0,0,1,0,0,1,0,1,1,0,0,0,0,0,0,[1]
28290,0,2,2,1,0,1,1,2,1,1,1,1,0,0,1,0,1,1,0,0,0,0,0,0,[1]
15581,0,1,2,1,1,1,2,2,2,2,2,1,0,0,1,0,1,1,0,0,0,0,0,0,[1]
22060,0,2,3,2,0,4,4,4,4,4,4,1,0,0,1,0,1,1,0,0,0,0,0,0,[1]
7857,1,2,1,2,0,3,0,0,0,0,0,0,0,0,0,0,0,1,0,0,0,0,0,0,[1]
21597,0,2,1,2,0,3,1,2,1,1,2,1,0,0,1,0,1,1,0,0,0,0,0,0,[1]
30011,4,2,0,1,2,1,0,10,9,1,6,5,0,2,3,4,1,3,0,1,1,3,4,0,[1]
32654,3,1,3,1,0,8,5,4,8,10,2,3,3,2,3,1,0,2,2,1,0,2,2,0,[1]
20508,0,1,1,2,0,2,2,2,2,2,0,1,0,0,1,0,1,1,0,0,0,0,0,0,[1]
30377,4,1,6,2,1,0,4,1,10,9,3,5,3,2,5,3,1,3,3,1,1,2,0,0,[1]
9825,2,1,4,1,1,1,1,1,1,1,4,1,0,0,0,0,1,1,0,0,0,0,0,0,[1]
34759,2,1,0,1,0,8,2,1,0,6,1,3,2,0,5,0,1,1,1,0,0,3,0,0,[1]
33078,2,2,0,0,1,10,1,6,9,5,8,3,4,2,0,4,2,4,2,2,2,1,0,0,[1]
23707,1,2,2,1,2,2,2,4,2,2,2,1,0,0,1,0,1,1,0,0,0,0,0,0,[1]
22459,0,2,2,1,0,4,4,4,4,4,4,1,0,0,1,0,1,1,0,0,0,0,0,0,[1]
5342,0,2,3,1,0,3,4,4,2,2,2,1,0,0,1,0,1,1,0,0,0,0,0,0,[1]
30154,1,1,2,3,1,5,8,7,5,8,7,2,4,1,1,4,1,2,1,1,2,3,2,0,[1]
30141,2,2,1,0,2,10,0,8,9,5,6,0,3,2,2,2,3,4,1,3,1,3,4,0,[1]
34629,2,2,2,3,1,2,9,2,7,4,6,4,1,2,3,2,1,4,0,1,1,3,4,0,[1]
32428,3,1,3,1,2,3,4,3,10,7,1,1,0,0,4,2,3,2,1,2,0,3,2,0,[1]
19647,2,2,2,1,0,3,1,1,1,2,2,1,0,0,1,0,1,1,0,0,0,0,0,0,[1]
9440,0,2,2,1,0,1,4,2,2,2,2,1,0,0,1,0,1,1,0,0,0,0,0,0,[1]
34787,3,1,5,0,1,0,8,8,8,0,7,2,2,1,4,3,1,1,1,3,2,2,4,0,[1]
1541,0,1,3,2,0,3,0,0,0,0,0,1,0,0,1,0,1,1,0,0,0,0,0,0,[1]
21561,0,2,2,1,0,4,2,2,2,2,2,1,0,0,1,0,1,1,0,0,0,0,0,0,[1]
27645,0,2,2,1,0,1,1,2,1,1,1,1,0,0,1,0,1,1,0,0,0,0,0,0,[1]
32400,3,1,5,1,0,0,9,3,7,9,5,4,1,0,4,2,0,3,2,1,0,1,2,0,[1]
32237,3,2,3,0,1,7,1,10,8,7,8,5,2,0,4,4,2,1,0,2,0,0,2,0,[1]
30452,2,1,0,3,2,9,0,0,5,4,6,4,3,1,1,4,3,3,0,3,1,0,2,0,[1]
31352,0,1,5,0,1,3,6,3,7,2,10,1,3,2,0,2,2,3,1,2,0,1,1,0,[1]
33526,3,1,5,2,1,5,4,10,0,8,6,2,0,2,5,0,0,2,0,1,2,0,1,0,[1]
12819,0,2,2,3,1,4,4,4,4,4,2,1,0,0,1,0,1,1,0,0,0,0,0,0,[1]
30269,1,2,6,1,2,2,6,4,2,6,2,2,4,1,1,4,0,3,0,0,1,1,1,0,[1]
9820,0,1,2,2,0,4,4,4,4,4,5,1,0,0,1,0,1,1,0,0,0,0,0,0,[1]
12764,0,2,3,1,0,3,4,2,2,2,4,1,0,0,1,0,1,1,0,0,0,0,0,0,[1]
22367,1,2,1,1,0,2,2,1,1,0,0,1,0,0,1,0,1,1,0,0,0,0,0,0,[1]
32488,3,1,1,1,2,5,7,2,2,10,9,5,2,1,5,4,2,4,1,1,1,0,4,0,[1]
33699,3,2,3,2,1,10,6,8,10,9,1,1,3,2,2,0,2,2,3,2,0,0,0,0,[1]
5828,0,1,2,2,1,4,4,4,2,2,2,1,0,0,1,0,1,1,0,0,0,0,0,0,[1]
20096,1,2,2,2,1,2,2,2,2,2,2,2,1,0,2,1,1,1,0,0,0,0,0,0,[1]
32957,2,2,1,0,1,9,9,5,10,5,8,1,3,2,2,1,3,4,3,0,1,0,1,0,[1]
21630,1,2,2,2,0,3,4,1,1,1,1,1,0,0,1,0,1,1,0,0,0,0,1,0,[1]
27742,0,2,2,2,0,4,4,4,4,4,4,1,0,0,1,0,1,1,0,0,0,0,0,0,[1]
31142,3,1,4,3,0,6,8,2,6,3,1,4,2,1,0,0,3,4,3,0,0,0,2,0,[1]
12921,0,1,2,2,0,4,4,2,2,2,2,1,0,0,1,0,1,1,0,0,0,0,0,0,[1]
32421,4,2,4,0,0,2,5,0,0,6,5,2,4,0,3,2,0,1,2,1,1,1,1,0,[1]
3366,1,2,2,2,0,2,2,4,4,2,2,2,1,0,2,1,1,1,0,0,0,0,0,0,[1]
12652,0,1,3,2,0,2,2,2,2,2,0,1,0,0,1,0,0,1,0,0,0,0,0,0,[1]
22619,2,2,3,2,1,3,1,1,1,1,1,1,0,0,1,0,1,1,0,0,0,0,0,0,[1]
24569,1,1,1,2,0,4,4,1,1,1,1,2,0,0,1,0,1,1,0,0,0,0,0,0,[1]
8036,0,2,2,2,0,0,0,0,0,0,0,0,0,0,0,0,0,1,0,0,0,0,0,0,[1]
5436,0,1,1,1,1,3,0,1,1,1,0,0,0,0,1,0,1,1,0,0,0,0,0,0,[1]
14000,0,2,2,1,1,1,1,1,2,2,4,1,0,0,1,0,1,1,0,0,0,0,0,0,[1]
27682,0,2,1,2,0,2,2,4,4,0,0,1,0,0,1,0,1,1,0,0,0,0,0,0,[1]
11226,1,2,1,2,1,1,1,1,2,2,1,1,0,0,1,0,1,1,0,0,0,0,0,0,[1]
30236,3,2,5,2,1,2,2,3,5,5,5,5,1,1,2,3,3,3,3,1,0,2,0,0,[1]
32904,1,2,2,3,2,0,6,7,5,9,9,2,0,1,0,3,1,1,2,0,2,2,2,0,[1]
15677,0,1,1,2,0,3,4,4,2,2,2,1,0,0,1,0,1,1,0,0,0,0,0,0,[1]
34994,2,2,5,1,1,2,1,4,10,3,2,4,0,2,3,2,3,4,2,3,1,0,3,0,[1]
8723,0,2,2,1,0,4,4,4,4,2,2,1,0,0,1,0,1,1,0,0,0,0,0,0,[1]
21387,0,1,1,1,1,3,4,2,2,2,2,1,0,0,1,0,1,1,0,0,0,0,0,0,[1]
23306,0,2,3,2,1,5,5,4,2,2,2,1,0,0,1,0,1,1,0,0,0,0,0,0,[1]
30443,4,1,3,3,1,10,10,1,9,6,9,3,4,2,1,3,1,4,1,0,2,0,3,0,[1]
6746,0,1,1,2,0,2,2,2,2,2,0,1,0,0,1,0,1,1,0,0,0,0,0,0,[1]
21708,1,2,2,2,0,3,5,4,4,4,4,1,0,0,1,0,1,1,0,0,0,0,0,0,[1]
33227,2,2,0,2,0,1,8,0,5,3,4,3,0,0,5,0,2,4,2,3,0,3,0,0,[1]
7206,2,2,1,1,1,1,2,2,4,1,1,1,0,0,1,0,1,1,0,0,0,0,0,0,[1]
31481,4,2,3,3,1,7,0,7,5,5,6,0,0,2,2,1,3,2,2,3,2,1,2,0,[1]
4913,0,1,1,1,0,3,4,1,2,2,2,1,0,0,1,0,1,1,0,0,0,0,0,0,[1]
670,0,2,2,2,0,4,1,4,4,4,4,1,0,0,1,0,1,1,0,0,0,0,0,0,[1]
34160,1,2,5,2,2,9,4,6,3,0,1,2,1,1,3,2,0,2,2,0,1,0,1,0,[1]
33421,1,2,3,2,1,10,6,8,8,7,8,1,3,1,0,1,3,3,1,0,2,3,3,0,[1]
1455,0,1,2,1,0,2,2,2,2,2,4,1,0,0,1,0,1,1,0,0,0,0,0,0,[1]
27650,0,2,3,1,1,4,2,2,4,4,4,1,0,0,1,0,1,1,0,0,0,0,0,0,[1]
483,0,1,3,1,1,3,4,4,4,4,4,1,0,0,1,0,1,1,0,0,0,0,0,0,[1]
33747,3,2,0,2,2,1,6,9,9,10,10,2,3,0,3,1,2,1,1,1,2,3,2,0,[1]
24354,0,1,2,1,0,2,2,2,4,4,4,1,0,0,1,0,1,1,0,0,0,0,0,0,[1]
7798,0,1,2,1,0,2,2,2,2,2,4,1,0,0,1,0,1,1,0,0,0,0,0,0,[1]
30179,1,2,2,0,2,7,2,4,5,0,6,0,1,1,5,1,2,4,0,1,0,3,1,0,[1]
9396,0,2,1,2,0,3,5,4,4,4,4,1,0,0,1,0,1,1,0,0,0,0,0,0,[1]
30901,4,1,2,3,1,3,3,8,1,9,2,3,1,1,5,4,3,4,1,0,2,0,3,0,[1]
25200,0,2,2,2,0,4,2,2,2,2,2,1,0,0,1,0,1,1,0,0,0,0,0,0,[1]
14819,1,1,2,2,0,2,2,4,2,2,2,2,1,0,2,1,1,1,0,0,0,0,0,0,[1]
34081,4,1,2,2,1,10,6,7,5,1,7,3,0,1,5,0,3,4,3,2,0,3,3,0,[1]
10525,0,1,2,2,0,3,4,1,2,1,1,1,0,0,1,0,1,1,0,0,0,0,0,0,[1]
6591,0,2,2,1,1,4,2,2,2,1,2,1,0,0,0,0,1,1,0,0,0,0,0,0,[1]
24211,2,1,1,2,0,0,0,0,0,0,0,1,0,0,1,0,1,1,0,0,0,0,0,0,[1]
14551,0,2,2,2,0,4,4,2,2,2,4,1,0,0,1,0,1,1,0,0,0,0,0,0,[1]
4084,0,2,1,2,0,3,4,2,2,4,4,1,0,0,1,0,1,1,0,0,0,0,0,0,[1]
32176,1,2,1,0,2,3,2,7,1,0,9,4,0,2,0,2,3,2,2,2,0,0,4,0,[1]
14905,0,2,6,3,1,2,2,2,2,2,2,1,0,0,1,0,1,1,0,0,0,0,0,0,[1]
34576,3,2,1,3,1,10,1,9,2,4,0,4,2,1,1,1,2,2,0,1,0,0,2,0,[1]
6604,0,2,3,3,0,2,2,4,4,1,1,1,0,0,1,0,1,1,0,0,0,0,0,0,[1]
14587,0,1,3,3,1,4,2,2,2,2,2,1,0,0,1,0,1,1,0,0,0,0,0,0,[1]
26879,0,1,2,2,0,3,4,4,4,4,4,1,0,0,1,0,1,1,0,0,0,0,0,0,[1]
159,0,1,3,1,1,5,4,2,2,2,2,1,0,0,1,0,1,1,0,0,0,0,0,0,[1]
28176,0,2,2,1,0,4,2,2,2,2,2,1,0,0,1,0,1,1,0,0,0,0,0,0,[1]
34849,1,1,3,3,0,2,6,1,10,5,5,3,4,1,2,1,1,4,0,0,0,2,3,0,[1]
4468,1,2,3,1,0,2,2,2,2,2,2,2,1,0,2,1,2,1,0,0,0,0,0,0,[1]
5886,0,1,2,2,0,3,4,4,4,4,2,1,0,0,1,0,1,1,0,0,0,0,0,0,[1]
5628,0,2,2,1,0,4,2,2,2,2,2,1,0,0,1,0,1,1,0,0,0,0,0,0,[1]
34630,3,1,3,0,2,3,9,1,9,5,3,5,0,1,1,4,2,3,1,3,1,2,0,0,[1]
33086,1,1,2,0,1,2,6,6,3,8,3,4,1,2,5,0,1,1,1,2,2,0,1,0,[1]
1409,2,1,1,2,0,0,0,0,0,0,0,1,0,0,1,0,1,1,0,0,0,0,0,0,[1]
33776,0,1,6,0,1,3,5,0,6,1,0,5,2,1,0,1,3,2,1,0,0,0,3,0,[1]
24420,2,1,2,1,0,1,1,1,1,2,1,1,0,0,1,0,1,1,0,0,0,0,0,0,[1]
4582,0,2,2,2,0,1,5,4,2,2,4,1,0,0,1,0,1,1,0,0,0,0,0,0,[1]
9230,0,1,2,2,0,3,0,0,0,0,0,1,0,0,1,0,1,1,0,0,0,0,0,0,[1]
34344,4,1,2,0,2,5,3,4,7,7,2,0,4,2,3,0,0,3,1,1,0,1,2,0,[1]
26650,0,1,2,2,0,4,2,2,2,2,2,1,0,0,1,0,1,1,0,0,0,0,0,0,[1]
9418,1,1,1,2,0,3,4,4,1,2,2,1,0,0,1,0,1,1,0,0,0,0,0,0,[1]
15056,0,1,3,2,1,3,5,4,2,2,2,1,0,0,1,0,1,1,0,0,0,0,0,0,[1]
2539,0,1,1,1,1,1,1,1,1,0,0,1,0,0,1,0,1,1,0,0,0,0,0,0,[1]
31506,4,2,5,0,2,3,7,7,10,10,7,1,2,1,4,0,1,3,2,2,0,3,0,0,[1]
30463,0,2,6,3,2,2,8,0,3,5,7,3,2,2,1,4,3,1,3,3,1,2,0,0,[1]
19704,0,2,2,1,0,2,2,2,2,0,0,1,0,0,1,0,1,1,0,0,0,0,0,0,[1]
15856,0,2,2,2,0,2,2,4,4,4,2,1,0,0,1,0,1,1,0,0,0,0,0,0,[1]
11049,0,2,3,1,0,4,4,4,4,4,4,1,0,0,1,0,1,1,0,0,0,0,0,0,[1]
33623,3,1,4,2,1,9,8,4,9,9,5,0,0,0,0,3,2,2,3,1,0,2,4,0,[1]
32616,1,1,3,2,1,10,1,4,9,2,9,4,0,1,2,2,0,4,3,1,0,1,3,0,[1]
31386,3,2,1,0,0,2,1,5,4,2,9,0,3,0,0,0,1,4,2,0,1,1,4,0,[1]
32160,0,1,6,0,1,0,9,1,6,1,5,5,1,2,2,4,2,4,2,1,1,1,1,0,[1]
28305,1,2,3,1,1,3,0,0,0,0,0,1,0,0,1,0,1,1,0,0,0,0,0,0,[1]
11408,1,1,1,2,1,3,5,6,5,4,2,1,0,0,1,0,1,1,0,0,0,0,0,0,[1]
29085,1,2,1,1,1,3,0,0,0,1,1,1,0,0,1,0,1,1,0,0,0,0,0,0,[1]
15897,1,2,2,2,0,3,4,1,1,1,1,1,0,0,1,0,1,1,0,0,0,0,0,0,[1]
6444,0,2,2,2,1,2,2,2,2,2,1,1,0,0,1,0,1,1,0,0,0,0,0,0,[1]
15406,0,2,3,1,1,4,4,4,4,2,2,1,0,0,1,0,1,1,0,0,0,0,0,0,[1]
6531,0,1,2,2,0,1,4,1,1,0,1,1,0,0,1,0,1,1,0,0,0,0,0,0,[1]
21284,0,1,3,1,1,2,2,2,2,4,4,1,0,0,1,0,1,1,0,0,0,0,0,0,[1]
34202,3,1,2,0,0,6,4,8,6,2,4,3,2,0,5,0,1,1,2,0,1,2,3,0,[1]
30120,0,1,5,1,2,10,10,0,5,6,8,3,0,1,1,0,3,3,2,1,2,1,0,0,[1]
2420,0,2,1,2,0,1,5,4,2,1,4,1,0,0,1,0,1,1,0,0,0,0,0,0,[1]
16939,1,1,3,2,2,2,2,2,2,2,2,2,1,0,2,0,1,1,0,0,0,0,0,0,[1]
33202,0,1,2,0,0,1,0,3,4,9,3,3,2,1,5,1,3,3,0,2,0,1,4,0,[1]
34384,0,2,1,1,0,7,3,9,3,3,8,3,3,1,0,3,0,3,2,1,2,1,4,0,[1]
2085,1,1,1,2,0,3,0,0,0,0,0,1,0,0,1,0,1,1,0,0,0,0,0,0,[1]
20500,2,1,1,2,0,0,0,0,0,0,0,1,0,0,1,0,1,1,0,0,0,0,0,0,[1]
6667,0,1,2,2,0,3,4,4,4,4,4,1,0,0,1,0,1,1,0,0,0,0,0,0,[1]
24934,0,1,1,1,1,1,1,1,1,2,1,1,0,0,1,0,1,1,0,0,0,0,0,0,[1]
24322,1,1,3,1,1,2,2,2,2,2,2,2,1,0,2,0,1,1,0,0,0,0,2,0,[1]
16593,0,1,2,2,0,5,4,4,4,4,1,1,0,0,1,0,1,1,0,0,0,0,0,0,[1]
23676,2,2,1,2,0,2,1,1,1,1,1,1,0,0,1,0,1,1,0,0,0,0,0,0,[1]
34377,1,1,4,1,2,2,10,7,10,4,1,5,4,0,3,0,2,2,0,1,2,3,2,0,[1]
6975,0,2,3,1,0,4,4,4,4,4,4,1,0,0,1,0,1,1,0,0,0,0,0,0,[1]
30858,4,2,4,0,2,5,4,7,3,8,2,2,1,1,3,4,1,4,3,3,2,2,1,0,[1]
30220,0,1,0,1,2,2,1,9,3,5,9,4,0,1,2,1,0,1,1,1,1,2,4,0,[1]
15707,1,1,2,1,0,3,4,1,4,1,1,1,0,0,1,0,1,1,0,0,0,0,0,0,[1]
17112,0,2,2,1,0,2,2,2,2,0,0,1,0,0,1,0,1,1,0,0,0,0,0,0,[1]
28405,2,2,1,2,0,2,2,4,2,2,2,2,1,0,2,2,2,1,0,0,0,0,0,0,[1]
33949,4,2,0,1,2,5,0,7,3,3,5,4,2,1,5,4,0,4,2,3,1,3,1,0,[1]
34473,0,1,3,3,0,8,7,1,2,0,3,5,1,0,5,1,0,4,0,0,0,2,0,0,[1]
33732,4,2,3,0,0,6,0,8,1,4,6,1,4,1,2,2,2,3,3,2,2,0,3,0,[1]
31173,2,2,5,2,1,3,4,0,6,3,7,4,3,0,2,4,2,1,2,0,0,3,4,0,[1]
18215,1,1,3,1,1,2,2,4,4,4,4,1,0,0,1,0,1,1,0,0,0,0,0,0,[1]
10795,1,1,3,2,1,2,2,2,2,2,2,1,1,0,1,0,1,1,0,0,0,0,0,0,[1]
32405,3,1,3,0,2,0,0,2,6,2,10,0,0,0,1,1,0,1,0,0,1,0,4,0,[1]
22687,1,2,2,2,0,1,1,0,0,0,0,1,0,0,1,0,1,1,0,0,0,0,0,0,[1]
11748,0,2,1,1,0,3,4,4,4,4,4,1,0,0,1,0,1,1,0,0,0,0,0,0,[1]
815,1,2,2,1,0,2,2,4,2,2,2,2,1,0,1,0,1,1,0,0,0,0,0,0,[1]
9392,0,1,2,2,0,1,4,1,2,2,1,1,0,0,1,0,1,1,0,0,0,0,0,0,[1]
4340,1,2,1,1,0,4,4,4,4,4,4,2,1,0,2,1,2,1,0,0,0,0,0,0,[1]
12911,0,1,1,1,0,4,1,1,1,1,1,1,0,0,1,0,1,1,0,0,0,0,0,0,[1]
9635,1,1,3,2,0,2,2,2,2,4,2,1,0,0,1,0,1,1,0,0,0,0,0,0,[1]
30201,4,1,5,2,1,8,0,3,4,3,4,4,1,2,1,1,2,1,1,0,0,0,4,0,[1]
19842,1,2,1,1,1,4,4,4,2,2,2,1,0,0,1,0,1,1,0,0,0,0,0,0,[1]
3286,0,2,1,2,1,3,0,1,1,0,1,0,0,0,1,0,1,1,0,0,0,0,0,0,[1]
32573,4,2,2,0,0,10,8,0,4,0,9,0,1,1,4,1,3,2,3,1,1,2,2,0,[1]
34161,2,1,3,1,2,1,10,4,10,1,7,1,1,0,3,3,2,3,1,3,0,3,1,0,[1]
34662,4,1,2,2,0,7,10,1,2,5,10,2,2,1,4,3,1,2,3,0,2,1,0,0,[1]
33239,3,1,1,2,0,10,9,3,3,6,10,1,2,0,0,0,0,4,3,3,1,1,2,0,[1]
13428,0,2,3,2,0,4,4,4,2,2,2,1,0,0,1,0,1,1,0,0,0,0,0,0,[1]
24295,1,1,5,2,0,4,2,2,2,2,2,2,1,0,1,0,1,1,0,0,0,0,0,0,[1]
22330,0,2,3,2,0,4,2,2,2,2,2,1,0,0,1,0,1,1,0,0,0,0,0,0,[1]
32081,2,2,3,3,2,0,4,5,1,6,7,5,1,0,2,2,0,1,0,0,0,2,1,0,[1]
23471,0,2,3,1,0,3,4,4,2,2,2,1,0,0,1,0,1,1,0,0,0,0,0,0,[1]
10974,0,1,2,2,0,4,4,4,4,4,4,1,0,0,1,0,1,1,0,0,0,0,0,0,[1]
9755,0,1,1,1,0,4,2,2,4,4,4,1,0,0,1,0,1,1,0,0,0,0,0,0,[1]
32851,2,2,6,2,2,3,2,3,9,3,4,3,4,1,5,4,2,4,0,3,0,2,1,0,[1]
24168,0,1,1,2,0,4,4,4,4,2,2,1,0,0,1,0,1,1,0,0,0,0,0,0,[1]
12678,0,1,2,1,1,4,2,2,2,2,2,1,0,0,1,0,1,1,0,0,0,0,0,0,[1]
33279,1,1,3,2,0,8,1,5,4,0,2,2,1,1,2,2,3,4,1,3,2,3,1,0,[1]
4329,0,2,2,2,0,3,0,1,1,1,1,1,0,0,1,0,1,1,0,0,0,0,0,0,[1]
34153,1,2,5,2,0,3,7,5,1,1,1,2,0,1,3,3,2,2,3,3,0,1,4,0,[1]
32191,3,2,4,2,1,1,8,10,5,1,5,0,2,1,4,0,1,1,1,1,2,0,0,0,[1]
27371,2,1,1,2,0,0,0,0,0,0,0,1,0,0,1,0,1,1,0,0,0,0,0,0,[1]
1054,1,1,2,1,1,4,4,0,0,0,1,1,0,0,1,0,1,1,0,0,0,0,0,0,[1]
20659,1,1,2,1,0,4,4,4,4,2,2,1,0,0,1,0,1,1,0,0,0,0,0,0,[1]
32598,2,1,5,2,1,3,1,2,8,8,0,4,3,0,2,3,2,2,0,3,1,2,1,0,[1]
24656,1,1,2,1,0,3,4,4,2,2,2,2,1,0,1,0,1,1,0,0,0,0,0,0,[1]
20174,1,2,1,1,0,2,2,1,1,1,1,1,0,0,1,0,1,1,0,0,0,0,0,0,[1]
30374,4,2,6,3,1,10,10,0,6,9,4,1,1,1,4,1,3,4,1,1,0,1,0,0,[1]
12496,0,2,1,2,0,2,1,4,4,4,4,1,0,0,1,0,1,1,0,0,0,0,0,0,[1]
33993,2,1,1,3,1,2,3,10,3,3,10,1,2,0,0,3,1,2,2,3,1,1,1,0,[1]
1988,0,1,2,2,0,4,4,4,4,4,4,1,0,0,1,0,1,1,0,0,0,0,0,0,[1]
4593,0,1,1,2,0,3,4,1,2,1,1,1,0,0,1,0,1,1,0,0,0,0,0,0,[1]
33208,3,1,4,0,2,0,0,2,0,6,4,0,1,1,0,2,3,4,3,2,0,2,4,0,[1]
18686,0,2,3,1,0,3,4,4,2,2,2,1,0,0,1,0,1,1,0,0,0,0,0,0,[1]
34934,3,2,2,2,1,6,0,1,0,2,5,4,0,0,4,3,2,2,1,2,1,2,4,0,[1]
23519,1,2,1,1,0,1,1,1,4,1,1,1,0,0,1,0,1,1,0,0,0,0,0,0,[1]
17004,0,2,2,2,0,4,4,4,5,4,4,1,0,0,1,0,1,1,0,0,0,0,0,0,[1]
34167,1,1,4,3,0,5,9,4,2,4,3,2,2,0,0,3,2,4,3,3,1,3,4,0,[1]
7162,0,2,2,1,0,4,2,2,2,2,2,1,0,0,1,0,1,1,0,0,0,0,0,0,[1]
24796,0,1,3,1,1,2,2,2,2,4,4,1,0,0,1,0,1,1,0,0,0,0,0,0,[1]
3190,0,2,5,2,0,2,2,4,2,2,2,1,0,0,1,0,0,1,0,0,0,0,0,0,[1]
31919,1,1,0,2,1,2,3,6,0,2,3,1,0,1,5,3,2,3,3,1,1,3,0,0,[1]
10124,0,1,2,1,0,4,4,4,4,4,4,1,0,0,1,0,1,1,0,0,0,0,0,0,[1]
10170,1,2,1,2,0,3,0,0,0,0,0,1,0,0,0,0,1,1,0,0,0,0,0,0,[1]
21702,0,2,2,2,0,4,2,2,2,2,2,1,0,0,1,0,1,1,0,0,0,0,0,0,[1]
21132,2,1,1,2,0,0,0,0,0,0,0,1,0,0,1,0,1,1,0,0,0,0,0,0,[1]
28186,0,2,1,1,0,1,2,1,1,1,1,1,0,0,1,0,1,1,0,0,0,0,0,0,[1]
15185,0,2,1,2,0,4,4,4,4,4,4,1,0,0,1,0,1,1,0,0,0,0,0,0,[1]
1966,0,1,2,1,0,3,3,3,2,2,2,1,0,0,1,0,1,1,0,0,0,0,0,0,[1]
30184,4,2,6,3,1,3,4,7,0,7,5,0,3,1,5,2,2,1,0,2,0,1,4,0,[1]
33214,2,2,3,3,2,8,1,0,0,4,4,3,0,1,0,2,1,3,0,2,1,0,1,0,[1]
18958,1,2,1,1,0,2,2,2,2,1,2,1,0,0,1,0,1,1,0,0,0,0,0,0,[1]
33688,0,2,4,2,2,3,6,9,6,6,4,5,4,1,5,3,1,4,1,2,1,3,3,0,[1]
22642,0,2,3,1,0,3,0,0,0,0,1,1,0,0,1,0,1,1,0,0,0,0,0,0,[1]
3394,0,1,1,2,0,1,1,4,1,1,4,1,0,0,1,0,1,1,0,0,0,0,0,0,[1]
761,0,2,2,2,0,1,1,0,1,1,0,1,0,0,1,0,1,1,0,0,0,0,0,0,[1]
1637,0,2,3,2,1,4,4,4,4,2,2,1,0,0,1,0,1,1,0,0,0,0,0,0,[1]
1132,1,1,1,1,1,5,5,6,6,6,6,2,1,0,2,1,1,1,0,0,0,0,0,0,[1]
2090,1,2,1,1,1,1,1,4,2,1,4,1,0,0,1,0,1,1,0,0,0,0,0,0,[1]
14880,0,1,3,1,0,3,4,4,4,4,4,1,0,0,1,0,1,1,0,0,0,0,0,0,[1]
26098,0,2,2,2,0,4,4,4,4,4,4,1,0,0,1,0,1,1,0,0,0,0,0,0,[1]
10044,1,2,1,1,1,3,0,0,0,0,0,0,0,0,0,0,0,1,0,0,0,0,0,0,[1]
34008,1,2,3,0,2,9,2,10,8,9,4,1,2,0,0,3,2,3,1,1,2,2,1,0,[1]
6881,1,2,1,1,0,0,0,0,1,4,1,1,0,0,1,0,1,1,0,0,0,0,0,0,[1]
4172,2,1,3,2,1,2,2,2,2,2,2,2,1,0,2,0,1,1,0,0,0,0,0,0,[1]
27829,1,2,2,2,0,4,2,1,2,1,1,1,0,0,1,0,1,1,0,0,0,0,0,0,[1]
34995,1,2,6,1,1,3,7,8,2,9,9,5,4,2,2,1,2,4,0,2,2,2,3,0,[1]
6273,1,1,1,1,0,2,2,2,2,2,4,1,0,0,1,0,1,1,0,0,0,0,0,0,[1]
25008,0,1,3,1,1,3,7,6,7,6,5,1,0,0,1,0,1,1,0,0,0,0,0,0,[1]
31898,3,2,5,1,0,9,8,3,5,7,6,0,2,1,5,4,1,4,0,3,1,3,0,0,[1]
18799,0,2,1,2,0,3,0,1,4,1,1,1,0,0,1,0,1,1,0,0,0,0,0,0,[1]
7077,0,1,1,1,1,2,2,2,2,2,0,1,0,0,1,0,1,1,0,0,0,0,0,0,[1]
16236,0,2,2,1,1,4,4,4,2,2,2,1,0,0,1,0,1,1,0,0,0,0,0,0,[1]
32151,1,1,1,2,1,10,9,7,4,7,0,5,1,0,4,4,2,4,3,2,0,0,2,0,[1]
34080,0,1,2,0,2,4,4,0,8,7,10,2,0,2,0,3,3,4,2,2,2,3,1,0,[1]
5134,0,1,3,2,1,4,2,2,2,2,2,1,0,0,1,0,1,1,0,0,0,0,0,0,[1]
15016,0,1,1,2,1,3,4,4,4,2,2,1,0,0,1,0,1,1,0,0,0,0,0,0,[1]
28766,0,2,3,0,1,4,4,5,4,1,1,1,0,0,1,0,1,1,0,0,0,0,0,0,[1]
102,2,1,1,1,2,2,2,2,4,4,2,3,2,0,3,2,2,1,0,0,0,0,0,0,[1]
15382,3,2,2,1,0,3,4,2,2,2,2,3,2,0,3,2,2,1,0,0,0,0,0,0,[1]
32434,3,2,0,1,0,4,1,3,5,1,7,2,3,1,5,2,2,1,0,3,2,0,0,0,[1]
33249,2,1,4,3,0,2,5,5,5,0,6,0,3,1,2,1,2,2,3,1,2,3,1,0,[1]
10449,1,2,3,1,1,3,0,0,0,0,0,1,0,0,1,0,1,1,0,0,0,0,0,0,[1]
28334,1,2,1,2,0,1,1,1,1,1,8,1,0,0,1,0,1,1,0,0,0,0,0,0,[1]
30021,0,1,5,3,2,3,6,10,1,3,2,0,1,2,3,0,1,4,1,0,0,2,1,0,[1]
25125,0,1,1,1,1,1,4,1,1,1,1,1,0,0,1,0,1,1,0,0,0,0,0,0,[1]
20279,1,2,4,1,1,2,1,1,4,4,0,1,0,0,1,0,0,1,0,0,0,0,0,0,[1]
33335,0,1,5,0,1,6,0,4,9,3,4,4,1,2,1,2,0,4,0,0,0,0,3,0,[1]
31773,2,2,2,3,0,8,6,9,10,9,3,4,4,2,1,4,1,1,3,3,0,0,1,0,[1]
32859,3,2,2,3,1,0,3,5,0,0,10,0,2,2,2,4,2,4,2,3,1,3,4,0,[1]
32300,4,2,5,1,1,1,3,7,7,3,2,4,2,2,4,4,3,1,1,0,0,1,3,0,[1]
14799,0,2,1,1,1,2,2,2,2,2,0,1,0,0,1,0,1,1,0,0,0,0,0,0,[1]
30487,1,1,5,2,1,5,2,3,0,4,4,4,1,1,4,2,2,2,1,2,0,2,2,0,[1]
3317,1,1,1,3,0,1,1,1,1,1,1,1,0,0,1,0,0,1,0,0,0,0,0,0,[1]
30503,1,2,1,3,1,0,2,2,8,10,0,0,2,2,4,2,2,3,2,2,0,1,1,0,[1]
15357,1,2,1,2,0,4,2,2,2,2,2,1,0,0,1,0,1,1,0,0,0,0,0,0,[1]
33425,2,1,5,3,1,7,7,6,10,8,0,0,2,1,1,4,0,3,1,1,0,3,0,0,[1]
31927,0,1,3,3,1,0,2,5,7,3,8,1,2,2,2,3,1,3,0,1,0,2,1,0,[1]
23672,0,2,2,3,1,1,1,1,4,2,2,1,0,0,1,0,1,1,0,0,0,0,0,0,[1]
15614,0,2,1,2,0,4,4,4,4,2,2,1,0,0,1,0,1,1,0,0,0,0,0,0,[1]
33160,4,1,0,0,2,10,4,0,10,4,0,4,0,0,0,3,2,1,3,2,1,3,3,0,[1]
33113,1,1,4,3,1,2,7,2,9,1,3,4,4,1,3,4,0,3,3,2,2,3,4,0,[1]
11874,0,1,3,2,0,4,4,4,2,2,2,1,0,0,1,0,1,1,0,0,0,0,0,0,[1]
1759,0,1,2,2,0,3,0,0,0,0,0,1,0,0,1,0,1,1,0,0,0,0,0,0,[1]
8431,1,1,2,1,1,1,1,1,1,2,1,1,0,0,1,0,1,1,0,0,0,0,0,0,[1]
33772,4,2,4,0,2,9,5,6,5,9,1,1,2,0,2,0,1,1,0,3,2,3,0,0,[1]
26347,1,2,2,2,0,4,4,4,4,2,2,2,1,0,2,1,1,1,0,0,0,0,0,0,[1]
30442,2,1,1,1,2,10,5,4,9,10,10,0,0,1,2,4,3,2,0,3,0,0,4,0,[1]
24877,0,1,1,2,0,2,2,2,2,4,2,1,0,0,1,0,1,1,0,0,0,0,0,0,[1]
23851,1,2,3,1,1,1,4,1,4,1,1,1,0,0,1,0,1,1,0,0,0,0,0,0,[1]
33730,1,1,4,3,0,6,3,5,8,9,10,2,1,1,1,3,0,1,0,2,2,3,2,0,[1]
13745,1,1,1,2,0,3,0,0,0,0,0,1,0,0,1,0,1,1,0,0,0,0,0,0,[1]
20867,0,1,2,1,0,3,4,4,4,4,2,1,0,0,1,0,1,1,0,0,0,0,0,0,[1]
24729,0,1,3,1,1,2,2,2,2,0,0,1,0,0,1,0,1,1,0,0,0,0,0,0,[1]
33848,3,1,6,1,0,2,2,8,9,2,8,2,1,0,4,1,3,1,2,2,2,2,0,0,[1]
25989,1,2,3,1,0,2,2,2,0,1,2,1,0,0,1,0,1,1,0,0,0,0,0,0,[1]
26372,0,2,3,1,0,1,4,4,4,4,2,1,0,0,1,0,1,1,0,0,0,0,0,0,[1]
21771,1,2,2,2,0,4,4,0,0,0,0,1,0,0,0,0,1,1,0,0,0,0,0,0,[1]
33125,1,1,0,3,0,3,0,9,10,0,2,1,0,0,4,3,2,4,1,3,1,3,1,0,[1]
32031,2,2,4,1,2,0,7,9,10,9,7,5,3,1,3,2,1,3,0,0,1,0,3,0,[1]
30306,4,1,0,3,0,8,5,6,6,1,0,1,3,1,3,4,3,2,3,3,1,1,4,0,[1]
24423,0,1,2,1,0,4,2,2,2,2,2,1,0,0,1,0,1,1,0,0,0,0,0,0,[1]
13338,1,2,2,2,0,3,4,2,2,1,1,1,0,0,1,0,1,1,0,0,0,0,0,0,[1]
33823,2,2,2,0,2,6,2,1,3,0,10,5,3,2,0,0,2,4,2,2,1,1,4,0,[1]
1662,0,2,1,2,0,0,0,4,4,0,0,1,0,0,0,0,0,1,0,0,0,0,0,0,[1]
15214,1,2,1,2,0,3,0,0,1,1,2,1,0,0,1,0,1,1,0,0,0,0,0,0,[1]
5985,0,1,3,1,1,4,4,4,4,4,4,1,0,0,1,0,1,1,0,0,0,0,0,0,[1]
27443,0,1,1,2,0,1,4,1,1,2,1,1,0,0,1,0,1,1,0,0,0,0,0,0,[1]
17338,0,2,1,1,0,2,2,1,4,1,1,1,0,0,1,0,1,1,0,0,0,0,0,0,[1]
541,0,2,1,2,0,3,0,0,0,0,1,1,0,0,1,0,1,1,0,0,0,0,0,0,[1]
292,0,1,2,1,1,5,4,4,4,4,4,1,0,0,1,0,1,1,0,0,0,0,0,0,[1]
24501,0,1,2,2,0,1,4,1,1,1,1,1,0,0,1,0,1,1,0,0,0,0,0,0,[1]
26840,0,1,1,2,0,4,1,1,1,1,1,1,0,0,1,0,1,1,0,0,0,0,0,0,[1]
9680,1,2,2,2,0,4,2,2,2,2,2,2,1,0,2,0,1,1,0,0,0,0,0,0,[1]
27166,0,1,3,2,1,3,4,2,2,2,2,1,0,0,1,0,1,1,0,0,0,0,0,0,[1]
12254,0,1,1,2,0,1,1,4,1,1,2,1,0,0,1,0,1,1,0,0,0,0,0,0,[1]
31180,2,2,3,0,0,2,7,3,9,7,6,0,3,1,1,1,0,1,3,3,0,2,4,0,[1]
31716,3,2,4,2,2,9,2,8,8,1,2,2,2,1,0,1,3,1,1,3,1,2,1,0,[1]
5977,0,2,3,2,0,4,2,2,2,2,2,1,0,0,1,0,1,1,0,0,0,0,0,0,[1]
33898,0,1,0,3,0,10,3,1,9,4,3,1,3,1,3,1,0,3,2,0,1,2,2,0,[1]
25622,0,2,2,2,0,1,4,4,1,1,2,1,0,0,1,0,1,1,0,0,0,0,0,0,[1]
34309,3,1,1,2,1,10,1,10,9,8,3,4,3,0,1,3,1,3,2,1,2,0,2,0,[1]
21379,0,1,1,1,1,1,1,1,1,2,2,1,0,0,1,0,1,1,0,0,0,0,0,0,[1]
12447,0,2,2,2,0,4,2,2,2,2,2,1,0,0,1,0,1,1,0,0,0,0,0,0,[1]
34864,0,1,3,3,0,10,1,10,10,7,3,1,0,2,4,4,2,2,1,0,2,1,0,0,[1]
27215,1,1,1,1,0,1,1,1,2,1,1,1,0,0,1,0,1,1,0,0,0,0,0,0,[1]
34503,2,1,6,1,2,9,8,9,6,5,3,3,4,2,2,2,0,3,3,0,2,2,4,0,[1]
32192,2,2,0,1,1,3,0,1,2,4,10,2,0,2,5,1,1,4,3,1,0,0,1,0,[1]
31072,1,2,5,2,0,1,6,0,7,8,6,2,3,1,3,1,2,2,0,0,1,0,3,0,[1]
32735,3,2,0,0,0,8,7,7,6,8,3,5,2,0,2,4,1,4,2,1,1,0,3,0,[1]
9233,0,1,3,2,0,4,4,4,4,4,2,1,0,0,1,0,1,1,0,0,0,0,0,0,[1]
21724,0,2,3,2,0,4,5,4,2,2,2,1,0,0,1,0,1,1,0,0,0,0,0,0,[1]
24476,0,1,1,2,0,1,1,1,2,2,2,1,0,0,1,0,1,1,0,0,0,0,0,0,[1]
6888,0,1,2,2,0,2,1,4,1,1,0,1,0,0,1,0,0,1,0,0,0,0,0,0,[1]
28611,0,2,3,2,1,4,4,2,2,2,2,1,0,0,1,0,1,1,0,0,0,0,0,0,[1]
8119,0,1,1,1,0,1,1,1,2,2,0,1,0,0,1,0,1,1,0,0,0,0,0,0,[1]
2321,0,2,2,1,0,1,5,4,2,1,5,1,0,0,1,0,1,1,0,0,0,0,0,0,[1]
271,0,1,1,1,0,1,4,1,2,2,2,1,0,0,1,0,1,1,0,0,0,0,0,0,[1]
33296,0,1,3,1,1,8,3,10,0,3,10,3,2,2,5,1,0,1,1,0,0,1,2,0,[1]
33286,4,1,4,2,0,4,10,4,10,6,4,1,2,2,5,0,2,1,1,1,2,0,0,0,[1]
11901,0,1,1,2,0,3,0,0,1,2,1,1,0,0,1,0,1,1,0,0,0,0,0,0,[1]
15685,1,1,1,2,0,3,0,0,0,0,0,1,0,0,1,0,1,1,0,0,0,0,0,0,[1]
23146,1,2,3,2,1,1,1,1,1,2,2,1,0,0,1,0,1,1,0,0,0,0,0,0,[1]
22063,0,2,1,2,0,2,2,2,5,5,4,1,0,0,1,0,1,1,0,0,0,0,0,0,[1]
34647,0,1,3,2,0,6,6,3,5,3,5,5,2,1,1,3,1,2,0,2,0,0,1,0,[1]
12010,0,2,2,2,0,4,4,4,4,4,4,1,0,0,1,0,1,1,0,0,0,0,0,0,[1]
32052,2,1,2,3,2,2,0,10,9,4,4,4,2,1,2,2,1,4,3,1,0,2,3,0,[1]
12387,0,1,3,1,1,2,2,4,4,4,4,1,0,0,1,0,1,1,0,0,0,0,0,0,[1]
9294,0,2,2,2,0,3,4,4,1,2,2,1,0,0,1,0,1,1,0,0,0,0,0,0,[1]
22042,0,2,1,2,0,3,0,0,0,0,1,1,0,0,1,0,1,1,0,0,0,0,0,0,[1]
17395,0,2,2,1,0,4,4,4,4,4,4,1,0,0,1,0,1,1,0,0,0,0,0,0,[1]
3018,0,1,1,1,0,4,2,2,4,4,4,1,0,0,1,0,1,1,0,0,0,0,0,0,[1]
15466,1,1,1,2,0,4,2,2,2,2,2,1,0,0,1,0,1,1,0,0,0,0,0,0,[1]
10817,0,2,2,2,0,4,4,4,4,1,2,1,0,0,1,0,1,1,0,0,0,0,0,0,[1]
30402,4,2,1,1,2,10,2,0,8,4,4,5,3,0,0,1,2,3,1,0,0,0,1,0,[1]
25123,2,1,5,1,1,2,2,2,2,2,2,3,2,0,3,0,1,1,0,0,0,0,0,0,[1]
2573,0,2,1,2,0,1,1,1,0,1,1,1,0,0,0,0,1,1,0,0,0,0,0,0,[1]
30189,3,1,3,1,0,7,9,0,5,1,2,3,1,2,3,1,0,2,2,0,1,3,0,0,[1]
9427,0,1,1,2,0,2,2,2,2,2,0,1,0,0,1,0,1,1,0,0,0,0,0,0,[1]
31682,0,1,3,2,1,10,6,0,8,8,2,3,1,2,5,3,1,1,1,2,0,2,3,0,[1]
27214,0,1,2,1,0,4,4,4,4,4,4,1,0,0,1,0,1,1,0,0,0,0,0,0,[1]
15752,0,2,2,2,0,5,4,4,4,1,1,1,0,0,1,0,1,1,0,0,0,0,0,0,[1]
31463,1,1,1,1,1,5,7,9,3,9,1,5,4,1,2,4,3,1,3,3,1,0,1,0,[1]
30828,4,1,0,1,2,0,4,3,2,10,2,2,3,0,4,3,0,3,2,0,2,3,1,0,[1]
2087,0,2,2,1,0,2,2,1,1,1,1,1,0,0,1,0,1,1,0,0,0,0,0,0,[1]
7233,0,1,1,2,0,2,2,2,2,4,2,1,0,0,1,0,1,1,0,0,0,0,0,0,[1]
34814,1,1,6,0,2,8,6,6,6,3,7,1,2,1,5,0,1,3,3,0,2,3,2,0,[1]
32749,2,2,6,1,2,5,4,3,2,0,3,4,3,1,0,1,3,4,0,0,0,2,3,0,[1]
33342,4,1,5,3,1,6,8,5,7,8,2,3,2,2,0,4,0,1,3,2,1,3,3,0,[1]
30915,4,2,1,3,2,6,0,8,8,4,8,4,4,1,0,3,3,4,2,0,2,2,0,0,[1]
21229,1,1,1,1,0,3,0,1,1,2,2,1,0,0,1,0,1,1,0,0,0,0,0,0,[1]
24852,0,1,2,1,0,2,2,4,2,2,4,1,0,0,1,0,1,1,0,0,0,0,0,0,[1]
15305,0,2,2,1,0,2,2,2,2,0,0,1,0,0,1,0,1,1,0,0,0,0,0,0,[1]
32364,4,1,4,2,0,8,0,6,4,10,0,3,2,2,3,2,1,1,1,0,2,3,3,0,[1]
2714,0,1,2,2,0,4,4,4,4,4,4,1,0,0,1,0,1,1,0,0,0,0,0,0,[1]
32831,1,1,6,1,1,3,7,3,4,4,0,0,1,1,3,2,3,1,0,0,0,0,1,0,[1]
343,0,1,1,1,0,2,2,1,2,2,1,2,1,0,1,0,1,1,0,0,0,1,0,0,[1]
30587,2,2,1,3,0,9,9,0,2,7,9,3,2,1,4,2,1,1,3,3,0,0,3,0,[1]
13676,0,2,1,2,0,4,2,2,2,2,2,1,0,0,1,0,1,1,0,0,0,0,0,0,[1]
15652,1,2,2,2,1,2,2,2,2,2,2,2,1,0,2,1,1,1,0,0,0,0,0,0,[1]
31348,1,2,1,1,0,3,0,6,5,7,5,3,2,1,0,4,3,2,3,2,2,3,2,0,[1]
25433,0,2,3,2,0,5,4,4,7,7,6,1,0,0,1,0,1,1,0,0,0,0,0,0,[1]
19961,0,2,2,1,0,2,2,2,2,2,5,1,0,0,1,0,1,1,0,0,0,0,0,0,[1]
1987,0,2,1,2,0,3,5,4,2,2,2,1,0,0,1,0,1,1,0,0,0,0,0,0,[1]
19325,1,2,2,1,0,1,1,1,2,2,2,1,0,0,1,0,1,1,0,0,0,0,0,0,[1]
25176,0,2,2,2,0,4,4,4,4,2,2,1,0,0,1,0,1,1,0,0,0,0,0,0,[1]
15665,0,2,3,1,1,2,2,2,2,0,1,1,0,0,1,0,1,1,0,0,0,0,0,0,[1]
30406,1,2,0,0,2,2,6,3,9,2,1,5,2,0,5,1,2,1,0,3,2,3,3,0,[1]
19088,0,2,2,2,0,1,4,2,2,2,4,1,0,0,1,0,1,1,0,0,0,0,0,0,[1]
16301,0,2,3,3,0,2,2,2,0,0,1,1,0,0,1,0,1,1,0,0,0,0,0,0,[1]
34170,2,2,3,1,1,4,4,9,6,0,2,4,4,0,2,4,1,3,2,1,1,1,3,0,[1]
33889,4,2,6,3,2,4,5,7,3,7,10,1,3,1,4,1,0,1,3,1,2,3,3,0,[1]
32519,4,2,2,2,1,6,9,5,2,5,10,0,1,1,3,3,0,1,1,1,2,2,4,0,[1]
17500,0,2,2,2,1,1,1,4,1,1,1,1,0,0,1,0,1,1,0,0,0,0,0,0,[1]
29246,0,1,2,2,0,3,0,0,0,0,0,1,0,0,1,0,1,1,0,0,0,0,0,0,[1]
31572,4,1,6,1,1,5,8,1,3,0,4,3,2,1,5,0,3,3,0,0,1,1,0,0,[1]
17278,0,2,2,1,0,4,4,4,4,4,4,1,0,0,1,0,1,1,0,0,0,0,0,0,[1]
33190,3,2,0,2,2,6,9,1,3,2,4,0,1,1,0,3,3,1,1,3,1,2,3,0,[1]
1401,0,1,2,1,0,4,4,2,2,2,2,1,0,0,1,0,1,1,0,0,0,0,0,0,[1]
6038,0,2,2,2,0,4,4,4,4,2,2,1,0,0,1,0,1,1,0,0,0,0,0,0,[1]
32570,4,2,6,3,0,4,6,2,4,0,5,0,0,1,2,1,1,4,1,2,0,3,1,0,[1]
11261,0,2,2,2,0,4,2,2,2,2,2,1,0,0,1,0,1,1,0,0,0,0,0,0,[1]
13695,0,2,2,1,0,2,2,4,5,5,4,1,0,0,1,0,1,1,0,0,0,0,0,0,[1]
15824,0,2,2,2,0,3,4,4,4,4,0,1,0,0,1,0,1,1,0,0,0,0,0,0,[1]
30756,2,1,2,0,0,7,0,4,4,2,10,0,4,0,5,4,1,2,2,2,2,0,0,0,[1]
31920,3,1,6,0,2,0,2,7,6,3,2,3,1,2,1,2,1,4,2,0,1,3,2,0,[1]
31777,1,1,5,1,1,6,4,3,7,5,1,4,0,2,1,1,3,4,1,3,0,2,1,0,[1]
16768,0,1,2,2,0,5,4,4,4,4,1,1,0,0,1,0,1,1,0,0,0,0,0,0,[1]
34372,1,2,2,0,0,5,9,4,4,4,8,2,3,0,4,4,0,4,0,2,0,0,0,0,[1]
6289,0,2,2,1,0,4,4,2,2,2,2,1,0,0,1,0,1,1,0,0,0,0,0,0,[1]
6835,0,2,1,1,0,1,5,4,1,1,1,1,0,0,1,0,0,1,0,0,0,0,0,0,[1]
7524,1,2,2,1,0,0,0,1,2,2,0,1,0,0,1,0,1,1,0,0,0,0,0,0,[1]
31183,1,2,2,0,0,1,1,0,3,8,5,1,1,0,3,3,0,1,3,3,0,2,1,0,[1]
17717,0,2,2,1,1,2,2,4,2,2,2,1,0,0,1,0,1,1,0,0,0,0,0,0,[1]
17789,0,1,2,2,0,1,4,1,1,1,1,1,0,0,1,0,1,1,0,0,0,0,0,0,[1]
13182,1,1,1,2,0,1,1,2,2,1,1,1,0,0,1,0,0,1,0,0,0,0,0,0,[1]
34497,3,1,5,1,1,10,8,5,7,4,6,1,1,2,4,0,2,2,3,0,1,1,0,0,[1]
11921,0,1,1,2,0,1,4,1,1,1,0,1,0,0,1,0,1,1,0,0,0,0,0,0,[1]
20627,1,1,1,2,0,1,4,1,1,1,1,1,0,0,1,0,1,1,0,0,0,0,0,0,[1]
13562,1,2,1,2,1,2,2,2,0,0,0,2,0,0,1,0,1,1,0,0,0,0,0,0,[1]
13937,0,2,3,2,0,4,2,2,2,2,2,1,0,0,1,0,1,1,0,0,0,0,0,0,[1]
33067,0,1,6,1,0,3,6,7,8,3,6,4,3,2,1,4,2,4,1,0,2,0,1,0,[1]
10324,1,1,3,1,0,2,2,2,2,2,1,1,1,0,1,0,1,1,0,0,0,0,0,0,[1]
8910,0,2,1,2,0,5,4,4,2,2,2,1,0,0,1,0,1,1,0,0,0,0,0,0,[1]
6647,0,1,2,1,1,3,4,4,4,4,4,1,0,0,1,0,1,1,0,0,0,0,0,0,[1]
33998,0,1,6,0,2,0,3,10,6,0,5,2,4,2,1,0,1,1,2,0,2,1,4,0,[1]
13061,0,1,2,2,0,2,2,2,1,1,4,1,0,0,1,0,1,1,0,0,0,0,0,0,[1]
11600,0,1,3,2,0,1,1,1,2,2,1,1,0,0,1,0,1,1,0,0,0,0,0,0,[1]
31508,3,2,4,2,0,4,4,8,2,3,5,0,2,1,1,2,3,4,0,3,1,0,4,0,[1]
14169,1,1,1,1,1,1,4,4,0,0,0,1,0,0,1,0,1,1,0,0,0,0,0,0,[1]
10530,0,2,2,1,0,1,1,1,0,0,0,1,0,0,1,0,1,1,0,0,0,0,0,0,[1]
31904,4,1,4,3,2,10,6,9,9,2,1,1,2,2,5,0,2,1,3,3,1,2,2,0,[1]
33759,2,1,1,1,1,0,10,9,0,7,5,1,2,0,3,0,2,1,2,1,2,0,4,0,[1]
12257,1,2,2,1,0,0,0,0,0,0,0,0,0,0,0,0,0,1,0,0,0,0,0,0,[1]
19722,0,2,1,1,0,1,2,2,2,2,2,1,0,0,1,0,1,1,0,0,0,0,0,0,[1]
24919,0,1,1,2,1,1,4,1,1,1,1,1,0,0,1,0,1,1,0,0,0,0,0,0,[1]
25580,0,2,1,2,0,4,2,2,2,2,4,1,0,0,1,0,1,1,0,0,0,0,0,0,[1]
29665,0,1,2,1,0,4,4,4,4,4,4,1,0,0,1,0,1,1,0,0,0,0,0,0,[1]
1300,0,1,3,2,0,5,4,2,2,2,2,1,0,0,1,0,1,1,0,0,0,0,0,0,[1]
13398,0,1,3,2,1,2,2,2,2,2,2,1,0,0,1,0,0,1,0,0,0,0,0,0,[1]
12200,0,2,2,1,1,2,2,0,0,0,0,1,0,0,1,0,1,1,0,0,0,0,0,0,[1]
30632,2,2,6,3,0,8,5,4,8,8,4,1,1,0,5,3,3,3,2,3,1,3,3,0,[1]
16600,0,1,2,1,0,4,2,2,4,4,4,1,0,0,1,0,1,1,0,0,0,0,0,0,[1]
34137,2,1,3,0,1,2,3,4,3,0,9,4,2,1,5,4,3,4,1,1,1,1,0,0,[1]
33891,0,1,6,3,0,10,10,9,9,2,1,1,1,2,3,3,2,3,1,2,2,2,0,0,[1]
18003,0,1,2,2,0,3,4,10,9,9,8,1,0,0,1,0,1,1,0,0,0,0,0,0,[1]
32733,1,1,6,3,0,9,1,10,1,3,0,3,2,0,1,0,0,3,0,2,0,1,2,0,[1]
18098,0,1,3,1,1,2,2,4,4,4,4,1,0,0,1,0,1,1,0,0,0,0,0,0,[1]
11527,0,2,2,2,0,4,2,2,4,2,2,1,0,0,1,0,1,1,0,0,0,0,0,0,[1]
32955,4,2,4,2,0,2,1,9,1,4,8,4,2,1,1,3,3,2,3,2,0,2,0,0,[1]
1050,0,1,2,2,0,4,4,5,5,4,1,1,0,0,1,0,1,1,0,0,0,0,0,0,[1]
33220,4,2,4,1,1,2,9,4,0,6,2,2,2,0,2,1,1,1,2,0,2,0,2,0,[1]
31124,2,1,2,2,1,7,9,8,4,6,1,5,1,1,0,0,3,1,1,3,1,3,1,0,[1]
17295,1,2,1,1,0,0,0,0,0,1,2,0,0,0,1,1,1,1,0,0,1,0,0,0,[1]
34714,0,1,1,3,2,4,6,9,9,3,1,5,3,0,2,3,1,1,1,2,2,0,0,0,[1]
33070,2,1,4,0,2,1,9,1,7,7,7,3,0,0,1,3,0,4,0,1,2,0,2,0,[1]
24927,1,1,1,2,0,3,0,0,0,0,0,1,0,0,1,0,1,1,0,0,0,0,0,0,[1]
24808,0,1,2,2,0,2,2,4,2,2,4,1,0,0,1,0,1,1,0,0,0,0,0,0,[1]
13100,0,2,2,1,0,3,4,4,4,4,5,1,0,0,1,0,1,1,0,0,0,0,0,0,[1]
24376,1,1,5,2,1,4,4,4,2,2,2,1,0,0,1,0,1,1,0,0,0,0,0,0,[1]
34294,1,1,3,2,0,5,7,3,2,10,4,5,2,2,4,1,1,3,3,3,0,3,3,0,[1]
23448,0,2,6,2,1,2,2,2,2,2,2,1,0,0,1,0,1,1,0,0,0,0,0,0,[1]
33918,3,1,0,2,0,9,4,10,8,3,2,0,1,0,0,3,3,1,1,3,1,3,1,0,[1]
12263,0,1,2,1,1,4,2,2,2,2,2,1,0,0,1,0,1,1,0,0,0,0,0,0,[1]
33912,1,1,6,2,0,7,0,7,2,3,2,3,3,0,5,4,3,2,3,3,2,0,4,0,[1]
31887,0,2,1,1,0,1,2,0,3,8,8,5,0,2,4,3,1,4,0,1,0,0,4,0,[1]
4910,0,2,1,2,0,4,1,1,2,1,1,1,0,0,1,0,1,1,0,0,0,0,0,0,[1]
34333,4,1,6,3,2,1,4,10,10,0,2,4,4,0,4,0,0,2,3,1,0,0,4,0,[1]
33620,3,1,4,3,0,6,7,8,10,2,0,3,4,0,4,0,2,1,1,1,2,0,0,0,[1]
1368,0,2,2,2,0,4,4,4,4,2,2,1,0,0,1,0,1,1,0,0,0,0,0,0,[1]
20112,1,2,2,2,1,2,2,2,2,2,2,2,1,0,2,1,1,1,0,0,0,0,0,0,[1]
2711,1,2,1,1,0,1,4,4,0,0,0,1,0,0,1,0,1,1,0,0,0,0,0,0,[1]
30929,0,1,5,3,2,0,8,7,6,10,1,0,4,1,4,2,0,2,2,0,1,2,1,0,[1]
14717,0,1,1,2,0,4,2,2,4,2,2,1,0,0,1,0,1,1,0,0,0,0,0,0,[1]
7149,1,1,1,2,0,1,4,1,1,1,1,1,0,0,1,0,1,1,0,0,0,0,0,0,[1]
16020,1,2,2,2,0,3,0,0,0,0,0,0,0,0,0,0,0,1,0,0,0,0,0,0,[1]
34096,1,1,6,2,2,7,10,3,4,1,1,0,2,0,3,0,0,1,2,2,1,3,3,0,[1]
24933,0,1,2,1,1,4,4,4,2,2,2,1,0,0,1,0,1,1,0,0,0,0,0,0,[1]
14929,0,1,2,2,0,3,0,0,0,0,0,1,0,0,1,0,1,1,0,0,0,0,0,0,[1]
31651,2,2,1,0,2,9,8,8,3,4,6,2,4,2,0,2,3,4,1,1,2,0,2,0,[1]
7083,2,2,2,1,0,0,0,0,1,1,2,1,0,0,1,0,1,1,0,0,0,0,0,0,[1]
31026,0,2,2,2,1,4,6,4,0,2,5,2,2,0,0,1,1,1,1,3,2,2,1,0,[1]
23194,2,2,3,2,1,0,0,0,0,0,0,1,0,0,1,0,1,1,0,0,0,0,0,0,[1]
33216,0,1,1,1,1,6,0,8,7,7,3,2,1,2,3,0,3,3,0,3,1,2,2,0,[1]
27657,0,2,2,2,0,4,2,2,2,2,2,1,0,0,1,0,1,1,0,0,0,0,0,0,[1]
28104,0,2,2,2,0,3,4,2,2,1,2,1,0,0,1,0,1,1,0,0,0,0,0,0,[1]
29231,1,1,2,2,0,3,0,1,1,1,2,1,0,0,1,0,1,1,0,0,0,0,0,0,[1]
33387,2,2,3,0,0,4,9,1,0,4,6,0,1,2,5,2,2,3,1,3,0,3,4,0,[1]
27809,0,2,3,2,0,4,4,4,2,2,2,1,0,0,1,0,1,1,0,0,0,0,0,0,[1]
23338,1,2,2,2,0,3,4,4,4,4,4,1,0,0,1,0,1,1,0,0,0,0,0,0,[1]
9507,1,2,1,2,0,1,4,4,1,4,1,1,0,0,1,0,1,1,0,0,0,0,0,0,[1]
6895,1,1,1,2,0,3,4,1,1,1,0,1,0,0,1,0,0,1,0,0,0,0,0,0,[1]
7955,0,2,3,0,0,4,2,1,1,0,0,1,0,0,1,0,1,1,0,0,0,0,0,0,[1]
4474,0,1,3,1,0,4,4,4,4,4,4,1,0,0,1,0,1,1,0,0,0,0,0,0,[1]
7377,0,1,1,2,0,4,4,2,2,4,4,1,0,0,1,0,1,1,0,0,0,0,0,0,[1]
4745,0,1,2,2,0,3,4,4,4,4,4,1,0,0,1,0,1,1,0,0,0,0,0,0,[1]
3882,1,1,1,1,0,1,1,1,1,2,2,1,0,0,1,0,1,1,0,0,0,0,0,0,[1]
33236,4,2,0,1,2,6,8,8,6,4,2,0,0,0,3,2,3,1,0,3,2,2,0,0,[1]
34689,2,1,5,1,2,9,2,0,0,0,2,5,1,0,3,0,0,1,0,0,1,2,0,0,[1]
34092,3,2,1,2,2,8,0,9,6,0,6,0,4,0,5,4,1,2,1,0,2,1,0,0,[1]
19246,0,2,2,1,0,4,4,4,4,2,2,1,0,0,1,0,1,1,0,0,0,0,0,0,[1]
33386,4,1,0,2,1,1,1,2,5,5,4,2,0,1,4,3,1,3,2,1,1,1,2,0,[1]
12952,0,2,2,1,0,4,5,4,4,4,2,1,0,0,1,0,1,1,0,0,0,0,0,0,[1]
11977,1,2,2,2,0,4,4,4,4,4,2,2,1,0,2,0,1,1,0,0,0,0,0,0,[1]
28894,1,2,2,1,1,2,2,4,2,2,2,1,0,0,1,0,1,1,0,0,0,0,0,0,[1]
17710,0,2,1,1,1,4,2,2,2,2,2,1,0,0,1,0,1,1,0,0,0,0,0,0,[1]
7659,0,2,1,1,0,4,2,2,2,2,2,1,0,0,1,0,1,1,0,0,0,0,0,0,[1]
12400,0,1,1,2,0,1,1,4,2,2,0,1,0,0,1,0,0,1,0,0,0,0,0,0,[1]
28350,2,2,3,2,0,3,0,1,2,2,2,3,0,0,1,0,1,1,0,0,0,0,0,0,[1]
34840,2,1,4,3,0,10,4,1,7,5,2,5,3,0,4,1,0,1,3,1,1,1,4,0,[1]
8024,1,1,1,2,0,1,4,1,1,1,1,1,0,0,1,0,1,1,0,0,0,0,0,0,[1]
34736,3,1,5,1,1,2,7,2,10,1,6,5,2,2,0,0,3,2,0,0,0,1,3,0,[1]
16131,1,2,2,1,1,3,0,0,0,0,0,0,0,0,0,0,0,1,0,0,0,0,0,0,[1]
5124,0,2,1,1,1,3,1,1,2,1,1,0,0,0,1,0,1,1,0,0,0,0,0,0,[1]
16274,1,2,1,2,0,1,4,1,4,1,1,1,0,0,1,0,1,1,0,0,0,0,0,0,[1]
30651,3,2,1,0,0,5,2,9,0,0,8,4,2,1,5,4,0,4,0,1,1,1,4,0,[1]
29064,1,2,2,1,1,4,2,2,2,4,2,1,0,0,1,0,1,1,0,0,0,0,0,0,[1]
32144,3,2,0,0,1,8,5,6,10,2,7,3,4,1,2,3,1,1,1,2,0,1,3,0,[1]
26358,0,2,3,1,0,4,2,2,2,4,2,1,0,0,1,0,1,1,0,0,0,0,0,0,[1]
7667,0,1,1,2,0,3,4,1,2,2,2,1,0,0,1,0,1,1,0,0,0,0,0,0,[1]
5188,0,1,1,2,0,4,4,4,4,4,4,1,0,0,1,0,1,1,0,0,0,0,0,0,[1]
22438,0,2,3,2,0,4,4,4,4,4,1,1,0,0,1,0,1,1,0,0,0,0,0,0,[1]
31780,2,2,0,0,1,2,4,5,2,6,1,1,3,2,5,1,2,1,3,3,0,1,3,0,[1]
8494,0,2,3,1,2,4,2,2,2,4,2,1,0,0,1,0,1,1,0,0,0,0,0,0,[1]
3615,1,1,3,1,0,2,2,2,2,2,2,3,1,0,1,0,1,1,0,0,0,0,0,0,[1]
4246,0,1,3,1,0,2,2,4,2,2,4,1,0,0,1,0,1,1,0,0,0,0,0,0,[1]
12857,0,2,2,1,1,4,1,1,1,1,1,1,0,0,1,0,1,1,0,0,0,0,0,0,[1]
13775,1,2,3,1,1,1,4,1,2,1,1,1,0,0,1,0,1,1,0,0,0,0,0,0,[1]
33578,0,1,3,0,1,4,4,3,3,4,5,3,2,2,3,1,3,2,0,3,2,2,4,0,[1]
20330,1,2,2,1,1,1,1,4,4,0,0,1,0,0,1,0,1,1,0,0,0,0,0,0,[1]
31646,4,1,6,0,0,8,0,1,8,4,9,3,1,0,3,0,0,2,3,3,2,1,0,0,[1]
31161,4,2,4,0,1,8,3,5,5,10,5,5,1,2,0,0,3,2,2,0,2,2,1,0,[1]
11760,0,1,1,1,0,3,0,0,0,0,0,0,0,0,0,0,0,1,0,0,0,0,0,0,[1]
32079,1,1,3,0,1,1,9,10,4,3,6,1,4,0,5,1,0,4,2,3,1,1,1,0,[1]
32925,3,1,4,0,0,1,5,5,7,4,1,4,4,1,2,0,3,4,1,0,2,3,4,0,[1]
21516,0,2,2,2,0,4,4,4,4,4,4,1,0,0,1,0,1,1,0,0,0,0,0,0,[1]
30595,3,2,4,0,0,5,10,10,4,2,7,4,0,2,0,1,0,2,0,1,1,0,4,0,[1]
33948,3,2,3,0,0,7,7,3,5,1,8,4,4,1,1,1,2,1,0,3,2,3,4,0,[1]
30512,2,1,4,2,1,5,9,9,9,9,2,0,0,1,1,2,0,2,1,2,1,3,0,0,[1]
34376,3,1,0,3,1,9,8,2,9,2,0,5,3,0,3,1,3,1,0,0,2,0,2,0,[1]
34316,4,2,1,3,1,10,6,1,0,6,2,5,3,1,3,4,2,4,0,0,2,3,3,0,[1]
6048,2,1,2,2,0,3,4,2,2,2,2,1,0,0,1,0,1,1,0,0,0,0,0,0,[1]
29768,0,1,2,2,0,2,2,2,1,1,2,1,0,0,1,0,1,1,0,0,0,0,0,0,[1]
131,1,1,1,2,1,3,1,1,2,2,1,1,0,0,1,0,1,1,0,0,0,0,0,0,[1]
25005,1,1,1,1,1,1,4,1,1,4,2,1,0,0,1,0,1,1,0,0,0,0,0,0,[1]
2416,1,2,2,2,0,1,1,2,2,1,1,1,0,0,1,0,1,1,0,0,0,0,0,0,[1]
7725,1,1,2,1,1,3,4,2,2,2,2,1,0,0,1,0,1,1,0,0,0,0,0,0,[1]
8735,0,1,1,2,0,3,4,4,2,2,2,1,0,0,1,0,1,1,0,0,0,0,0,0,[1]
32048,0,1,1,2,1,2,2,4,3,4,0,1,1,1,2,3,2,3,1,3,0,1,4,0,[1]
7870,1,1,1,2,0,1,1,0,0,0,0,1,0,0,0,0,0,1,0,0,0,0,0,0,[1]
30358,1,1,5,2,0,2,3,1,10,5,3,1,2,0,0,1,3,3,2,3,0,1,4,0,[1]
9530,0,2,1,1,0,1,1,0,1,1,2,1,0,0,1,0,1,1,0,0,0,0,0,0,[1]
34899,2,2,3,0,2,0,6,0,6,8,4,0,3,1,2,3,0,4,0,2,1,3,3,0,[1]
17549,0,2,2,2,0,3,4,2,2,0,0,1,0,0,1,0,1,1,0,0,0,0,0,0,[1]
30678,1,1,0,3,0,2,4,7,8,2,9,5,3,2,3,4,3,1,1,3,0,3,1,0,[1]
14303,0,1,2,1,0,2,2,2,5,4,2,1,0,0,1,0,1,1,0,0,0,0,0,0,[1]
32169,0,2,6,1,2,10,1,4,3,4,6,4,2,0,1,4,1,1,2,3,2,0,2,0,[1]
20269,0,2,2,1,1,2,2,4,2,2,2,1,0,0,1,0,1,1,0,0,0,0,0,0,[1]
34832,1,2,1,0,1,9,9,9,6,5,0,1,4,0,2,2,1,4,3,3,0,2,1,0,[1]
836,0,2,2,2,0,4,4,4,4,4,4,1,0,0,1,0,1,1,0,0,0,0,0,0,[1]
8507,0,2,2,2,1,6,6,5,5,4,4,1,0,0,1,0,1,1,0,0,0,0,0,0,[1]
19357,0,2,3,1,1,4,1,1,1,2,1,1,0,0,1,0,1,1,0,0,0,0,0,0,[1]
32666,4,1,4,3,0,0,6,2,7,9,10,5,0,1,4,2,2,4,1,1,1,3,3,0,[1]
9463,0,1,2,2,0,3,0,0,0,0,0,1,0,0,1,0,1,1,0,0,0,0,0,0,[1]
13615,0,2,1,1,1,3,1,1,0,1,1,0,0,0,1,0,1,1,0,0,0,0,0,0,[1]
33381,0,1,4,0,0,10,1,4,2,5,6,1,0,2,2,1,3,3,2,1,1,2,3,0,[1]
34622,3,2,3,0,1,3,1,2,3,4,10,1,1,0,2,0,2,2,1,3,0,3,4,0,[1]
31286,3,1,0,3,0,1,1,9,3,10,5,0,4,1,3,0,0,3,1,1,1,3,3,0,[1]
34778,4,1,6,3,2,1,5,6,0,4,2,3,0,1,0,4,1,1,0,2,1,1,1,0,[1]
18810,0,2,1,2,0,1,4,1,1,1,1,1,0,0,1,0,1,1,0,0,0,0,0,0,[1]
2275,0,2,2,2,1,1,4,1,1,1,1,1,0,0,1,0,1,1,0,0,0,0,0,0,[1]
17055,0,2,3,1,0,4,4,4,4,4,4,1,0,0,1,0,1,1,0,0,0,0,0,0,[1]
27693,0,2,1,2,0,1,4,1,1,1,1,1,0,0,1,0,1,1,0,0,0,0,0,0,[1]
10235,0,1,3,1,2,2,2,2,2,2,0,1,0,0,1,0,0,1,0,0,0,0,0,0,[1]
26322,1,2,1,2,0,2,2,2,2,2,4,2,1,0,2,1,2,1,0,0,0,0,0,0,[1]
31090,3,2,6,1,0,10,8,2,3,1,7,1,1,1,3,2,2,2,3,2,0,0,3,0,[1]
9079,0,1,2,2,0,3,7,6,10,9,8,1,0,0,1,0,1,1,0,0,0,0,0,0,[1]
30450,2,1,5,3,0,2,6,9,2,8,5,3,0,1,3,1,1,1,2,2,0,1,0,0,[1]
4739,1,2,2,2,0,3,0,0,0,0,0,1,0,0,1,0,1,1,0,0,0,0,0,0,[1]
9616,0,1,3,1,1,4,1,1,1,0,1,1,0,0,0,0,1,1,0,0,0,0,0,0,[1]
31647,4,2,6,0,1,2,3,5,0,6,9,5,4,2,0,4,2,2,3,0,0,0,2,0,[1]
32000,3,1,5,0,1,6,3,1,4,5,4,3,3,1,1,4,2,2,0,3,2,0,3,0,[1]
17791,0,1,2,2,0,1,2,2,1,2,2,1,0,0,1,0,1,1,0,0,0,0,0,0,[1]
4974,0,2,2,2,0,4,2,2,2,2,2,1,0,0,1,0,1,1,0,0,0,0,0,0,[1]
13261,0,2,2,1,2,10,9,8,7,6,5,1,0,0,1,0,1,1,0,0,0,0,0,0,[1]
3092,0,1,2,2,0,2,2,2,4,4,2,1,0,0,1,0,1,1,0,0,0,0,0,0,[1]
25950,2,2,3,1,0,0,0,0,0,1,2,1,0,0,1,0,1,1,0,0,0,0,0,0,[1]
10770,0,2,3,2,0,4,2,2,4,2,2,1,0,0,1,0,1,1,0,0,0,0,0,0,[1]
16708,0,1,2,1,1,1,2,2,2,2,2,1,0,0,1,0,1,1,0,0,0,0,0,0,[1]
34029,2,2,3,3,0,9,6,2,3,7,2,3,2,2,0,4,1,3,1,0,1,2,4,0,[1]
14821,0,2,2,2,0,2,2,4,1,1,1,1,0,0,1,0,0,1,0,0,0,0,0,0,[1]
26061,1,2,1,2,0,0,0,0,0,0,0,1,0,0,1,1,1,1,0,0,1,0,0,0,[1]
34984,1,1,2,3,1,5,6,3,8,9,9,0,3,0,5,4,0,1,2,1,0,3,4,0,[1]
19012,0,2,1,1,0,1,1,1,1,1,2,1,0,0,1,0,1,1,0,0,0,0,0,0,[1]
14987,1,2,2,2,1,2,2,2,2,2,2,2,1,0,2,1,1,1,0,0,0,0,0,0,[1]
17884,0,1,2,2,0,4,2,2,2,2,2,1,0,0,1,0,1,1,0,0,0,0,0,0,[1]
23054,1,2,1,2,0,1,4,2,2,2,2,1,0,0,1,0,1,1,0,0,0,0,0,0,[1]
33091,0,1,6,0,2,6,6,10,5,2,0,5,4,1,1,2,0,1,2,2,1,0,1,0,[1]
7881,0,2,1,1,1,3,1,1,0,0,0,1,0,0,1,0,1,1,0,0,0,0,0,0,[1]
3986,2,1,1,1,0,2,2,2,2,1,1,1,0,0,1,0,1,1,0,0,0,0,2,0,[1]
30833,0,1,1,1,1,3,5,2,6,9,7,2,2,1,1,1,3,3,2,2,0,2,3,0,[1]
34286,4,2,0,2,0,5,6,7,0,3,0,3,3,0,2,0,0,4,1,1,0,0,0,0,[1]
34301,0,2,2,2,0,9,7,4,8,2,9,5,0,2,4,4,0,2,1,3,1,0,1,0,[1]
30839,3,2,3,1,2,8,9,6,2,7,0,0,4,0,0,0,0,1,0,1,2,2,2,0,[1]
26290,0,2,2,1,0,2,2,1,1,1,1,1,0,0,1,0,1,1,0,0,0,0,0,0,[1]
18767,1,2,1,2,0,2,2,2,1,1,0,1,0,0,1,0,1,1,0,0,0,0,0,0,[1]
23272,0,2,2,1,1,3,0,1,1,0,1,1,0,0,1,0,1,1,0,0,0,0,0,0,[1]
12100,0,1,2,1,1,3,4,4,4,4,4,1,0,0,1,0,1,1,0,0,0,0,0,0,[1]
12936,1,2,1,1,0,3,4,4,4,4,4,2,0,0,2,1,1,1,0,0,0,0,0,0,[1]
4314,1,2,1,2,0,3,1,1,1,0,0,1,0,0,1,0,1,1,0,0,0,0,0,0,[1]
33218,2,2,4,0,1,7,4,7,0,7,6,5,2,2,5,3,1,2,3,2,2,0,3,0,[1]
25740,2,2,1,1,1,2,1,1,1,1,1,1,0,0,1,0,1,1,0,0,0,0,0,0,[1]
14805,0,1,2,2,0,4,4,4,4,4,4,1,0,0,1,0,1,1,0,0,0,0,0,0,[1]
3991,0,2,2,2,1,2,2,1,2,2,1,1,0,0,1,0,1,1,0,0,0,0,0,0,[1]
22757,1,2,2,1,0,2,2,2,0,0,0,1,0,0,0,0,1,1,0,0,0,0,0,0,[1]
26519,0,2,1,1,1,1,4,1,4,1,2,1,0,0,1,0,1,1,0,0,0,0,0,0,[1]
24043,1,1,1,2,0,1,1,0,1,1,1,1,0,0,1,0,1,1,0,0,0,0,0,0,[1]
16732,1,1,3,1,1,4,4,4,4,4,4,2,1,0,2,1,1,1,0,0,0,0,0,0,[1]
18816,2,2,2,2,0,2,2,2,2,1,2,1,0,0,0,0,1,1,0,0,0,0,0,0,[1]
5531,0,2,2,2,0,3,0,1,2,2,1,1,0,0,1,0,1,1,0,0,0,0,0,0,[1]
19163,1,2,3,1,0,2,2,4,2,2,2,2,1,0,2,1,1,1,0,0,0,0,0,0,[1]
16883,1,1,1,1,0,3,0,1,1,2,2,1,0,0,1,0,1,1,0,0,0,0,0,0,[1]
22724,0,2,2,1,0,5,4,4,5,5,5,1,0,0,1,0,1,1,0,0,0,0,0,0,[1]
30935,3,1,1,0,1,10,3,8,3,6,6,0,2,1,3,0,0,4,0,1,0,1,1,0,[1]
14655,0,1,3,1,1,3,4,2,1,2,2,1,0,0,1,0,1,1,0,0,0,0,0,0,[1]
23754,1,2,4,1,1,3,0,0,0,0,0,1,0,0,1,0,1,1,0,0,0,0,0,0,[1]
34232,2,1,3,1,1,10,9,4,10,9,6,3,3,0,1,2,3,4,0,1,2,1,2,0,[1]
8521,0,2,1,2,0,4,4,2,2,2,2,1,0,0,1,0,1,1,0,0,0,0,0,0,[1]
32640,2,1,0,3,2,1,5,6,6,7,7,0,3,1,0,3,2,3,0,2,1,0,3,0,[1]
1133,0,2,2,1,0,4,4,4,2,2,4,1,0,0,1,0,1,1,0,0,0,0,0,0,[1]
29756,0,1,3,2,0,3,4,4,2,2,2,1,0,0,1,0,1,1,0,0,0,0,0,0,[1]
31114,4,1,6,2,1,2,1,5,7,8,2,4,3,0,0,4,0,1,3,3,1,0,1,0,[1]
33256,3,2,4,1,1,6,7,4,10,0,0,3,2,0,1,2,2,1,3,1,0,0,0,0,[1]
14352,0,1,2,1,1,4,1,1,1,1,1,1,0,0,0,0,1,1,0,0,0,0,0,0,[1]
10134,0,2,1,1,0,1,2,2,2,2,1,1,0,0,1,0,1,1,0,0,0,0,0,0,[1]
12101,1,1,1,2,0,3,0,0,1,1,1,1,0,0,1,0,1,1,0,0,0,0,0,0,[1]
10892,2,2,2,1,0,3,0,0,0,0,0,1,0,0,1,0,1,1,0,0,0,0,0,0,[1]
16526,0,1,1,2,0,4,4,4,4,4,2,1,0,0,1,0,1,1,0,0,0,0,0,0,[1]
28848,1,2,1,2,0,1,4,4,2,2,2,1,0,0,1,0,1,1,0,0,0,0,0,0,[1]
14039,0,2,2,2,0,1,1,4,2,2,1,1,0,0,1,0,1,1,0,0,0,0,0,0,[1]
3289,1,2,2,1,1,1,4,1,2,1,1,1,0,0,1,0,1,1,0,0,0,0,0,0,[1]
26435,0,2,2,2,1,3,0,1,1,1,1,0,0,0,1,0,1,1,0,0,0,0,0,0,[1]
5199,0,2,3,2,0,3,4,4,2,2,2,1,0,0,1,0,1,1,0,0,0,0,0,0,[1]
15296,2,2,3,1,1,3,1,2,2,2,1,1,0,0,1,0,1,1,0,0,0,0,0,0,[1]
28357,1,2,2,2,0,1,1,4,2,1,1,1,0,0,1,0,1,1,0,0,0,0,0,0,[1]
24499,0,1,3,1,1,9,8,7,6,5,4,1,0,0,1,0,1,1,0,0,0,0,0,0,[1]
9882,0,2,3,1,1,3,0,1,4,2,2,1,0,0,1,0,1,1,0,0,0,0,0,0,[1]
33957,3,1,4,1,2,7,9,4,9,6,1,0,1,0,3,4,0,3,3,3,2,0,2,0,[1]
11410,0,1,2,1,1,1,1,1,1,0,0,1,0,0,1,0,1,1,0,0,0,0,0,0,[1]
23891,0,1,3,2,0,3,4,1,1,2,2,1,0,0,1,0,1,1,0,0,0,0,0,0,[1]
27125,2,1,1,2,0,0,0,0,0,0,0,1,0,0,1,0,1,1,0,0,0,0,0,0,[1]
668,0,2,3,1,0,3,4,4,4,4,4,1,0,0,1,0,1,1,0,0,0,0,0,0,[1]
31782,1,2,2,1,0,4,0,2,6,3,4,1,1,2,5,0,2,1,1,3,0,2,0,0,[1]
30963,3,1,6,1,0,4,9,9,2,9,9,0,4,0,0,1,1,4,2,2,2,2,1,0,[1]
18271,0,1,2,3,1,5,4,2,2,2,4,1,0,0,1,0,1,1,0,0,0,0,0,0,[1]
21247,1,1,1,1,0,2,2,2,4,1,4,1,0,0,1,0,1,1,0,0,0,0,0,0,[1]
6826,0,2,1,1,0,2,2,4,4,2,2,1,0,0,1,0,1,1,0,0,0,0,0,0,[1]
19044,1,2,1,2,0,0,0,0,0,1,1,0,0,0,0,0,1,1,0,0,0,0,1,0,[1]
11285,0,1,3,2,0,4,4,4,2,2,2,1,0,0,1,0,1,1,0,0,0,0,0,0,[1]
34090,4,2,6,3,1,9,7,0,5,3,0,0,3,0,0,1,2,3,1,3,1,0,2,0,[1]
11991,0,1,1,1,1,3,0,0,0,0,0,1,0,0,1,0,1,1,0,0,0,0,0,0,[1]
20031,1,2,2,2,0,4,4,2,2,2,2,2,1,0,2,1,1,1,0,0,0,0,0,0,[1]
4323,2,1,2,2,0,4,4,4,2,2,2,3,2,0,2,0,1,1,0,0,0,0,0,0,[1]
5116,0,1,2,2,0,4,4,4,2,2,2,1,0,0,1,0,1,1,0,0,0,0,0,0,[1]
33955,0,1,1,3,0,4,1,6,10,10,0,2,2,1,5,0,3,4,1,2,0,2,1,0,[1]
33065,4,2,6,2,0,4,2,5,2,1,1,1,1,0,2,4,3,4,3,3,2,3,1,0,[1]
23426,0,2,2,1,0,4,4,4,2,2,2,1,0,0,1,0,1,1,0,0,0,0,0,0,[1]
33502,1,1,2,0,2,1,3,2,10,10,5,5,3,1,3,3,3,1,3,1,0,2,1,0,[1]
32185,0,2,4,3,2,6,8,4,5,8,1,4,3,2,3,3,3,3,2,1,1,2,0,0,[1]
9283,1,2,5,1,1,4,4,4,4,4,4,2,1,0,2,1,1,1,0,0,0,0,0,0,[1]
14830,0,2,2,2,1,2,2,2,2,4,1,1,0,0,1,0,1,1,0,0,0,0,0,0,[1]
2251,0,2,2,1,0,4,4,4,2,2,4,1,0,0,1,0,1,1,0,0,0,0,0,0,[1]
30344,3,1,5,2,1,2,7,1,5,9,3,4,2,0,5,4,0,3,2,3,0,0,4,0,[1]
2963,0,2,3,1,1,4,4,4,4,4,2,1,0,0,1,0,1,1,0,0,0,0,0,0,[1]
10212,0,1,3,1,1,4,4,4,2,2,2,1,0,0,1,0,1,1,0,0,0,0,0,0,[1]
6757,0,1,2,2,0,2,2,2,1,1,4,1,0,0,1,0,1,1,0,0,0,0,0,0,[1]
4522,1,2,2,1,0,4,2,2,2,4,2,1,0,0,1,0,1,1,0,0,0,0,0,0,[1]
32450,3,1,1,2,1,0,8,5,0,1,9,5,2,1,3,1,0,2,1,0,1,0,1,0,[1]
31712,3,2,6,2,1,10,6,7,8,0,3,4,2,2,1,4,0,4,2,2,2,0,1,0,[1]
30581,3,1,2,2,1,1,4,2,4,9,7,3,2,0,3,1,2,1,2,1,1,3,1,0,[1]
30288,4,2,2,3,2,1,7,0,7,4,9,0,1,1,0,0,2,1,2,3,1,2,4,0,[1]
11251,0,1,2,1,1,4,2,2,2,2,2,1,0,0,1,0,1,1,0,0,0,0,0,0,[1]
31392,4,2,5,3,2,3,1,10,9,10,8,5,3,0,1,4,3,2,2,1,0,3,4,0,[1]
31979,1,2,4,0,0,2,10,8,7,1,3,5,1,0,0,4,0,2,3,3,1,1,4,0,[1]
22538,1,2,1,1,0,1,1,1,4,1,1,1,0,0,1,0,1,1,0,0,0,0,0,0,[1]
33105,0,1,0,2,2,2,10,4,9,0,9,1,0,0,0,1,0,2,2,2,1,3,2,0,[1]
30883,0,2,2,1,1,1,6,3,6,3,7,2,3,1,2,2,1,3,3,1,0,2,4,0,[1]
34775,2,2,4,3,0,10,7,10,5,2,3,0,2,1,2,1,3,3,0,3,2,3,1,0,[1]
25486,3,2,1,2,0,0,0,0,0,0,0,0,0,0,0,0,0,1,0,0,0,0,0,0,[1]
10479,1,1,5,2,1,4,2,2,2,2,2,1,1,0,1,0,1,1,0,0,0,0,0,0,[1]
32002,3,1,5,1,1,5,2,4,4,3,1,4,4,2,0,0,1,1,2,1,0,3,4,0,[1]
32161,1,1,6,3,0,9,6,2,2,7,4,3,3,2,0,3,2,4,1,2,2,3,2,0,[1]
9081,0,2,1,1,1,2,2,2,2,2,4,1,0,0,1,0,1,1,0,0,0,0,0,0,[1]
1628,0,2,3,1,0,4,4,4,4,4,4,1,0,0,1,0,1,1,0,0,0,0,0,0,[1]
21215,0,1,1,2,1,2,2,2,2,4,2,1,0,0,1,0,1,1,0,0,0,0,0,0,[1]
2406,1,2,3,1,1,2,2,2,2,2,2,2,1,0,1,0,1,1,0,0,0,0,0,0,[1]
33701,2,2,4,1,1,3,8,6,10,10,8,2,3,0,5,4,0,3,0,3,1,1,2,0,[1]
8389,0,1,2,2,0,3,4,5,4,4,4,1,0,0,1,0,1,1,0,0,0,0,0,0,[1]
18934,0,2,3,1,0,3,4,4,2,2,2,1,0,0,1,0,1,1,0,0,0,0,0,0,[1]
29521,1,1,1,1,1,0,1,1,1,1,1,1,0,0,1,0,1,1,0,0,0,0,0,0,[1]
29120,2,2,2,2,1,1,1,4,1,1,1,1,0,0,1,0,1,1,0,0,0,0,0,0,[1]
15400,1,2,2,1,1,4,4,4,2,2,2,1,0,0,1,0,1,1,0,0,0,0,0,0,[1]
32866,2,2,2,1,1,0,0,1,1,0,2,4,4,2,3,3,3,1,3,1,2,1,3,0,[1]
11714,0,2,1,2,0,3,4,4,2,2,0,1,0,0,1,0,1,1,0,0,0,0,0,0,[1]
10220,0,1,1,3,1,2,1,1,2,2,2,1,0,0,1,0,1,1,0,0,0,0,0,0,[1]
15997,0,2,2,2,0,0,0,1,4,4,2,1,0,0,1,0,1,1,0,0,0,0,0,0,[1]
34962,3,2,2,0,0,0,3,5,7,7,9,0,3,1,3,1,1,4,0,2,0,2,3,0,[1]
33931,4,1,0,3,0,1,9,10,8,2,1,3,1,0,1,2,2,4,2,2,0,2,1,0,[1]
22352,1,2,1,2,0,2,2,2,2,4,2,2,1,0,2,1,1,1,0,0,0,0,0,0,[1]
33408,3,2,3,1,1,4,9,2,0,2,3,5,4,2,0,1,0,4,0,2,0,1,3,0,[1]
11558,0,1,1,2,0,4,4,4,4,4,4,1,0,0,1,0,1,1,0,0,0,0,0,0,[1]
32908,3,2,1,2,1,5,10,1,5,0,1,3,2,1,1,4,0,2,1,3,0,3,3,0,[1]
27381,1,1,3,3,1,1,1,1,1,2,2,1,0,0,1,0,1,1,0,0,0,0,0,0,[1]
33840,1,1,2,1,2,9,10,10,7,3,4,5,4,0,0,3,2,3,1,3,2,2,4,0,[1]
28247,0,2,2,1,0,2,2,0,0,0,0,1,0,0,0,0,1,1,0,0,0,0,0,0,[1]
6060,0,2,1,2,0,1,1,4,1,1,1,1,0,0,1,0,0,1,0,0,0,0,0,0,[1]
30880,0,1,6,3,2,0,5,5,9,5,10,1,2,0,5,1,3,2,0,3,2,0,3,0,[1]
4764,0,1,3,2,0,4,2,2,2,2,2,1,0,0,1,0,1,1,0,0,0,0,0,0,[1]
20634,0,1,2,2,0,2,2,4,1,1,0,1,0,0,1,0,1,1,0,0,0,0,0,0,[1]
16792,0,1,2,2,0,4,2,2,6,5,4,1,0,0,1,0,1,1,0,0,0,0,0,0,[1]
10900,1,1,1,1,0,3,0,0,0,0,0,1,0,0,1,0,1,1,0,0,0,0,0,0,[1]
31198,1,1,2,1,1,3,5,9,5,2,8,1,2,0,1,1,3,4,3,1,1,0,0,0,[1]
10356,0,1,3,1,1,2,2,4,4,5,4,1,0,0,1,0,1,1,0,0,0,0,0,0,[1]
8843,0,2,3,1,0,3,10,9,8,7,6,1,0,0,1,0,1,1,0,0,0,0,0,0,[1]
24363,0,1,1,1,1,3,0,0,0,0,0,1,0,0,1,0,1,1,0,0,0,0,0,0,[1]
1666,0,2,2,1,0,4,4,4,4,4,4,1,0,0,1,0,1,1,0,0,0,0,0,0,[1]
31226,4,2,6,2,2,9,9,5,1,8,0,0,0,0,5,4,2,4,1,0,1,0,2,0,[1]
31168,3,2,3,1,1,4,3,10,7,6,8,3,4,1,0,4,0,4,3,0,0,1,3,0,[1]
12712,1,1,1,2,0,1,4,2,2,4,2,1,0,0,1,0,1,1,0,0,0,0,0,0,[1]
34450,4,1,0,2,0,3,1,2,6,10,10,2,4,1,1,0,2,3,1,3,0,3,0,0,[1]
30950,1,1,4,0,1,9,3,2,2,1,1,3,2,0,0,2,1,3,1,0,2,3,2,0,[1]
32959,1,2,0,2,0,9,7,1,8,9,9,1,1,1,5,1,3,4,0,1,2,2,0,0,[1]
31372,2,2,3,0,1,10,5,1,5,4,5,3,4,1,1,2,3,1,2,0,1,1,0,0,[1]
14094,2,1,1,2,0,4,2,2,2,2,2,2,0,0,1,0,1,1,0,0,0,0,0,0,[1]
29884,1,1,3,1,0,3,4,4,2,2,2,2,1,0,1,0,1,1,0,0,0,1,0,0,[1]
32724,3,2,6,2,1,1,2,9,5,4,3,1,3,1,5,1,3,4,3,0,0,2,2,0,[1]
10153,1,2,2,2,0,1,1,0,0,0,0,1,0,0,1,0,1,1,0,0,0,0,0,0,[1]
13957,0,2,1,2,0,3,5,5,4,4,4,1,0,0,1,0,1,1,0,0,0,0,0,0,[1]
29073,1,2,2,1,1,4,4,4,4,2,2,2,1,0,2,1,1,1,0,0,0,0,0,0,[1]
6670,1,1,1,2,0,1,2,2,2,2,0,1,0,0,1,0,1,1,0,0,0,0,2,0,[1]
30693,0,2,4,3,1,3,10,8,5,7,5,2,2,0,3,4,3,2,2,3,1,3,4,0,[1]
23458,0,2,2,1,1,0,0,0,1,6,5,1,0,0,1,0,1,1,0,0,0,0,0,0,[1]
32742,4,2,2,3,1,8,7,10,8,9,6,0,1,2,4,3,1,2,1,3,0,0,3,0,[1]
6624,1,2,1,2,0,1,1,1,1,1,4,1,0,0,1,0,1,1,0,0,0,0,0,0,[1]
5592,0,1,2,1,1,5,4,4,4,4,4,1,0,0,1,0,1,1,0,0,0,0,0,0,[1]
19613,0,2,2,1,0,1,1,1,1,1,4,1,0,0,1,0,1,1,0,0,0,0,0,0,[1]
6855,1,2,1,2,1,3,0,0,0,0,0,0,0,0,0,0,0,1,0,0,0,0,0,0,[1]
26476,1,2,3,2,1,1,1,2,1,2,1,1,0,0,1,0,1,1,0,0,0,0,0,0,[1]
7146,1,1,2,1,0,0,0,0,0,0,0,1,1,0,2,1,1,1,0,0,0,0,1,0,[1]
32662,4,1,1,1,1,5,1,10,6,4,5,5,0,2,0,1,1,1,1,0,2,0,1,0,[1]
33481,2,1,4,0,1,5,8,5,10,3,9,1,0,2,1,3,1,2,3,1,2,1,1,0,[1]
20848,0,1,3,2,0,2,2,1,1,4,2,1,0,0,1,0,1,1,0,0,0,0,0,0,[1]
29119,1,2,1,1,1,1,4,4,1,2,1,1,0,0,1,0,1,1,0,0,0,0,0,0,[1]
32009,0,1,2,1,2,4,10,0,10,10,7,2,3,1,3,3,3,1,2,0,1,0,1,0,[1]
33278,4,2,4,3,1,8,1,0,8,4,7,4,2,0,1,1,3,2,0,2,0,2,1,0,[1]
24930,1,1,1,1,1,1,1,1,1,0,0,1,0,0,1,0,1,1,0,0,0,0,0,0,[1]
34087,3,1,6,0,0,6,7,2,6,8,8,1,1,0,4,1,2,4,0,3,2,2,1,0,[1]
29022,0,2,1,2,0,3,4,2,2,2,4,1,0,0,1,0,1,1,0,0,0,0,0,0,[1]
32828,0,2,0,3,2,4,9,3,1,5,2,1,1,1,2,0,3,3,2,1,1,2,0,0,[1]
3261,1,2,2,1,0,1,1,1,1,1,4,1,0,0,1,0,1,1,0,0,0,0,0,0,[1]
12125,0,2,1,2,0,3,4,2,2,2,4,1,0,0,1,0,1,1,0,0,0,0,0,0,[1]
10208,0,2,1,0,1,1,1,0,0,1,4,1,0,0,1,0,1,1,0,0,0,0,0,0,[1]
30074,3,1,1,2,0,7,4,10,8,4,4,5,4,1,4,1,0,3,2,2,2,2,2,0,[1]
31406,1,1,6,1,1,4,0,9,4,8,4,3,2,1,0,1,1,1,2,1,2,0,1,0,[1]
34777,0,2,0,0,2,6,7,2,5,6,10,5,0,0,3,0,2,1,0,3,0,0,1,0,[1]
34158,4,1,0,2,2,5,0,8,8,2,3,2,3,0,3,2,1,3,1,1,0,2,1,0,[1]
34059,4,1,4,1,1,9,10,2,0,3,2,1,0,1,2,3,1,3,1,3,2,0,2,0,[1]
17577,1,2,1,2,0,2,2,0,0,0,1,1,0,0,0,0,1,1,0,0,0,0,0,0,[1]
21116,1,1,1,2,0,1,4,1,1,1,1,1,0,0,1,0,1,1,0,0,0,0,0,0,[1]
21455,0,2,2,2,0,3,4,2,2,2,4,1,0,0,1,0,1,1,0,0,0,0,0,0,[1]
31797,2,2,4,1,1,6,7,9,8,5,5,4,3,0,2,4,0,1,1,0,0,1,0,0,[1]
10917,1,2,3,1,1,8,7,6,5,4,4,1,0,0,1,0,1,1,0,0,0,0,0,0,[1]
32544,3,1,1,2,0,8,6,9,6,0,1,3,4,1,5,4,1,3,1,1,1,0,0,0,[1]
21297,0,1,1,1,2,1,1,4,1,1,1,1,0,0,1,0,1,1,0,0,0,0,0,0,[1]
31738,2,2,6,2,1,9,1,6,10,5,3,5,4,2,0,3,2,1,0,0,2,2,4,0,[1]
14633,0,1,2,2,0,3,6,5,4,4,2,1,0,0,1,0,1,1,0,0,0,0,0,0,[1]
27235,0,1,1,2,0,3,4,4,2,2,4,1,0,0,1,0,1,1,0,0,0,0,0,0,[1]
30665,4,1,6,3,1,10,2,8,8,9,2,3,2,2,2,4,2,4,2,2,1,0,3,0,[1]
18220,0,1,3,1,1,2,2,2,5,4,4,1,0,0,1,0,1,1,0,0,0,0,0,0,[1]
9211,2,1,1,2,0,0,0,0,0,0,0,1,0,0,1,0,1,1,0,0,0,0,0,0,[1]
13389,1,2,3,1,0,1,4,4,1,1,4,1,0,0,1,0,1,1,0,0,0,0,0,0,[1]
5496,1,2,3,1,1,1,2,2,1,1,1,2,1,0,1,0,1,1,0,0,0,0,0,0,[1]
31020,3,2,6,2,0,5,10,1,5,5,2,3,0,0,3,1,2,3,3,1,2,1,0,0,[1]
29498,0,1,2,1,0,2,2,4,2,2,4,1,0,0,1,0,1,1,0,0,0,0,0,0,[1]
15416,1,2,1,3,1,3,0,0,0,0,1,1,0,0,1,0,1,1,0,0,0,0,0,0,[1]
3697,0,1,1,2,0,1,4,1,1,1,1,1,0,0,1,0,1,1,0,0,0,0,0,0,[1]
11088,0,2,2,2,0,1,1,1,0,1,1,1,0,0,1,0,1,1,0,0,0,0,0,0,[1]
26579,0,2,2,1,1,4,4,4,4,5,4,1,0,0,1,0,1,1,0,0,0,0,0,0,[1]
31964,4,2,0,3,2,8,4,5,6,0,1,1,3,1,2,0,0,2,3,3,2,0,0,0,[1]
9018,1,2,1,2,0,1,1,1,1,1,1,1,0,0,1,0,0,1,0,0,0,0,0,0,[1]
22024,0,2,1,2,0,3,1,1,1,2,2,1,0,0,1,0,1,1,0,0,0,0,0,0,[1]
16103,0,2,2,1,0,1,6,5,4,4,4,1,0,0,1,0,1,1,0,0,0,0,0,0,[1]
33968,4,1,4,3,1,2,10,0,1,10,8,0,1,0,3,4,3,4,2,2,1,2,0,0,[1]
32926,3,1,5,0,1,7,9,1,3,6,6,1,3,0,1,1,0,3,3,0,2,1,0,0,[1]
1818,1,2,1,1,0,1,1,1,2,2,1,1,0,0,1,0,1,1,0,0,0,0,1,0,[1]
5065,1,2,1,1,0,3,0,0,0,0,1,1,0,0,1,0,1,1,0,0,0,0,0,0,[1]
17892,0,1,1,2,0,1,1,4,2,1,1,1,0,0,1,0,1,1,0,0,0,0,0,0,[1]
20078,0,2,1,2,0,0,0,4,4,2,2,1,0,0,1,0,1,1,0,0,0,0,0,0,[1]
11929,0,1,2,1,0,2,2,2,4,4,2,1,0,0,1,0,1,1,0,0,0,0,0,0,[1]
13871,1,1,1,1,1,3,0,1,1,1,2,0,0,0,1,0,1,1,0,0,0,0,0,0,[1]
30342,0,2,0,1,0,2,3,6,10,5,8,3,3,1,1,2,0,2,2,2,1,3,4,0,[1]
33843,1,2,2,2,0,9,9,2,6,0,0,3,4,1,5,3,0,1,2,1,0,3,0,0,[1]
32715,3,2,4,1,0,6,7,2,4,4,4,5,3,0,0,2,0,4,0,3,1,2,3,0,[1]
33282,0,1,0,0,0,2,3,2,10,4,2,5,0,1,5,0,0,3,3,3,1,0,3,0,[1]
21045,0,1,3,1,0,1,1,2,2,1,2,1,0,0,1,0,1,1,0,0,0,0,0,0,[1]
31240,0,2,5,3,2,7,5,6,10,7,10,0,2,2,5,4,3,4,2,0,1,3,4,0,[1]
34667,2,1,1,0,0,5,10,0,5,8,8,2,1,2,0,4,2,4,2,0,2,3,0,0,[1]
26575,0,2,3,2,1,1,1,4,1,1,1,1,0,0,1,0,1,1,0,0,0,0,0,0,[1]
30794,1,2,3,0,2,10,5,6,2,2,5,0,3,2,4,1,0,1,0,0,2,2,0,0,[1]
11271,0,2,1,1,1,1,5,4,2,2,1,1,0,0,1,0,1,1,0,0,0,0,0,0,[1]
31806,3,1,3,0,2,2,0,6,0,5,2,2,0,2,3,2,1,3,0,2,1,0,1,0,[1]
8842,1,2,2,2,0,3,4,2,2,1,1,1,0,0,1,0,1,1,0,0,0,0,0,0,[1]
34441,0,2,2,3,2,1,8,1,7,6,4,2,4,1,5,0,1,3,0,3,0,1,2,0,[1]
25220,0,2,1,2,0,3,4,2,2,4,4,1,0,0,1,0,1,1,0,0,0,0,0,0,[1]
32164,1,1,0,0,1,7,7,5,1,10,6,4,3,1,5,4,2,4,2,3,1,3,1,0,[1]
27863,0,2,1,2,0,4,1,1,1,1,1,1,0,0,1,0,1,1,0,0,0,0,0,0,[1]
29456,0,1,1,2,0,2,2,4,2,2,0,1,0,0,1,0,1,1,0,0,0,0,0,0,[1]
15919,0,2,2,2,0,4,2,2,2,2,2,1,0,0,1,0,1,1,0,0,0,0,0,0,[1]
33991,3,2,2,1,0,9,9,3,5,4,6,2,2,2,2,1,3,3,0,3,2,1,2,0,[1]
22883,0,2,1,1,0,1,2,2,2,2,2,1,0,0,1,0,1,1,0,0,0,0,0,0,[1]
15937,0,2,2,2,0,3,4,4,4,4,5,1,0,0,1,0,1,1,0,0,0,0,0,0,[1]
31388,1,1,1,2,0,1,10,0,0,4,2,5,3,1,3,1,3,2,1,1,2,3,1,0,[1]
33927,0,2,2,1,0,1,8,4,10,8,3,0,0,1,4,3,2,1,3,2,2,2,3,0,[1]
29769,0,1,2,1,0,2,2,2,2,2,4,1,0,0,1,0,1,1,0,0,0,0,0,0,[1]
6453,0,2,2,1,0,2,2,2,4,4,2,1,0,0,1,0,1,1,0,0,0,0,0,0,[1]
32761,3,1,3,1,0,1,6,4,0,8,0,1,2,2,3,0,1,3,1,3,0,3,4,0,[1]
19639,0,2,1,2,0,4,4,5,5,5,4,1,0,0,1,0,1,1,0,0,0,0,0,0,[1]
13930,0,2,2,2,0,3,0,1,1,1,1,1,0,0,1,0,1,1,0,0,0,0,0,0,[1]
11508,1,2,2,2,0,3,0,0,1,2,2,0,0,0,1,0,1,1,0,0,0,0,0,0,[1]
32849,3,1,1,2,2,9,2,6,2,3,7,5,0,0,4,2,1,3,2,3,2,1,3,0,[1]
9188,0,1,1,2,0,1,1,4,1,2,1,1,0,0,1,0,1,1,0,0,0,0,0,0,[1]
19629,0,2,2,1,1,1,4,1,1,1,1,1,0,0,1,0,1,1,0,0,0,0,0,0,[1]
4409,0,2,2,1,1,3,1,1,1,1,2,0,0,0,1,0,1,1,0,0,0,0,0,0,[1]
33376,2,1,0,1,0,9,6,7,1,9,6,2,0,2,0,3,3,4,1,0,2,3,0,0,[1]
34708,3,1,2,2,0,2,3,3,9,6,0,0,0,1,2,2,0,3,3,2,1,0,1,0,[1]
31488,1,2,6,1,1,0,10,3,8,8,8,1,3,0,0,4,3,3,2,1,1,2,3,0,[1]
7595,0,1,2,2,0,3,0,0,0,0,0,1,0,0,1,0,1,1,0,0,0,0,0,0,[1]
28661,0,2,2,2,1,3,5,4,2,2,2,1,0,0,1,0,1,1,0,0,0,0,0,0,[1]
17702,0,2,2,1,0,4,4,4,4,4,4,1,0,0,1,0,1,1,0,0,0,0,0,0,[1]
15326,0,2,3,3,1,1,2,1,1,2,1,1,0,0,1,0,1,1,0,0,0,0,0,0,[1]
10256,0,1,2,1,1,2,2,2,2,4,4,1,0,0,1,0,1,1,0,0,0,0,0,0,[1]
8577,1,2,2,1,0,4,2,2,4,2,2,1,0,0,1,0,1,1,0,0,0,0,0,0,[1]
32547,1,2,4,0,0,7,7,4,4,7,1,5,0,1,5,2,1,2,2,0,0,1,3,0,[1]
33542,2,1,0,2,1,4,6,6,7,6,7,5,1,0,2,1,2,2,0,1,0,3,0,0,[1]
29004,0,2,2,2,0,4,2,2,2,2,2,1,0,0,1,0,1,1,0,0,0,0,0,0,[1]
4193,0,2,1,2,0,3,5,4,4,4,4,1,0,0,1,0,1,1,0,0,0,0,0,0,[1]
4496,0,1,2,2,0,4,2,2,2,2,2,1,0,0,1,0,1,1,0,0,0,0,0,0,[1]
20881,0,1,1,2,0,3,4,4,4,4,4,1,0,0,1,0,1,1,0,0,0,0,0,0,[1]
18638,0,2,1,2,0,1,1,4,1,1,0,1,0,0,1,0,1,1,0,0,0,0,0,0,[1]
11132,0,2,2,1,0,3,0,0,1,1,1,1,0,0,1,0,1,1,0,0,0,0,0,0,[1]
33002,4,1,3,3,1,1,0,7,0,6,10,0,4,2,3,0,1,1,2,1,0,1,2,0,[1]
3456,0,1,1,2,0,3,4,4,4,4,4,1,0,0,1,0,1,1,0,0,0,0,0,0,[1]
14788,0,2,2,2,0,4,4,4,1,1,4,1,0,0,1,0,1,1,0,0,0,0,0,0,[1]
713,0,1,2,1,1,3,1,1,0,0,1,1,0,0,1,0,1,1,0,0,0,0,0,0,[1]
31189,0,2,1,0,2,7,8,1,7,5,2,2,1,1,2,2,3,4,2,2,2,2,1,0,[1]
28924,0,2,3,1,1,4,4,2,2,2,2,1,0,0,1,0,1,1,0,0,0,0,0,0,[1]
32760,4,2,0,1,0,4,1,0,5,6,2,3,0,0,2,0,3,4,3,0,1,2,2,0,[1]
14376,0,1,3,1,1,4,4,4,4,4,4,1,0,0,1,0,1,1,0,0,0,0,0,0,[1]
5255,0,2,2,1,1,2,2,2,0,0,0,1,0,0,0,0,0,1,0,0,0,0,0,0,[1]
11703,1,1,1,2,0,0,0,0,0,0,0,0,0,0,0,0,0,1,0,0,0,0,0,0,[1]
7416,0,1,2,2,0,4,2,2,2,2,4,1,0,0,1,0,1,1,0,0,0,0,0,0,[1]
30218,1,1,3,2,2,6,8,9,0,10,4,5,4,2,3,2,0,4,2,3,0,1,2,0,[1]
32005,2,2,3,0,2,9,1,1,10,1,9,0,2,2,4,0,2,2,2,1,1,2,2,0,[1]
25524,0,2,2,1,0,2,2,2,2,0,0,1,0,0,1,0,1,1,0,0,0,0,0,0,[1]
14588,1,1,1,1,1,5,7,6,5,4,2,2,1,0,1,0,1,1,0,0,0,0,0,0,[1]
5052,0,2,1,2,0,1,2,2,1,1,2,1,0,0,1,0,1,1,0,0,0,0,0,0,[1]
32173,1,1,6,1,1,8,5,2,1,5,5,4,0,2,2,0,0,3,0,0,0,0,1,0,[1]
31099,1,1,6,2,1,3,8,2,10,5,2,2,3,1,2,2,2,2,0,0,0,2,3,0,[1]
34382,3,2,5,1,2,9,3,8,7,4,5,5,4,2,5,1,1,4,3,0,1,3,0,0,[1]
16431,0,2,3,2,1,4,4,4,2,2,2,1,0,0,1,0,1,1,0,0,0,0,0,0,[1]
18757,0,2,1,2,0,3,4,4,4,4,2,1,0,0,1,0,1,1,0,0,0,0,0,0,[1]
26487,0,2,3,1,1,1,1,0,0,0,0,1,0,0,1,0,1,1,0,0,0,0,0,0,[1]
8143,0,2,2,1,1,1,1,1,1,1,4,1,0,0,1,0,1,1,0,0,0,0,0,0,[1]
33719,2,1,6,0,0,8,0,3,8,7,6,0,0,1,2,3,2,4,3,2,2,1,3,0,[1]
31076,0,1,3,1,2,8,8,6,1,9,10,1,1,1,0,4,2,3,3,0,0,2,0,0,[1]
32202,1,2,2,2,1,2,2,8,8,3,0,4,2,0,2,0,1,4,0,0,0,3,3,0,[1]
12923,1,2,1,1,2,3,0,0,0,0,0,0,0,0,0,0,0,1,0,0,0,0,0,0,[1]
32987,4,1,5,0,2,6,10,7,0,10,10,1,3,0,2,3,1,3,0,1,1,0,1,0,[1]
30268,3,2,6,2,1,10,1,6,0,2,0,4,2,0,5,3,0,3,1,1,1,3,2,0,[1]
26306,1,2,1,2,0,1,1,1,1,1,4,1,0,0,1,0,1,1,0,0,0,0,0,0,[1]
30592,1,2,5,2,2,8,2,8,8,7,1,0,1,1,4,3,1,3,0,1,0,1,4,0,[1]
2526,2,2,1,1,0,4,4,1,1,0,1,1,0,0,1,0,1,1,0,0,0,0,0,0,[1]
34342,4,1,1,1,1,4,9,2,3,3,8,1,3,1,4,1,1,3,0,1,1,1,0,0,[1]
33765,4,1,4,2,2,2,2,0,9,6,8,1,1,2,0,4,3,4,0,2,0,0,3,0,[1]
2083,0,1,2,1,0,1,1,1,1,0,1,1,0,0,1,0,1,1,0,0,0,0,0,0,[1]
33922,2,2,3,0,0,2,0,3,5,10,0,2,2,1,3,3,3,4,3,1,2,0,0,0,[1]
193,0,2,1,2,0,1,1,4,2,2,0,1,0,0,1,0,1,1,0,0,0,0,0,0,[1]
10264,0,1,1,3,1,2,2,2,5,4,2,1,0,0,1,0,1,1,0,0,0,0,0,0,[1]
17086,0,2,1,2,0,3,6,6,5,4,5,1,0,0,1,0,1,1,0,0,0,0,0,0,[1]
20393,0,1,4,1,1,2,2,2,2,2,2,1,0,0,1,0,1,1,0,0,0,0,0,0,[1]
31845,3,1,3,2,1,4,3,6,2,5,10,0,2,1,2,2,3,1,3,1,0,1,1,0,[1]
33330,0,2,0,0,1,8,9,10,0,0,8,4,4,1,0,0,0,4,1,3,0,0,3,0,[1]
2348,0,1,1,2,0,3,4,4,2,2,2,1,0,0,1,0,1,1,0,0,0,0,0,0,[1]
33836,3,2,4,0,1,2,6,4,8,4,2,5,2,2,2,3,0,3,0,0,0,2,4,0,[1]
30801,4,1,0,1,0,9,9,2,6,10,5,1,1,0,0,3,2,2,0,2,2,2,4,0,[1]
33334,0,1,1,2,1,4,1,10,0,9,9,5,2,1,4,2,0,3,2,1,1,2,3,0,[1]
33946,0,2,0,3,0,7,5,0,4,1,10,1,1,1,2,0,3,1,2,2,0,1,3,0,[1]
15419,0,2,2,1,1,3,1,1,0,0,1,1,0,0,1,0,1,1,0,0,0,0,0,0,[1]
3691,2,1,1,2,0,0,0,0,0,0,0,1,0,0,1,0,1,1,0,0,0,0,0,0,[1]
30404,0,1,3,1,0,6,1,6,6,6,0,0,0,2,1,2,2,4,0,2,0,1,0,0,[1]
17709,2,2,1,1,0,3,0,0,0,0,0,1,0,0,1,0,1,1,0,0,0,0,0,0,[1]
19692,0,2,3,1,0,1,4,2,2,2,2,1,0,0,1,0,1,1,0,0,0,0,0,0,[1]
33956,3,2,4,2,2,4,0,4,4,3,10,0,0,1,0,1,3,1,1,1,2,2,0,0,[1]
34082,2,1,6,2,0,6,2,10,1,9,1,3,3,2,0,1,0,2,1,2,0,2,2,0,[1]
30772,1,1,3,2,0,3,9,3,9,7,2,3,1,1,3,4,2,3,3,0,1,3,2,0,[1]
11852,1,1,1,1,0,3,0,1,2,2,2,0,0,0,1,0,1,1,0,0,0,0,0,0,[1]
30243,2,2,6,2,1,4,9,9,6,8,0,5,4,2,1,4,3,3,0,1,2,1,3,0,[1]
32369,4,2,1,2,1,10,0,9,3,4,9,4,2,0,0,1,2,3,0,3,0,3,2,0,[1]
9389,0,1,2,2,0,3,4,4,4,4,4,1,0,0,1,0,1,1,0,0,0,0,0,0,[1]
17751,0,2,3,1,2,1,1,0,0,0,0,1,0,0,1,0,1,1,0,0,0,0,0,0,[1]
3361,1,2,1,1,0,1,1,1,1,1,4,1,0,0,1,0,1,1,0,0,0,0,0,0,[1]
32338,1,2,6,3,0,9,3,5,0,5,4,3,1,2,4,2,1,1,0,3,0,1,0,0,[1]
28581,0,2,1,2,0,4,4,4,2,2,2,1,0,0,1,0,1,1,0,0,0,0,0,0,[1]
3695,0,2,2,1,1,2,2,4,2,2,2,1,0,0,1,0,1,1,0,0,0,0,0,0,[1]
27319,1,1,3,1,1,2,2,4,4,2,2,2,1,0,2,1,2,1,0,0,0,0,0,0,[1]
34976,2,2,0,3,0,3,5,5,9,1,3,4,1,0,0,0,1,4,3,2,0,2,3,0,[1]
10007,0,2,2,1,0,4,4,4,2,2,4,1,0,0,1,0,1,1,0,0,0,0,0,0,[1]
23828,1,2,1,1,1,0,0,0,1,1,1,1,0,0,1,0,1,1,0,0,0,0,0,0,[1]
13899,0,2,2,1,1,2,2,2,1,2,2,1,0,0,1,0,1,1,0,0,0,0,0,0,[1]
3498,0,1,1,2,0,2,1,2,2,1,4,1,0,0,1,0,1,1,0,0,0,0,0,0,[1]
31697,3,1,1,0,0,8,3,8,4,6,2,2,1,1,5,1,0,1,2,3,1,2,1,0,[1]
2724,0,2,3,1,1,2,2,1,2,2,0,1,0,0,1,0,1,1,0,0,0,0,0,0,[1]
34919,0,2,3,0,0,5,5,3,3,2,8,0,1,1,3,1,3,4,0,2,0,3,2,0,[1]
27841,0,2,1,2,0,4,4,4,2,2,2,1,0,0,1,0,1,1,0,0,0,0,0,0,[1]
27413,0,1,2,1,1,3,1,2,2,2,2,0,0,0,1,0,1,1,0,0,0,0,0,0,[1]
28972,0,2,2,1,0,2,2,1,1,1,1,1,0,0,1,0,1,1,0,0,0,0,0,0,[1]
13746,0,2,2,1,0,2,2,2,2,0,0,1,0,0,1,0,1,1,0,0,0,0,0,0,[1]
7382,0,2,1,1,1,1,1,1,1,2,1,1,0,0,1,0,1,1,0,0,0,0,0,0,[1]
10227,0,2,2,2,0,3,4,2,2,2,4,1,0,0,1,0,1,1,0,0,0,0,0,0,[1]
21298,0,1,2,2,1,2,2,2,1,1,2,1,0,0,1,0,1,1,0,0,0,0,0,0,[1]
20571,0,1,3,2,0,3,0,0,0,0,0,1,0,0,1,0,1,1,0,0,0,0,0,0,[1]
9624,0,1,2,1,1,3,1,1,1,0,0,1,0,0,0,0,0,1,0,0,0,0,0,0,[1]
16016,0,2,3,1,1,8,7,6,5,4,2,1,0,0,1,0,1,1,0,0,0,0,0,0,[1]
14619,0,2,1,2,0,3,4,2,2,2,4,1,0,0,1,0,1,1,0,0,0,0,0,0,[1]
20081,0,2,2,2,1,2,2,2,1,2,2,1,0,0,1,0,1,1,0,0,0,0,0,0,[1]
6784,0,2,1,2,0,1,5,4,1,1,1,1,0,0,1,0,1,1,0,0,0,0,0,0,[1]
16050,0,2,2,1,1,1,1,1,0,0,0,1,0,0,1,0,0,1,0,0,0,0,0,0,[1]
6788,0,2,1,2,0,1,1,4,1,1,0,1,0,0,1,0,1,1,0,0,0,0,0,0,[1]
4973,0,2,1,2,0,5,4,1,2,2,2,1,0,0,1,0,1,1,0,0,0,0,0,0,[1]
31139,3,1,0,0,0,2,10,5,4,0,2,4,2,1,4,4,3,3,3,2,2,0,4,0,[1]
6978,0,1,1,2,0,1,4,4,1,1,1,1,0,0,1,0,1,1,0,0,0,0,0,0,[1]
11817,0,2,2,1,0,4,4,4,4,4,4,1,0,0,1,0,1,1,0,0,0,0,0,0,[1]
31547,1,1,0,3,1,0,2,0,5,4,9,4,1,2,5,2,0,3,3,2,1,3,1,0,[1]
33092,3,2,6,3,0,4,9,4,6,1,9,3,0,2,1,2,3,4,0,2,0,1,1,0,[1]
32443,1,1,1,0,1,7,4,6,9,0,1,3,0,0,3,3,2,3,3,3,0,0,0,0,[1]
18039,0,1,2,1,1,4,6,6,5,4,4,1,0,0,1,0,1,1,0,0,0,0,0,0,[1]
12532,0,2,2,1,0,4,4,4,4,2,2,1,0,0,1,0,1,1,0,0,0,0,0,0,[1]
2899,0,2,2,2,0,1,1,4,2,2,1,1,0,0,1,0,1,1,0,0,0,0,0,0,[1]
10250,0,1,2,2,0,3,0,0,0,0,0,1,0,0,1,0,1,1,0,0,0,0,0,0,[1]
24402,0,1,4,1,1,2,2,2,2,2,2,1,0,0,1,0,1,1,0,0,0,0,0,0,[1]
31988,1,1,6,2,0,0,8,9,3,9,2,5,4,2,2,4,3,2,2,3,2,2,1,0,[1]
27952,1,2,2,1,0,2,2,1,1,1,2,1,0,0,0,0,1,1,0,0,0,0,0,0,[1]
14708,0,1,1,1,0,4,4,4,4,4,4,1,0,0,1,0,1,1,0,0,0,0,0,0,[1]
8337,0,2,3,1,0,4,4,4,4,4,4,1,0,0,1,0,1,1,0,0,0,0,0,0,[1]
31037,1,2,0,0,0,3,1,3,3,4,8,4,1,1,2,1,1,1,2,0,2,0,0,0,[1]
3300,0,2,3,1,1,3,4,2,2,4,2,1,0,0,1,0,1,1,0,0,0,0,0,0,[1]
15288,1,2,1,2,0,2,2,2,1,1,0,1,0,0,1,0,1,1,0,0,0,0,0,0,[1]
9429,2,2,2,2,0,4,2,2,2,2,2,1,0,0,1,0,1,1,0,0,0,0,0,0,[1]
8780,0,1,1,2,0,4,2,2,2,2,2,1,0,0,1,0,1,1,0,0,0,0,0,0,[1]
30455,1,2,2,1,1,0,10,8,6,4,0,3,4,0,1,4,1,3,0,3,0,3,4,0,[1]
30366,3,2,5,0,2,7,1,6,7,5,8,1,4,0,2,0,3,2,1,3,0,0,2,0,[1]
34355,3,1,6,2,2,7,8,10,3,0,4,4,3,0,3,2,3,4,0,0,0,0,4,0,[1]
878,0,2,2,1,1,2,2,2,1,2,2,1,0,0,1,0,1,1,0,0,0,0,0,0,[1]
24745,0,1,1,1,1,1,1,1,1,1,4,1,0,0,0,0,1,1,0,0,0,0,0,0,[1]
32501,0,2,4,2,2,8,8,3,4,2,7,2,0,1,5,3,0,3,0,0,0,3,1,0,[1]
12000,0,1,1,2,0,1,4,1,1,1,1,1,0,0,1,0,1,1,0,0,0,0,0,0,[1]
18658,0,2,2,1,0,4,4,5,4,4,4,1,0,0,1,0,1,1,0,0,0,0,0,0,[1]
34516,1,1,0,3,2,3,5,7,9,6,3,3,0,1,0,1,0,2,3,1,1,1,3,0,[1]
33232,0,2,1,3,1,5,0,9,3,5,7,1,0,1,4,4,2,2,0,2,2,3,3,0,[1]
22120,0,2,2,3,0,2,2,2,1,1,1,1,0,0,1,0,1,1,0,0,0,0,0,0,[1]
22652,1,2,2,1,0,1,2,2,1,1,0,1,0,0,1,0,1,1,0,0,0,0,0,0,[1]
30928,2,1,1,3,2,3,7,0,8,7,7,0,3,1,5,2,1,3,3,0,0,0,4,0,[1]
33953,0,2,0,3,0,6,9,6,6,1,2,4,4,2,5,1,2,1,2,1,0,2,0,0,[1]
14070,1,2,3,2,0,0,0,1,1,1,1,1,0,0,1,0,1,1,0,0,0,0,0,0,[1]
33681,0,1,2,1,0,10,6,7,7,8,6,0,4,0,5,2,3,3,2,0,2,0,1,0,[1]
31304,0,1,3,0,1,4,3,0,5,4,9,4,2,0,0,2,2,2,2,2,0,0,4,0,[1]
18155,1,1,1,2,0,3,1,1,1,2,2,0,0,0,1,0,0,1,0,0,0,0,0,0,[1]
22746,1,2,2,1,0,4,2,2,2,2,2,2,1,0,1,0,1,1,0,0,0,0,0,0,[1]
9412,0,1,3,2,0,3,0,0,0,0,0,1,0,0,1,0,1,1,0,0,0,0,0,0,[1]
30067,3,1,1,0,1,6,2,8,0,3,9,2,1,1,4,0,3,1,1,2,0,1,0,0,[1]
32168,0,2,3,1,0,8,1,10,2,8,9,3,1,1,0,1,0,1,3,1,0,3,2,0,[1]
32537,1,2,0,0,1,7,8,6,10,6,2,2,2,1,2,4,3,3,2,3,1,0,0,0,[1]
29056,0,2,3,1,1,4,4,2,2,2,2,1,0,0,1,0,1,1,0,0,0,0,0,0,[1]
30384,0,2,0,2,2,7,5,6,7,5,4,0,2,2,5,0,0,4,2,1,2,3,4,0,[1]
31932,2,1,0,2,2,7,7,4,3,6,4,2,3,2,2,1,3,2,2,3,1,0,3,0,[1]
24607,2,1,1,1,0,4,2,2,2,2,2,1,0,0,1,0,1,1,0,0,0,0,0,0,[1]
33054,3,1,2,2,1,3,0,1,3,5,8,5,4,0,2,4,1,4,1,2,1,2,2,0,[1]
8275,1,2,3,1,0,3,4,4,4,5,6,1,0,0,1,0,1,1,0,0,0,0,0,0,[1]
961,0,1,2,2,1,1,1,1,1,2,1,1,0,0,1,0,1,1,0,0,0,0,0,0,[1]
18040,0,1,3,1,1,1,2,1,1,2,2,1,0,0,1,0,1,1,0,0,0,0,0,0,[1]
34345,4,2,6,3,2,10,8,10,0,1,7,5,2,0,2,3,3,3,2,2,2,3,0,0,[1]
32422,4,2,1,0,1,9,9,4,5,4,7,3,2,2,5,4,1,1,3,1,0,0,1,0,[1]
32964,4,2,6,0,1,4,1,6,3,6,8,2,3,2,2,2,1,4,2,2,2,0,1,0,[1]
22952,0,2,2,1,0,2,2,1,1,0,0,1,0,0,0,0,1,1,0,0,0,0,0,0,[1]
14753,0,1,3,1,1,1,1,1,1,2,2,1,0,0,1,0,1,1,0,0,0,0,0,0,[1]
33539,4,2,4,1,2,0,1,8,4,1,3,5,2,2,2,0,3,3,2,1,1,0,0,0,[1]
30006,4,1,3,1,0,9,6,9,3,4,6,2,0,1,3,4,1,4,0,0,2,3,3,0,[1]
31610,1,1,3,0,2,3,9,3,6,1,6,5,2,1,0,3,2,1,2,1,0,0,0,0,[1]
18758,1,2,2,2,0,1,4,1,2,2,0,1,0,0,1,0,1,1,0,0,0,0,0,0,[1]
3640,0,1,3,2,1,4,4,4,4,5,4,1,0,0,1,0,1,1,0,0,0,0,0,0,[1]
14403,1,1,3,2,1,0,0,1,2,2,2,1,0,0,1,0,1,1,0,0,0,0,0,0,[1]
25562,0,2,2,1,0,1,4,4,0,1,2,1,0,0,1,0,1,1,0,0,0,0,0,0,[1]
19302,0,2,1,1,0,4,2,2,2,0,0,1,0,0,1,0,1,1,0,0,0,0,0,0,[1]
34275,2,1,1,0,0,6,4,8,5,9,10,1,1,1,1,4,3,1,1,3,2,0,1,0,[1]
31290,2,2,0,0,1,0,9,9,5,4,5,5,0,1,4,2,1,2,3,0,1,2,4,0,[1]
29578,0,1,2,1,0,0,4,1,1,1,1,1,0,0,1,0,1,1,0,0,0,0,0,0,[1]
29755,0,1,3,1,1,4,1,1,4,1,1,1,0,0,1,0,1,1,0,0,0,0,0,0,[1]
25503,1,2,1,1,0,3,0,0,0,1,1,1,0,0,1,0,1,1,0,0,0,0,0,0,[1]
3536,0,1,2,2,0,4,2,2,2,2,2,1,0,0,1,0,1,1,0,0,0,0,0,0,[1]
19947,0,2,3,1,1,4,2,1,1,1,2,1,0,0,1,0,1,1,0,0,0,0,0,0,[1]
32809,1,1,1,2,1,5,5,2,0,0,0,4,0,1,4,3,0,1,0,3,2,1,1,0,[1]
4473,1,2,1,2,0,3,1,1,0,1,1,0,0,0,0,0,0,1,0,0,0,0,0,0,[1]
32634,1,2,6,2,1,3,7,10,4,10,6,2,4,1,1,2,3,4,0,2,0,2,4,0,[1]
1892,0,2,1,2,0,3,1,1,1,0,0,1,0,0,1,0,1,1,0,0,0,0,0,0,[1]
4163,0,2,2,2,0,1,1,1,1,1,0,1,0,0,1,0,0,1,0,0,0,0,0,0,[1]
26238,1,2,2,1,0,1,2,1,1,1,1,1,0,0,1,0,1,1,0,0,0,0,0,0,[1]
21637,0,2,1,2,0,3,4,4,1,1,0,1,0,0,1,0,1,1,0,0,0,0,0,0,[1]
8441,0,1,1,1,1,2,2,2,2,2,0,1,0,0,1,0,1,1,0,0,0,0,0,0,[1]
30334,0,1,4,3,1,5,1,4,4,3,0,5,0,0,2,3,2,1,0,0,0,2,4,0,[1]
24092,0,1,1,2,0,4,2,2,4,2,2,1,0,0,1,0,1,1,0,0,0,0,0,0,[1]
27919,0,2,1,2,0,1,5,4,4,4,2,1,0,0,1,0,1,1,0,0,0,0,0,0,[1]
34737,4,1,6,1,1,9,7,8,1,6,3,1,3,1,2,3,1,3,3,2,2,3,3,0,[1]
28003,2,2,1,2,0,1,1,1,1,2,2,1,2,1,1,0,1,3,3,0,0,0,0,0,[1]
33187,0,2,4,3,1,10,8,1,0,6,3,5,3,2,4,1,3,2,2,1,2,3,3,0,[1]
33999,0,2,3,1,0,7,7,6,0,1,4,2,0,1,2,2,1,2,3,3,2,1,2,0,[1]
15088,0,1,2,1,0,5,4,2,2,2,2,1,0,0,1,0,1,1,0,0,0,0,0,0,[1]
30025,3,2,5,0,0,10,7,1,8,10,3,0,1,0,3,2,0,2,2,1,2,3,3,0,[1]
26160,0,2,2,1,1,3,0,0,0,1,4,0,0,0,0,0,1,1,0,0,0,0,0,0,[1]
7775,0,2,2,2,0,3,4,2,2,4,4,1,0,0,1,0,1,1,0,0,0,0,0,0,[1]
31863,0,2,6,2,2,1,6,5,5,9,1,3,1,1,1,1,0,2,0,3,2,2,1,0,[1]
26112,3,2,2,2,0,3,0,0,0,0,0,1,0,0,1,0,1,1,0,0,0,0,0,0,[1]
2770,0,2,2,2,0,4,2,2,2,2,2,1,0,0,1,0,1,1,0,0,0,0,0,0,[1]
28922,0,2,2,1,1,3,1,1,0,0,1,1,0,0,1,0,1,1,0,0,0,0,0,0,[1]
32134,3,1,1,0,1,4,0,5,8,8,3,3,2,1,3,1,1,2,2,2,1,1,0,0,[1]
31316,2,2,1,0,0,1,10,4,1,2,9,3,2,1,3,3,2,2,2,1,2,1,4,0,[1]
727,2,1,2,2,0,0,0,0,0,0,0,0,0,0,0,0,1,1,0,0,0,0,0,0,[1]
6369,0,2,2,1,0,2,2,2,2,0,0,1,0,0,1,0,1,1,0,0,0,0,0,0,[1]
3950,0,1,3,1,0,4,4,4,2,2,4,1,0,0,1,0,1,1,0,0,0,0,0,0,[1]
9950,0,2,1,2,0,3,4,2,2,2,5,1,0,0,1,0,1,1,0,0,0,0,0,0,[1]
15077,0,1,6,1,1,2,2,2,2,1,2,1,0,0,0,0,1,1,0,0,0,0,0,0,[1]
33470,2,2,3,0,2,7,10,1,5,1,4,0,3,1,2,1,2,2,1,1,2,1,3,0,[1]
28985,0,2,2,2,0,3,0,0,1,1,0,1,0,0,1,0,1,1,0,0,0,0,0,0,[1]
13906,0,1,2,1,1,2,2,2,2,1,2,1,0,0,1,0,1,1,0,0,0,0,0,0,[1]
12407,1,2,1,1,0,2,2,2,0,1,2,1,0,0,1,0,1,1,0,0,0,0,0,0,[1]
15220,0,2,2,1,0,3,0,1,1,0,0,0,0,0,1,0,1,1,0,0,0,0,0,0,[1]
16984,1,2,2,1,0,1,1,1,2,2,0,1,0,0,1,0,0,1,0,0,0,0,0,0,[1]
21515,0,2,2,2,0,3,0,1,2,2,2,1,0,0,1,0,1,1,0,0,0,0,0,0,[1]
4322,1,2,2,1,0,1,1,1,2,2,2,1,0,0,1,0,1,1,0,0,0,0,0,0,[1]
33061,2,2,3,0,2,5,10,0,1,4,2,3,1,2,4,1,3,3,3,0,2,1,3,0,[1]
32874,2,2,5,0,0,7,1,10,5,7,5,3,4,2,5,4,1,4,1,0,0,1,1,0,[1]
34411,4,1,5,3,0,8,9,4,9,5,8,2,4,0,1,0,1,1,0,0,0,3,3,0,[1]
11110,0,1,2,1,1,1,1,1,1,0,0,1,0,0,1,0,1,1,0,0,0,0,0,0,[1]
31995,4,1,5,1,1,8,0,3,2,4,5,1,2,0,1,2,2,4,2,1,2,2,3,0,[1]
3011,1,2,2,1,1,2,2,4,2,2,2,1,0,0,1,0,1,1,0,0,0,0,0,0,[1]
32329,1,2,1,3,1,4,8,5,7,8,7,2,3,0,0,0,0,3,0,2,0,3,3,0,[1]
30476,0,1,0,1,1,3,8,2,8,1,4,1,4,0,5,0,1,1,3,0,2,3,0,0,[1]
32551,0,1,3,1,0,0,10,7,9,9,9,1,0,1,0,3,0,1,0,1,0,1,3,0,[1]
6607,0,2,2,2,0,6,5,4,2,2,2,1,0,0,1,0,1,1,0,0,0,0,0,0,[1]
21636,0,2,3,2,0,4,4,4,2,2,2,1,0,0,1,0,1,1,0,0,0,0,0,0,[1]
21596,0,2,1,2,0,1,1,1,0,1,1,1,0,0,1,0,1,1,0,0,0,0,0,0,[1]
6617,0,1,2,2,0,4,2,2,2,2,4,1,0,0,1,0,1,1,0,0,0,0,0,0,[1]
34375,2,1,4,3,1,6,6,2,1,0,6,0,0,0,0,4,1,3,2,3,2,0,4,0,[1]
32309,0,1,2,3,2,0,10,4,7,8,4,3,4,0,5,0,0,2,3,1,2,1,3,0,[1]
29275,0,1,2,1,0,4,2,2,2,2,2,1,0,0,1,0,1,1,0,0,0,0,0,0,[1]
2267,1,2,2,1,0,2,2,4,1,2,2,1,0,0,1,0,1,1,0,0,0,0,0,0,[1]
33754,4,1,3,0,0,2,0,8,2,4,2,5,0,0,3,1,1,1,2,2,2,3,1,0,[1]
18703,0,2,1,2,0,2,2,4,4,4,4,1,0,0,1,0,1,1,0,0,0,0,0,0,[1]
3435,1,2,2,1,1,3,0,0,0,0,0,0,0,0,0,0,0,1,0,0,0,0,0,0,[1]
31049,3,1,2,0,0,2,6,10,9,7,8,3,0,1,0,1,1,3,2,0,0,1,0,0,[1]
33012,1,2,2,0,0,5,5,0,4,7,0,3,0,0,0,3,2,2,0,2,1,3,1,0,[1]
25732,1,2,3,1,1,3,0,0,0,0,0,1,0,0,1,0,1,1,0,0,0,0,0,0,[1]
30509,4,2,1,0,0,6,3,1,6,4,9,3,1,2,3,3,2,3,1,1,1,0,4,0,[1]
33246,0,2,6,1,2,1,4,2,7,3,3,5,1,0,1,2,3,1,3,2,1,1,0,0,[1]
7825,0,2,1,2,0,3,4,2,2,1,2,1,0,0,1,0,1,1,0,0,0,0,0,0,[1]
14302,1,1,1,2,0,3,0,1,1,1,1,1,0,0,1,0,1,1,0,0,0,0,0,0,[1]
14954,0,1,2,2,1,3,4,4,4,5,4,1,0,0,1,0,1,1,0,0,0,0,0,0,[1]
18940,0,2,1,2,0,3,1,1,1,1,2,0,0,0,1,0,1,1,0,0,0,0,0,0,[1]
33905,3,2,5,0,2,8,1,2,9,5,1,0,3,2,4,3,3,4,2,2,1,0,1,0,[1]
30705,1,1,0,3,0,6,1,4,1,0,5,0,3,0,4,4,0,3,1,2,1,2,3,0,[1]
18580,0,2,1,2,0,3,4,4,4,2,2,1,0,0,1,0,1,1,0,0,0,0,0,0,[1]
5112,0,1,2,1,0,2,2,4,4,4,4,1,0,0,1,0,1,1,0,0,0,0,0,0,[1]
31906,0,1,6,1,1,5,1,2,8,7,8,3,0,2,5,2,1,4,1,3,0,2,1,0,[1]
8355,1,2,1,1,0,2,2,2,2,1,2,1,0,0,0,0,1,1,0,0,1,0,0,0,[1]
3814,1,2,1,1,0,1,1,0,1,2,2,1,0,0,1,0,1,1,0,0,0,0,0,0,[1]
32224,4,1,3,0,1,1,9,9,4,5,4,5,3,2,0,1,3,1,1,2,2,2,2,0,[1]
18959,1,2,2,2,0,1,1,1,1,1,4,1,0,0,1,0,1,1,0,0,0,0,0,0,[1]
34635,3,1,3,3,1,8,1,6,7,8,0,3,3,0,3,1,3,1,0,0,1,1,4,0,[1]
3867,2,2,1,2,0,4,1,2,2,2,2,1,0,0,1,0,1,1,0,0,0,0,0,0,[1]
11849,1,1,1,1,1,1,5,4,2,2,1,1,0,0,1,0,1,1,0,0,0,0,1,0,[1]
34330,1,2,6,2,0,8,6,9,10,2,6,4,4,0,3,0,2,3,3,2,0,3,0,0,[1]
14589,1,1,1,2,0,1,1,0,1,1,1,1,0,0,1,0,1,1,0,0,0,0,0,0,[1]
29637,0,1,3,2,1,2,2,2,2,0,0,1,0,0,1,0,1,1,0,0,0,0,0,0,[1]
31687,4,1,5,1,0,5,6,10,8,2,7,5,3,0,3,3,1,2,1,2,1,1,1,0,[1]
31179,0,1,4,1,1,7,1,7,2,10,10,5,4,1,0,4,2,3,3,0,2,0,0,0,[1]
30670,0,1,1,3,2,6,4,0,4,9,3,3,1,0,3,4,0,1,2,0,1,0,4,0,[1]
4719,0,1,2,2,0,4,4,4,2,2,2,1,0,0,1,0,1,1,0,0,0,0,0,0,[1]
23301,0,2,2,2,0,4,4,4,4,4,4,1,0,0,1,0,1,1,0,0,0,0,0,0,[1]
33841,0,2,6,2,1,2,0,7,3,9,7,3,4,1,3,3,1,1,2,0,0,1,4,0,[1]
34653,1,2,6,3,1,3,1,0,9,3,1,0,3,2,3,0,1,3,0,1,0,2,0,0,[1]
30466,0,1,4,0,0,10,8,0,2,1,9,4,2,2,4,3,0,4,0,2,0,0,1,0,[1]
244,0,2,1,2,1,1,1,4,4,4,4,1,0,0,1,0,1,1,0,0,0,0,0,0,[1]
34166,3,2,5,3,1,10,2,7,2,1,4,2,0,2,2,3,2,4,1,3,1,1,4,0,[1]
24159,1,1,2,2,0,4,2,2,2,2,2,1,0,0,1,0,1,1,0,0,0,0,0,0,[1]
3389,1,1,3,1,0,5,4,2,2,2,2,1,0,0,1,0,1,1,0,0,0,0,0,0,[1]
33005,0,1,0,2,2,0,6,10,7,3,0,0,1,2,4,0,3,2,0,0,0,3,0,0,[1]
30408,4,1,3,2,2,10,9,4,6,7,0,0,2,0,5,3,0,2,0,0,0,0,0,0,[1]
15438,0,1,3,2,0,3,0,0,0,0,0,1,0,0,1,0,1,1,0,0,0,0,0,0,[1]
2864,0,2,2,1,1,4,4,4,4,4,4,1,0,0,1,0,1,1,0,0,0,0,0,0,[1]
32500,4,1,2,1,0,7,0,1,9,3,1,1,2,0,3,2,1,4,2,2,0,1,0,0,[1]
4433,1,2,1,2,1,2,1,1,1,1,2,2,0,0,1,0,1,1,0,0,0,0,0,0,[1]
354,0,1,3,1,1,4,4,4,2,2,4,1,0,0,1,0,1,1,0,0,0,0,0,0,[1]
5769,1,1,2,1,1,4,4,0,0,0,0,1,0,0,1,0,1,1,0,0,0,0,0,0,[1]
12636,0,2,2,2,0,3,0,1,1,2,2,1,0,0,1,0,1,1,0,0,0,0,0,0,[1]
32927,3,2,2,2,2,9,9,1,8,8,9,2,2,1,0,1,0,1,3,1,0,0,1,0,[1]
33339,2,1,5,2,0,10,0,9,3,7,4,4,1,0,1,2,0,4,1,3,0,1,3,0,[1]
20577,1,1,2,2,0,5,4,4,4,1,4,1,0,0,1,0,1,1,0,0,0,0,0,0,[1]
32467,2,2,0,0,0,6,6,9,4,5,6,0,0,1,1,3,2,4,1,0,1,2,2,0,[1]
22361,1,2,2,1,0,2,2,4,2,2,2,1,0,0,1,0,1,1,0,0,0,0,0,0,[1]
18105,1,1,3,2,0,2,2,2,2,2,1,2,1,0,1,0,1,1,0,0,0,0,0,0,[1]
33395,4,2,6,1,2,3,5,9,6,5,5,3,3,1,3,1,3,2,1,2,1,1,1,0,[1]
34279,4,2,5,2,1,7,10,5,1,6,7,5,4,1,4,4,0,3,1,1,2,2,2,0,[1]
20235,1,2,3,1,1,1,4,1,1,1,1,1,0,0,1,0,1,1,0,0,0,0,0,0,[1]
31048,4,1,5,2,2,8,6,4,6,6,6,5,0,1,1,1,1,2,1,1,2,0,4,0,[1]
13421,0,2,1,2,0,4,4,4,4,4,4,1,0,0,1,0,1,1,0,0,0,0,0,0,[1]
11863,1,1,2,1,1,3,4,2,2,2,2,1,0,0,1,0,1,1,0,0,0,0,0,0,[1]
28576,0,2,2,1,0,3,4,4,4,4,2,1,0,0,1,0,1,1,0,0,0,0,0,0,[1]
30817,4,1,3,0,2,7,10,2,5,7,8,5,3,0,5,0,3,1,0,2,1,2,0,0,[1]
12898,0,1,2,2,0,4,2,2,2,1,1,1,0,0,1,0,1,1,0,0,0,0,0,0,[1]
22281,1,2,2,1,0,1,1,0,0,0,0,1,0,0,1,0,1,1,0,0,0,0,0,0,[1]
6714,0,1,1,1,1,4,1,1,1,1,1,1,0,0,1,0,1,1,0,0,0,0,0,0,[1]
31529,2,1,3,1,2,9,0,4,7,6,6,2,3,0,5,0,0,1,2,3,0,1,0,0,[1]
31295,3,2,1,0,0,9,10,4,5,0,6,5,1,1,2,0,3,3,2,3,1,0,0,0,[1]
491,0,2,2,1,1,4,4,4,4,4,2,1,0,0,1,0,1,1,0,0,0,0,0,0,[1]
34602,1,1,0,0,0,3,9,4,3,5,7,3,0,1,2,2,0,1,2,2,2,0,3,0,[1]
33517,3,1,5,2,1,7,1,6,0,2,1,3,3,1,5,0,1,3,0,1,2,2,0,0,[1]
33327,4,1,5,0,1,9,9,1,4,10,7,2,3,0,1,0,3,2,1,3,0,0,3,0,[1]
34804,4,1,4,0,2,5,10,5,7,9,3,2,1,0,2,4,2,3,0,0,0,1,3,0,[1]
1955,0,1,2,2,1,3,4,4,4,4,4,1,0,0,1,0,1,1,0,0,0,0,0,0,[1]
30991,1,1,3,2,1,8,8,5,9,4,3,2,2,2,2,0,3,1,1,1,1,0,1,0,[1]
34135,3,1,3,2,2,1,8,5,7,3,5,4,1,2,5,1,1,3,1,1,0,1,4,0,[1]
3913,1,1,1,1,1,1,1,1,2,2,1,1,0,0,1,0,1,1,0,0,0,0,0,0,[1]
33781,4,1,6,2,2,10,8,6,10,9,9,3,3,2,1,4,3,4,3,0,0,0,2,0,[1]
9958,1,2,2,2,0,3,0,0,0,0,1,1,0,0,1,0,1,1,0,0,0,0,0,0,[1]
34480,4,1,1,2,0,0,7,4,4,1,7,1,0,1,3,3,1,1,3,0,1,2,1,0,[1]
34323,1,2,1,1,0,10,8,7,7,4,5,3,3,2,3,0,1,2,0,1,1,3,0,0,[1]
2093,0,2,5,2,0,3,4,1,1,1,2,1,0,0,1,0,1,1,0,0,0,0,0,0,[1]
6497,0,2,2,1,1,2,2,4,2,2,2,1,0,0,1,0,1,1,0,0,0,0,0,0,[1]
32457,4,1,4,0,1,4,0,10,7,6,8,5,0,0,2,1,0,1,2,1,1,0,1,0,[1]
12230,0,1,2,1,0,2,2,2,4,4,4,1,0,0,1,0,1,1,0,0,0,0,0,0,[1]
32757,2,1,3,1,2,2,10,2,0,0,7,4,3,1,1,2,2,4,2,1,1,3,4,0,[1]
6353,1,2,1,1,1,3,1,1,0,0,0,0,0,0,0,0,0,1,0,0,0,0,0,0,[1]
8671,1,1,1,2,0,1,1,1,0,1,1,1,0,0,0,0,1,1,0,0,0,0,0,0,[1]
30531,4,2,4,2,1,8,5,10,2,2,5,2,1,1,5,2,3,2,3,3,2,3,2,0,[1]
30208,1,1,3,3,1,3,4,10,0,10,0,3,3,1,4,4,0,3,1,3,1,3,3,0,[1]
8656,0,1,3,2,1,8,7,6,5,4,2,1,0,0,1,0,1,1,0,0,0,0,0,0,[1]
31609,1,2,1,2,0,0,6,10,5,9,4,3,1,0,3,3,1,3,3,2,0,1,0,0,[1]
33343,4,2,4,0,1,10,2,0,6,9,0,5,4,1,1,0,2,2,3,2,2,3,1,0,[1]
27261,0,1,3,2,0,3,6,5,4,4,4,1,0,0,1,0,1,1,0,0,0,0,0,0,[1]
19133,0,2,2,1,0,4,4,4,2,2,2,1,0,0,1,0,1,1,0,0,0,0,0,0,[1]
31844,4,2,3,3,1,9,5,0,3,3,8,3,3,2,4,4,2,4,2,2,2,0,0,0,[1]
9821,0,2,2,1,0,3,4,4,4,4,5,1,0,0,1,0,1,1,0,0,0,0,0,0,[1]
19386,0,2,3,0,0,2,2,4,4,2,2,1,0,0,1,0,1,1,0,0,0,0,0,0,[1]
3670,1,2,2,2,0,3,0,0,0,0,0,1,0,0,1,0,1,1,0,0,0,0,0,0,[1]
22756,0,2,2,1,0,2,2,2,2,0,0,1,0,0,1,0,1,1,0,0,0,0,0,0,[1]
30952,0,2,2,1,0,10,2,1,6,5,8,2,3,0,0,3,0,2,1,1,2,2,4,0,[1]
33406,0,1,5,2,2,5,10,5,6,5,1,2,1,1,2,3,2,3,0,0,2,0,4,0,[1]
17345,0,2,2,1,0,2,2,2,2,0,0,1,0,0,1,0,1,1,0,0,0,0,0,0,[1]
32973,3,2,5,1,2,2,2,9,3,6,0,1,4,1,0,0,1,3,1,2,0,0,4,0,[1]
26761,0,1,2,2,0,2,2,2,4,4,2,1,0,0,1,0,1,1,0,0,0,0,0,0,[1]
31328,2,1,4,3,0,6,8,8,2,4,4,0,4,0,2,0,0,2,2,1,0,1,0,0,[1]
34591,4,1,1,2,2,7,0,2,2,8,0,3,3,1,1,3,2,4,3,3,2,2,4,0,[1]
32133,1,1,2,1,2,3,0,5,3,3,2,4,4,2,1,0,0,1,2,2,0,3,3,0,[1]
31980,1,2,1,2,2,3,2,8,3,10,3,5,3,0,4,1,2,4,2,0,2,2,1,0,[1]
29759,0,1,1,1,1,3,4,2,2,2,2,1,0,0,1,0,1,1,0,0,0,0,0,0,[1]
34373,0,2,0,1,0,9,6,10,5,6,0,2,4,1,3,1,2,1,2,2,1,0,1,0,[1]
11826,0,1,2,2,0,4,4,4,2,2,2,1,0,0,1,0,1,1,0,0,0,0,0,0,[1]
14086,0,1,2,1,1,2,2,2,2,5,4,1,0,0,1,0,1,1,0,0,0,0,0,0,[1]
31882,3,1,4,3,1,0,6,9,8,5,3,1,1,0,0,0,2,4,3,1,1,0,2,0,[1]
14200,1,2,2,2,0,3,4,4,2,2,2,1,0,0,1,0,1,1,0,0,0,0,0,0,[1]
29157,1,2,3,1,1,3,0,0,0,0,0,1,0,0,1,0,1,1,0,0,0,0,0,0,[1]
28553,2,2,3,2,0,3,4,2,2,2,2,1,0,0,1,0,1,1,0,0,0,0,0,0,[1]
19219,1,2,3,1,0,0,0,0,0,0,0,0,0,0,0,0,1,1,0,0,0,0,0,0,[1]
15611,1,2,2,2,0,1,1,2,2,1,1,1,0,0,1,0,1,1,0,0,0,0,0,0,[1]
32745,1,2,5,1,1,2,4,9,6,7,7,2,1,0,3,2,2,2,0,0,0,2,4,0,[1]
29536,1,1,1,2,0,2,2,0,0,0,0,1,0,0,0,0,0,1,0,0,0,0,0,0,[1]
2001,0,1,1,1,1,2,1,1,1,2,1,1,0,0,1,0,1,1,0,0,0,0,0,0,[1]
30146,1,1,0,3,0,8,2,7,4,7,1,1,4,0,5,3,1,2,2,0,0,1,1,0,[1]
31239,3,1,0,1,0,0,10,9,7,7,5,4,0,0,1,1,2,2,3,3,0,3,4,0,[1]
31446,4,1,2,1,0,5,3,3,7,4,1,1,4,0,5,4,1,2,2,1,1,1,0,0,[1]
6285,0,1,3,2,0,3,5,4,4,4,2,1,0,0,1,0,1,1,0,0,0,0,0,0,[1]
32906,4,2,6,3,0,0,9,4,9,10,5,1,2,1,2,1,3,2,0,2,1,1,3,0,[1]
20011,0,2,3,2,0,4,2,2,2,2,2,1,0,0,1,0,1,1,0,0,0,0,0,0,[1]
34709,3,2,6,1,2,7,9,2,6,8,10,5,1,1,3,1,3,1,0,1,2,3,4,0,[1]
16455,0,2,2,1,1,4,4,4,4,2,2,1,0,0,1,0,1,1,0,0,0,0,0,0,[1]
28486,0,2,3,1,1,3,4,5,4,2,2,1,0,0,1,0,1,1,0,0,0,0,0,0,[1]
31784,3,1,5,0,2,5,7,4,8,6,6,4,3,2,0,2,1,3,3,1,1,0,0,0,[1]
8274,0,1,1,1,1,3,4,2,2,2,2,1,0,0,1,0,1,1,0,0,0,0,0,0,[1]
7419,0,1,1,2,0,1,1,4,2,2,2,1,0,0,1,0,1,1,0,0,0,0,0,0,[1]
29224,0,1,2,2,0,4,2,2,2,2,2,1,0,0,1,0,1,1,0,0,0,0,0,0,[1]
24552,0,1,2,1,0,2,2,4,4,4,4,1,0,0,1,0,1,1,0,0,0,0,0,0,[1]
30565,0,2,6,2,0,3,7,9,7,4,8,5,1,1,0,4,0,1,0,1,0,3,2,0,[1]
31791,0,2,5,0,1,4,8,6,8,5,6,4,2,1,2,1,2,2,0,1,2,2,2,0,[1]
20972,0,1,2,3,1,2,2,2,4,2,2,1,0,0,1,0,1,1,0,0,0,0,0,0,[1]
14529,1,1,3,1,0,2,2,2,2,2,2,2,1,0,1,1,1,1,0,0,0,0,0,0,[1]
22628,0,2,2,1,1,3,5,4,2,2,2,1,0,0,1,0,1,1,0,0,0,0,0,0,[1]
13590,1,1,1,1,1,0,1,1,1,1,1,1,0,0,1,0,1,1,0,0,0,0,0,0,[1]
8110,0,2,3,1,0,4,4,4,4,4,4,1,0,0,1,0,1,1,0,0,0,0,0,0,[1]
27465,0,1,2,1,1,3,1,2,2,2,2,0,0,0,1,0,1,1,0,0,0,0,0,0,[1]
31176,1,2,0,1,2,2,10,6,1,8,2,5,2,2,4,2,3,4,2,0,1,1,1,0,[1]
16778,1,1,3,2,1,3,4,2,2,2,2,2,1,0,2,0,1,1,0,0,0,0,0,0,[1]
30139,4,1,4,2,1,9,9,10,3,0,1,1,3,0,4,1,3,1,3,1,2,1,2,0,[1]
3529,1,1,1,2,0,3,0,0,0,0,0,1,0,0,1,0,1,1,0,0,0,0,0,0,[1]
16049,0,2,3,3,0,4,2,2,2,2,2,1,0,0,1,0,1,1,0,0,0,0,0,0,[1]
20561,0,1,2,2,0,3,4,4,4,4,4,1,0,0,1,0,1,1,0,0,0,0,0,0,[1]
1350,0,1,2,2,0,3,0,0,0,0,0,1,0,0,1,0,1,1,0,0,0,0,0,0,[1]
30036,3,2,2,3,1,7,7,1,10,10,9,2,4,2,4,2,3,4,2,3,2,3,4,0,[1]
12093,0,2,3,1,1,4,4,4,4,4,4,1,0,0,1,0,1,1,0,0,0,0,0,0,[1]
34389,3,2,1,0,1,5,0,1,1,10,7,5,4,0,4,1,3,1,3,1,2,2,0,0,[1]
11591,1,1,1,1,1,4,1,1,1,2,1,1,0,0,1,0,1,1,0,0,0,0,0,0,[1]
32097,2,1,3,3,2,5,4,7,7,1,4,2,0,0,3,4,1,2,0,3,1,1,4,0,[1]
32883,1,2,2,3,0,4,0,1,10,0,5,2,1,1,1,1,2,1,3,1,2,1,4,0,[1]
19667,1,2,3,2,0,4,2,2,2,2,2,3,1,0,1,0,1,1,0,0,0,0,0,0,[1]
33853,1,2,5,2,1,7,1,5,4,5,8,1,2,0,5,3,2,2,1,3,0,0,1,0,[1]
18227,0,1,3,1,1,3,4,4,4,4,4,1,0,0,1,0,1,1,0,0,0,0,0,0,[1]
30561,2,1,4,1,2,9,5,7,8,10,9,5,3,2,0,0,0,1,0,0,2,3,2,0,[1]
3380,0,2,3,2,0,1,1,1,2,2,1,1,0,0,1,0,1,1,0,0,0,0,0,0,[1]
34493,3,1,5,3,2,5,4,1,0,1,3,4,0,0,5,1,3,2,2,1,2,0,0,0,[1]
33521,4,2,3,2,0,10,9,9,9,7,3,5,4,2,3,2,3,1,0,2,0,0,0,0,[1]
6589,2,2,1,1,0,1,2,2,1,2,1,1,0,0,1,0,1,1,0,0,0,0,0,0,[1]
31542,1,1,5,0,0,5,4,3,9,9,6,4,4,0,5,0,3,3,1,3,0,1,2,0,[1]
11166,0,1,1,1,0,3,4,2,2,4,4,1,0,0,1,0,1,1,0,0,0,0,0,0,[1]
17810,0,1,2,2,0,3,4,4,4,4,4,1,0,0,1,0,1,1,0,0,0,0,0,0,[1]
34964,4,2,3,3,0,2,6,9,8,8,2,5,0,2,3,4,3,4,2,3,1,2,4,0,[1]
31128,2,2,6,2,2,2,7,4,0,4,3,4,0,0,3,4,0,4,2,3,2,0,2,0,[1]
33059,3,1,3,2,0,4,9,4,10,2,7,1,0,1,1,1,1,3,0,2,1,1,3,0,[1]
27913,0,2,2,1,0,4,4,4,4,4,2,1,0,0,1,0,1,1,0,0,0,0,0,0,[1]
16187,0,2,2,2,0,4,2,2,2,2,2,1,0,0,1,0,1,1,0,0,0,0,0,0,[1]
30084,3,2,2,0,0,1,2,9,2,7,6,1,4,0,0,2,2,3,2,0,1,3,1,0,[1]
26211,0,2,1,1,0,3,4,2,2,2,2,1,0,0,1,0,1,1,0,0,0,0,0,0,[1]
15113,0,1,1,2,1,3,0,0,0,0,0,1,0,0,1,0,1,1,0,0,0,0,0,0,[1]
4349,0,1,2,1,1,4,4,2,2,2,2,1,0,0,1,0,1,1,0,0,0,0,0,0,[1]
27241,0,1,2,1,1,4,2,2,2,2,2,1,0,0,1,0,1,1,0,0,0,0,0,0,[1]
20926,1,1,1,1,0,2,2,4,4,2,2,1,0,0,1,0,1,1,0,0,0,0,0,0,[1]
30462,1,1,6,1,0,5,3,3,1,7,5,1,1,1,5,0,1,3,0,3,2,3,2,0,[1]
34774,3,1,5,0,2,1,7,7,10,0,8,1,3,1,1,2,0,4,3,2,2,2,4,0,[1]
34518,0,1,6,3,1,7,7,6,7,4,5,3,3,1,4,0,1,3,2,3,1,1,4,0,[1]
23134,1,2,3,1,1,2,2,1,1,0,0,1,0,0,0,0,0,1,0,0,0,0,0,0,[1]
30690,4,2,3,1,2,2,3,6,4,7,4,0,3,1,4,3,0,3,3,1,1,1,2,0,[1]
15992,0,2,2,1,1,2,2,0,0,0,0,1,0,0,1,0,1,1,0,0,0,0,0,0,[1]
19245,0,2,2,1,0,0,1,1,0,0,1,1,0,0,1,0,1,1,0,0,0,0,0,0,[1]
32225,3,1,4,1,0,10,2,10,7,5,7,5,2,1,5,4,3,3,0,0,1,0,3,0,[1]
30647,2,1,0,0,1,2,9,6,10,3,6,3,1,2,1,4,0,4,0,3,0,2,1,0,[1]
8224,0,2,2,1,0,3,4,4,4,4,2,1,0,0,1,0,1,1,0,0,0,0,0,0,[1]
11804,0,2,2,2,0,3,0,1,1,1,1,1,0,0,1,0,1,1,0,0,0,0,0,0,[1]
14468,0,1,2,1,0,2,2,2,2,2,4,1,0,0,1,0,1,1,0,0,0,0,0,0,[1]
3656,0,2,2,2,0,4,4,4,4,4,2,1,0,0,1,0,1,1,0,0,0,0,0,0,[1]
31289,2,1,3,1,2,5,3,5,2,2,0,4,1,1,1,2,3,2,3,2,1,1,0,0,[1]
24532,1,1,1,1,1,1,1,1,1,0,0,1,0,0,1,0,1,1,0,0,0,0,0,0,[1]
14473,0,2,2,1,0,4,2,2,2,2,2,1,0,0,1,0,1,1,0,0,0,0,0,0,[1]
27151,1,1,1,1,0,3,0,0,1,2,1,0,0,0,1,0,1,1,0,0,0,0,0,0,[1]
30995,1,1,3,2,1,10,6,10,10,10,6,4,4,0,4,1,3,1,1,0,1,1,3,0,[1]
30194,2,2,4,1,2,7,2,7,10,0,0,0,0,2,5,1,2,4,2,2,2,0,0,0,[1]
32936,1,2,3,2,0,0,7,0,9,9,5,2,0,1,0,4,0,3,0,0,2,0,0,0,[1]
4928,0,2,1,1,1,1,1,4,4,1,4,1,0,0,0,0,1,1,0,0,0,0,0,0,[1]
14121,1,2,1,2,0,2,2,2,2,4,2,2,1,0,2,0,1,1,0,0,0,0,0,0,[1]
34252,4,1,1,1,1,6,4,10,10,0,5,3,4,2,2,4,3,4,0,2,0,3,2,0,[1]
31925,3,2,4,3,2,0,10,4,2,10,9,3,4,1,4,0,1,1,1,3,0,0,2,0,[1]
31456,1,2,3,3,2,10,10,4,9,4,6,4,3,1,2,4,0,1,1,0,1,2,4,0,[1]
33084,0,1,3,2,1,10,4,4,9,3,10,4,0,2,0,2,3,4,3,1,1,2,3,0,[1]
33165,2,2,2,2,1,6,10,3,0,6,2,1,4,2,0,3,1,3,2,2,1,1,2,0,[1]
30599,2,2,2,3,0,8,8,8,2,4,0,0,2,0,3,2,3,3,0,2,1,0,0,0,[1]
12423,0,2,2,1,0,3,4,4,4,4,2,1,0,0,1,0,1,1,0,0,0,0,0,0,[1]
6065,0,2,3,1,1,4,2,2,2,2,2,1,0,0,1,0,1,1,0,0,0,0,0,0,[1]
22342,1,2,1,2,0,1,1,0,1,1,1,1,0,0,1,0,1,1,0,0,0,0,0,0,[1]
34259,0,2,1,0,0,0,9,8,4,8,5,5,4,2,4,2,2,4,1,2,0,0,3,0,[1]
23857,0,1,2,2,1,3,4,4,2,2,1,1,0,0,1,0,1,1,0,0,0,0,0,0,[1]
9074,0,2,3,1,0,4,4,4,4,4,4,1,0,0,1,0,1,1,0,0,0,0,0,0,[1]
14329,0,1,2,2,0,4,4,4,4,4,4,1,0,0,1,0,1,1,0,0,0,0,0,0,[1]
31642,4,1,0,2,2,10,2,4,5,3,3,3,3,2,2,1,1,2,3,0,0,1,2,0,[1]
2079,1,1,1,1,1,3,4,4,4,4,4,1,0,0,1,0,1,1,0,0,0,0,0,0,[1]
23835,0,2,1,1,1,1,1,0,1,1,0,1,0,0,1,0,0,1,0,0,0,0,0,0,[1]
29922,0,1,2,1,0,3,0,0,0,0,0,0,0,0,0,0,0,1,0,0,0,0,0,0,[1]
34811,3,1,3,3,1,4,7,0,6,4,4,5,4,1,4,1,2,1,1,2,0,1,1,0,[1]
7493,0,2,5,1,0,2,1,1,2,2,2,1,0,0,1,0,1,1,0,0,0,0,0,0,[1]
7268,0,1,2,2,0,4,4,4,2,2,2,1,0,0,1,0,1,1,0,0,0,0,0,0,[1]
34993,0,1,3,3,0,2,6,10,4,3,0,4,1,0,2,0,1,3,3,0,1,2,3,0,[1]
34746,3,2,3,2,1,7,7,5,5,4,3,0,1,2,5,3,0,4,1,0,0,1,4,0,[1]
21659,0,2,2,1,0,4,4,2,2,2,2,1,0,0,1,0,1,1,0,0,0,0,0,0,[1]
9035,2,2,2,2,0,1,4,2,2,2,0,1,0,0,1,0,0,1,0,0,0,0,0,0,[1]
2497,1,2,3,2,1,0,0,1,1,0,0,1,0,0,1,0,1,1,0,0,0,0,0,0,[1]
25223,0,2,1,2,0,1,4,4,4,4,4,1,0,0,1,0,1,1,0,0,0,0,0,0,[1]
20846,1,1,1,2,0,3,0,0,0,0,0,1,0,0,1,0,1,1,0,0,0,0,0,0,[1]
11249,1,2,1,1,0,3,0,0,0,0,1,1,0,0,1,0,1,1,0,0,0,0,0,0,[1]
16007,0,2,2,2,0,4,4,4,4,2,2,1,0,0,1,0,1,1,0,0,0,0,0,0,[1]
31641,1,1,5,0,0,10,9,7,8,9,10,1,4,1,3,0,2,2,1,3,2,2,0,0,[1]
26276,0,2,2,1,0,1,4,4,4,4,4,1,0,0,1,0,1,1,0,0,0,0,0,0,[1]
31620,1,1,4,2,0,1,4,1,2,2,5,4,0,1,4,2,1,2,3,2,1,1,3,0,[1]
14505,0,2,2,1,1,4,2,2,2,4,4,1,0,0,1,0,1,1,0,0,0,0,0,0,[1]
2659,0,1,3,1,1,4,4,4,2,2,2,1,0,0,1,0,1,1,0,0,0,0,0,0,[1]
25919,1,2,2,2,0,1,1,0,0,0,0,1,0,0,1,0,1,1,0,0,0,0,0,0,[1]
10031,0,1,1,1,1,1,1,0,1,2,1,1,0,0,1,0,1,1,0,0,0,0,0,0,[1]
32068,1,2,6,0,1,3,5,2,0,6,4,5,3,2,4,2,0,1,1,2,2,0,4,0,[1]
34047,3,2,3,3,0,9,3,7,3,4,7,4,0,0,5,0,0,1,0,3,2,2,0,0,[1]
616,1,2,1,1,0,3,0,0,0,1,1,1,0,0,1,0,1,1,0,0,0,0,0,0,[1]
33764,4,2,0,2,2,9,4,7,0,10,4,3,2,1,2,0,1,1,1,1,0,3,2,0,[1]
7071,0,1,1,2,0,3,4,4,2,2,2,1,0,0,1,0,1,1,0,0,0,0,0,0,[1]
6456,2,2,1,2,0,3,1,2,2,0,1,1,0,0,0,0,1,1,0,0,0,0,0,0,[1]
8202,0,2,2,1,1,4,4,4,4,4,4,1,0,0,1,0,1,1,0,0,0,0,0,0,[1]
26686,0,1,2,2,0,3,4,2,2,4,4,1,0,0,1,0,1,1,0,0,0,0,0,0,[1]
30717,0,1,4,1,1,7,2,9,10,2,9,5,0,1,5,2,2,1,2,3,2,1,0,0,[1]
33661,4,2,3,2,0,8,0,2,4,3,8,2,4,0,3,4,0,4,2,2,2,3,3,0,[1]
6146,0,1,1,2,0,3,4,4,4,4,4,1,0,0,1,0,1,1,0,0,0,0,0,0,[1]
32349,1,2,1,1,1,10,1,9,9,8,2,2,3,2,5,2,3,4,2,1,2,2,2,0,[1]
34875,0,1,4,3,0,6,7,2,9,9,6,3,2,1,5,0,1,4,2,1,0,0,0,0,[1]
553,1,2,1,1,1,3,1,1,0,0,0,1,0,0,1,0,1,1,0,0,0,0,0,0,[1]
9738,3,1,1,2,0,0,0,0,0,0,0,1,0,0,1,0,1,1,0,0,0,0,0,0,[1]
15190,0,2,2,2,0,5,4,4,9,9,9,1,0,0,1,0,1,1,0,0,0,0,0,0,[1]
9739,0,1,1,2,0,2,2,2,2,4,2,1,0,0,1,0,1,1,0,0,0,0,0,0,[1]
29963,3,1,1,2,0,2,1,4,1,1,1,2,1,0,2,1,1,2,0,1,1,2,2,0,[1]
28977,0,2,1,1,1,3,1,1,1,1,1,0,0,0,1,0,1,1,0,0,0,0,0,0,[1]
16672,0,1,1,2,0,1,4,4,1,1,0,1,0,0,1,0,1,1,0,0,0,0,0,0,[1]
18925,0,2,2,1,0,4,4,4,4,4,4,1,0,0,1,0,1,1,0,0,0,0,0,0,[1]
6313,1,1,1,2,0,3,0,0,0,0,0,1,0,0,1,0,1,1,0,0,0,0,0,0,[1]
30626,0,1,2,3,1,10,7,9,9,7,0,0,3,2,1,4,3,3,3,0,2,0,0,0,[1]
3448,0,2,1,2,1,2,2,2,2,2,1,1,0,0,1,0,1,1,0,0,0,0,2,0,[1]
1440,0,2,1,2,0,2,2,4,4,4,4,1,0,0,1,0,1,1,0,0,0,0,0,0,[1]
32968,4,2,5,3,1,1,5,8,10,9,1,4,0,0,4,4,3,4,2,3,1,2,1,0,[1]
4788,0,1,2,1,1,4,2,2,2,2,2,1,0,0,1,0,1,1,0,0,0,0,0,0,[1]
10300,0,2,3,1,1,0,1,2,2,2,2,1,0,0,1,0,1,1,0,0,0,0,0,0,[1]
10885,0,1,3,1,1,3,0,0,0,0,0,1,0,0,1,0,1,1,0,0,0,0,0,0,[1]
18766,1,2,2,2,0,3,0,1,4,1,1,1,0,0,1,0,1,1,0,0,0,0,0,0,[1]
24942,1,1,1,1,0,3,0,0,1,1,1,1,0,0,1,0,1,1,0,0,0,0,0,0,[1]
30564,3,1,6,3,1,9,9,4,7,0,10,5,0,2,4,1,0,3,1,2,1,3,2,0,[1]
7425,0,2,1,1,0,3,4,2,2,2,2,1,0,0,1,0,1,1,0,0,0,0,0,0,[1]
7984,0,2,3,2,0,4,4,4,2,2,2,1,0,0,1,0,1,1,0,0,0,0,0,0,[1]
5322,0,2,2,1,0,4,4,4,2,2,2,1,0,0,1,0,1,1,0,0,0,0,0,0,[1]
28947,1,2,1,2,1,2,2,2,2,2,2,2,0,0,1,0,1,1,0,0,0,0,0,0,[1]
27234,1,1,1,1,0,1,1,1,2,1,1,1,0,0,1,0,1,1,0,0,0,0,0,0,[1]
34262,0,1,3,2,1,4,9,2,7,5,0,1,3,2,4,4,1,4,2,2,1,0,1,0,[1]
3086,0,2,2,2,0,4,4,9,9,9,9,1,0,0,1,0,1,1,0,0,0,0,0,0,[1]
14033,0,2,2,1,1,3,0,0,1,1,1,1,0,0,1,0,1,1,0,0,0,0,0,0,[1]
32777,1,2,4,2,1,7,9,6,2,0,2,3,0,0,4,2,2,2,2,0,2,1,0,0,[1]
19957,0,2,2,1,1,2,2,4,1,2,2,1,0,0,1,0,1,1,0,0,0,0,0,0,[1]
2388,1,1,1,1,1,1,1,1,2,2,1,1,0,0,1,0,1,1,0,0,0,0,0,0,[1]
31443,3,1,1,2,0,6,6,9,5,6,5,0,0,1,1,2,1,3,0,3,1,1,0,0,[1]
32336,2,1,6,0,2,0,7,10,8,10,5,1,4,0,5,0,0,2,0,0,1,1,1,0,[1]
32118,3,2,1,3,1,9,0,6,4,10,1,1,0,1,2,4,3,1,1,1,0,3,3,0,[1]
19760,1,2,2,1,0,2,1,1,4,1,1,1,0,0,1,0,1,1,0,0,0,0,0,0,[1]
21047,1,1,2,2,0,2,2,2,2,2,2,2,1,0,2,0,1,1,0,0,0,0,3,0,[1]
1325,0,1,3,1,1,4,1,1,2,1,1,1,0,0,1,0,1,1,0,0,0,0,0,0,[1]
8083,1,1,1,1,0,1,1,1,1,2,1,1,0,0,1,0,1,1,0,0,0,0,1,0,[1]
22610,1,2,3,1,0,4,4,4,4,4,4,1,0,0,1,0,1,1,0,0,0,0,0,0,[1]
4424,1,2,3,3,1,3,4,4,2,2,2,2,1,0,1,0,1,1,0,0,0,0,0,0,[1]
15417,1,2,2,1,1,4,2,2,2,2,2,1,0,0,1,1,1,1,0,0,0,0,0,0,[1]
20458,0,1,1,2,0,1,1,4,1,1,1,1,0,0,1,0,1,1,0,0,0,0,0,0,[1]
28241,0,2,2,1,1,2,2,4,2,2,2,1,0,0,1,0,1,1,0,0,0,0,0,0,[1]
25353,0,2,1,1,0,1,1,5,4,2,2,1,0,0,1,0,1,1,0,0,0,0,0,0,[1]
5731,1,2,1,2,1,0,0,0,1,4,4,1,0,0,1,0,1,1,0,0,0,0,0,0,[1]
613,0,1,2,2,0,4,4,2,2,2,2,1,0,0,1,0,1,1,0,0,0,0,0,0,[1]
34763,4,1,3,2,1,10,1,4,8,2,7,3,3,2,0,1,1,2,3,2,1,2,3,0,[1]
27141,1,1,2,1,1,2,2,2,2,1,1,2,1,0,1,0,1,1,0,0,1,0,3,0,[1]
3903,0,1,2,2,0,2,2,4,2,2,0,1,0,0,1,0,1,1,0,0,0,0,0,0,[1]
31767,4,1,4,3,2,7,0,9,1,2,2,0,1,1,1,3,3,1,2,0,1,1,1,0,[1]
4470,0,1,3,0,0,4,4,4,4,4,4,1,0,0,1,0,1,1,0,0,0,0,0,0,[1]
30417,0,2,3,0,1,10,2,2,3,5,6,2,0,1,4,3,0,2,1,3,2,2,4,0,[1]
14082,1,1,1,1,1,3,1,1,1,1,1,1,0,0,0,0,0,1,0,0,0,0,0,0,[1]
10680,0,1,1,2,0,1,1,1,2,1,2,1,0,0,1,0,1,1,0,0,0,0,0,0,[1]
32313,3,2,2,0,0,6,3,4,5,3,9,3,3,0,5,1,0,1,0,1,0,2,3,0,[1]
33806,0,1,5,0,1,4,7,2,2,7,0,1,4,0,5,1,0,2,1,1,0,3,1,0,[1]
29316,0,1,3,2,0,3,0,0,0,0,0,1,0,0,1,0,1,1,0,0,0,0,0,0,[1]
17008,0,2,2,2,0,4,4,4,4,4,4,1,0,0,1,0,1,1,0,0,0,0,0,0,[1]
4660,0,1,1,1,0,2,2,2,2,2,0,1,0,0,1,0,1,1,0,0,0,0,0,0,[1]
29560,1,1,1,1,0,1,1,5,4,4,0,1,0,0,1,0,0,1,0,0,0,0,0,0,[1]
33001,1,1,5,3,0,2,0,7,5,7,1,1,3,1,1,1,3,3,1,0,2,1,4,0,[1]
27510,0,1,2,2,2,8,7,6,5,4,2,1,0,0,1,0,1,1,0,0,0,0,0,0,[1]
12850,0,1,2,2,0,1,2,2,1,2,2,1,0,0,1,0,1,1,0,0,0,0,0,0,[1]
31715,4,1,1,0,2,10,7,4,6,4,4,2,2,1,0,3,3,1,1,0,1,0,4,0,[1]
23869,1,1,2,2,0,3,4,2,2,2,2,1,0,0,1,0,1,1,0,0,0,0,0,0,[1]
4783,1,2,2,2,0,3,0,0,1,2,2,1,0,0,1,0,1,1,0,0,0,0,0,0,[1]
9191,1,2,2,3,1,4,4,0,0,0,1,1,0,0,0,0,1,1,0,0,0,3,0,0,[1]
31484,3,2,1,1,2,8,10,7,3,0,6,3,1,2,0,0,1,4,0,1,1,2,0,0,[1]
26072,2,2,3,2,0,3,4,2,2,2,2,1,0,0,1,0,1,1,0,0,0,0,0,0,[1]
32930,1,1,2,2,2,5,10,6,10,1,3,2,2,2,2,1,0,4,1,2,1,3,4,0,[1]
10196,0,2,2,1,1,4,5,4,4,4,4,1,0,0,1,0,1,1,0,0,0,0,0,0,[1]
32673,1,2,3,1,2,5,10,4,0,8,9,3,4,1,5,2,0,4,3,0,2,2,0,0,[1]
22798,1,2,2,1,0,0,0,0,0,0,0,0,0,0,0,0,0,1,0,0,0,0,0,0,[1]
23080,0,2,2,1,1,2,2,4,2,2,2,1,0,0,1,0,1,1,0,0,0,0,0,0,[1]
12028,0,1,1,2,0,3,4,4,2,2,2,1,0,0,1,0,1,1,0,0,0,0,0,0,[1]
26132,0,2,2,1,0,4,4,4,2,2,2,1,0,0,1,0,1,1,0,0,0,0,0,0,[1]
31763,4,2,3,3,2,7,10,0,2,4,9,1,0,0,5,1,1,4,2,3,0,0,3,0,[1]
8744,0,2,1,2,0,3,1,1,1,2,2,0,0,0,1,0,1,1,0,0,0,0,0,0,[1]
31702,2,2,0,1,2,2,3,3,9,0,6,1,2,1,2,4,3,2,1,0,2,1,3,0,[1]
30245,0,2,1,0,1,8,6,10,1,8,9,4,0,1,1,0,2,2,1,1,0,0,0,0,[1]
30782,3,1,2,2,0,9,0,2,2,4,4,3,3,0,5,1,1,4,0,2,2,2,0,0,[1]
16995,0,2,3,2,0,6,6,5,4,2,2,1,0,0,1,0,1,1,0,0,0,0,0,0,[1]
29948,1,1,1,1,0,1,1,1,1,2,2,1,0,0,1,0,1,1,0,0,0,0,0,0,[1]
22754,1,2,3,1,1,1,1,4,1,2,2,1,0,0,1,0,1,1,0,0,0,0,0,0,[1]
30125,2,2,6,1,1,7,1,6,9,10,8,3,3,0,3,3,3,2,1,3,1,3,1,0,[1]
30438,3,2,0,2,0,2,9,5,1,0,8,5,4,0,2,3,2,3,0,1,0,0,2,0,[1]
14069,0,2,1,2,0,1,1,1,0,1,1,1,0,0,1,0,1,1,0,0,0,0,0,0,[1]
9676,0,1,2,2,0,4,4,4,4,4,4,1,0,0,1,0,1,1,0,0,0,0,0,0,[1]
13872,0,1,2,2,0,4,2,2,2,2,2,1,0,0,1,0,1,1,0,0,0,0,0,0,[1]
30978,1,2,0,1,0,10,5,5,0,9,2,2,1,2,5,0,3,1,0,0,2,3,0,0,[1]
33367,0,2,0,0,1,9,4,5,3,9,1,3,4,0,0,0,0,3,3,2,2,2,2,0,[1]
30474,1,1,4,0,2,0,7,0,3,8,4,2,1,0,2,4,2,2,1,2,0,3,3,0,[1]
31307,1,1,4,1,2,0,4,4,0,8,6,4,3,1,3,2,0,4,3,0,0,0,1,0,[1]
12714,0,1,4,1,1,2,2,2,2,2,2,1,0,0,1,0,1,1,0,0,0,0,0,0,[1]
27880,0,2,3,1,0,2,2,4,4,4,2,1,0,0,1,0,1,1,0,0,0,0,0,0,[1]
10377,0,2,2,1,1,2,1,1,0,0,0,1,0,0,1,0,1,1,0,0,0,0,0,0,[1]
12715,1,2,2,1,0,3,4,4,4,4,4,1,0,0,2,1,1,1,0,0,0,0,0,0,[1]
26440,0,2,2,1,1,4,4,4,4,4,4,1,0,0,1,0,1,1,0,0,0,0,0,0,[1]
32704,0,1,3,0,1,10,8,5,9,3,9,5,2,0,4,3,1,4,2,2,0,1,4,0,[1]
15251,0,2,1,2,0,4,4,4,4,2,2,1,0,0,1,0,1,1,0,0,0,0,0,0,[1]
34491,2,2,4,3,1,5,6,6,2,10,9,4,1,0,0,0,2,4,0,1,2,2,4,0,[1]
23716,0,2,3,1,1,3,0,0,0,1,2,0,0,0,0,0,1,1,0,0,0,0,0,0,[1]
19075,0,2,1,1,0,3,4,2,2,2,4,1,0,0,1,0,1,1,0,0,0,0,0,0,[1]
22387,1,2,1,2,0,2,2,2,2,2,1,2,1,0,1,0,1,1,0,0,0,2,0,0,[1]
32632,3,2,0,0,2,3,7,5,9,4,7,2,2,1,1,2,1,3,3,2,0,3,4,0,[1]
22992,1,2,2,1,1,1,1,1,1,1,0,1,0,0,1,0,0,1,0,0,0,0,0,0,[1]
11122,0,1,1,2,0,3,4,4,2,2,2,1,0,0,1,0,1,1,0,0,0,0,0,0,[1]
31968,2,1,6,3,1,4,10,2,1,0,0,0,0,1,5,4,0,4,2,1,1,2,4,0,[1]
9988,1,2,2,2,0,1,1,0,0,0,0,1,0,0,1,0,1,1,0,0,0,0,0,0,[1]
31110,1,1,5,0,0,6,4,4,1,7,3,1,0,2,2,1,2,3,2,2,2,3,2,0,[1]
5755,0,2,3,1,0,3,4,4,4,4,4,1,0,0,1,0,1,1,0,0,0,0,0,0,[1]
20238,0,2,3,3,2,4,4,2,2,2,2,1,0,0,1,0,1,1,0,0,0,0,0,0,[1]
2591,0,2,2,2,0,3,4,4,2,2,0,1,0,0,1,0,1,1,0,0,0,0,0,0,[1]
32929,4,2,5,3,0,8,10,5,1,9,6,4,0,2,5,1,0,3,0,1,2,0,0,0,[1]
31350,4,2,4,0,2,4,4,7,0,4,7,1,0,2,5,4,3,3,3,3,2,2,4,0,[1]
22429,0,2,1,2,0,1,4,4,4,4,4,1,0,0,1,0,1,1,0,0,0,0,0,0,[1]
13173,0,2,2,1,0,4,2,2,2,2,2,1,0,0,1,0,1,1,0,0,0,0,0,0,[1]
27483,0,1,3,2,1,4,4,2,2,2,2,1,0,0,1,0,1,1,0,0,0,0,0,0,[1]
27087,0,1,3,1,0,1,4,4,4,1,1,1,0,0,1,0,1,1,0,0,0,0,0,0,[1]
27359,0,1,2,1,0,3,1,2,2,2,2,1,0,0,1,0,1,1,0,0,0,0,0,0,[1]
17024,0,2,3,2,0,2,2,1,2,2,1,1,0,0,1,0,1,1,0,0,0,0,0,0,[1]
13696,0,2,2,2,1,4,4,4,4,4,4,1,0,0,1,0,1,1,0,0,0,0,0,0,[1]
6555,0,1,1,2,0,3,4,2,2,2,4,1,0,0,1,0,1,1,0,0,0,0,0,0,[1]
7991,0,2,3,1,0,1,1,1,2,2,0,1,0,0,1,0,1,1,0,0,0,0,0,0,[1]
34884,4,1,0,2,1,9,0,4,7,2,0,3,4,0,5,4,1,1,3,1,2,3,2,0,[1]
5220,0,1,1,2,0,2,2,2,2,2,0,1,0,0,1,0,1,1,0,0,0,0,0,0,[1]
33088,1,2,0,3,1,3,8,0,1,8,7,3,2,1,2,4,0,3,0,1,0,3,4,0,[1]
31092,2,1,1,3,2,6,6,6,3,9,2,1,3,2,3,1,1,1,1,2,0,0,2,0,[1]
33886,4,2,3,1,1,0,3,0,4,0,3,1,0,2,0,3,0,1,3,1,0,2,2,0,[1]
15043,0,1,1,2,1,2,2,2,2,4,2,1,0,0,1,0,1,1,0,0,0,0,0,0,[1]
2053,0,1,3,1,0,4,4,4,4,4,4,1,0,0,1,0,1,1,0,0,0,0,0,0,[1]
30721,3,2,4,0,1,2,2,3,4,10,7,0,2,1,1,2,0,4,2,1,2,3,4,0,[1]
849,0,2,3,1,1,1,4,1,2,2,2,1,0,0,1,0,1,1,0,0,0,0,0,0,[1]
24995,0,1,6,1,1,2,2,2,2,2,2,1,0,0,1,0,1,1,0,0,0,0,0,0,[1]
24000,0,1,2,2,0,4,4,2,2,2,2,1,0,0,1,0,1,1,0,0,0,0,0,0,[1]
19320,0,2,2,1,0,2,2,2,2,0,0,1,0,0,1,0,1,1,0,0,0,0,0,0,[1]
11584,0,2,1,1,0,4,4,4,4,4,4,1,0,0,1,0,1,1,0,0,0,0,0,0,[1]
6774,1,1,2,1,1,1,1,1,1,0,0,1,0,0,1,0,1,1,0,0,0,0,0,0,[1]
32075,3,2,6,1,2,2,4,10,4,2,0,1,1,1,0,3,2,2,3,2,2,2,4,0,[1]
30198,3,1,2,1,1,4,6,0,3,4,8,5,4,0,1,2,1,3,1,0,1,0,0,0,[1]
16318,0,2,2,1,0,3,1,1,1,1,0,1,0,0,1,0,1,1,0,0,0,0,0,0,[1]
25062,0,1,3,2,1,4,2,2,2,2,2,1,0,0,1,0,1,1,0,0,0,0,0,0,[1]
25812,0,2,1,1,0,2,2,2,4,2,2,1,0,0,1,0,1,1,0,0,0,0,0,0,[1]
34128,1,1,4,3,1,4,3,1,2,1,5,4,4,0,2,0,1,2,3,3,1,3,0,0,[1]
23649,0,2,3,1,1,3,4,4,2,2,4,1,0,0,1,0,1,1,0,0,0,0,0,0,[1]
7692,1,1,2,1,1,4,4,4,4,2,2,2,1,0,1,0,1,1,0,0,0,0,0,0,[1]
30168,0,1,1,2,0,10,6,8,0,5,8,3,3,0,5,3,2,1,1,3,1,3,4,0,[1]
14277,0,2,2,3,1,3,4,4,2,2,2,1,0,0,1,0,1,1,0,0,0,0,0,0,[1]
24887,0,1,1,2,0,2,2,2,2,4,2,1,0,0,1,0,1,1,0,0,0,0,0,0,[1]
3874,1,2,1,1,0,1,1,1,2,1,1,1,0,0,1,0,1,1,0,0,0,0,0,0,[1]
32406,4,1,2,3,0,5,7,2,2,6,7,2,1,1,3,2,2,4,0,1,0,3,2,0,[1]
4222,0,1,1,2,0,4,2,2,2,2,2,1,0,0,1,0,1,1,0,0,0,0,0,0,[1]
22880,0,2,3,1,0,3,4,4,4,4,4,1,0,0,1,0,1,1,0,0,0,0,0,0,[1]
10860,0,1,1,2,0,3,1,1,2,2,2,1,0,0,1,0,1,1,0,0,0,0,0,0,[1]
34752,3,1,3,3,2,0,3,0,2,1,6,4,4,0,5,1,2,4,1,1,2,1,3,0,[1]
5544,1,1,1,2,0,3,0,1,2,1,1,1,0,0,1,0,1,1,0,0,0,0,0,0,[1]
31349,4,2,5,3,1,2,7,8,7,8,0,4,1,2,5,0,1,3,2,3,1,2,3,0,[1]
11867,2,1,1,1,1,4,4,2,2,2,2,3,2,0,2,1,2,1,0,0,0,1,0,0,[1]
18193,0,1,2,1,1,4,2,2,2,2,2,1,0,0,1,0,1,1,0,0,0,0,0,0,[1]
26702,0,1,1,2,0,3,4,4,4,4,4,1,0,0,1,0,1,1,0,0,0,0,0,0,[1]
17359,1,2,2,1,1,1,2,2,1,2,2,1,0,0,1,0,0,1,0,0,0,0,0,0,[1]
34969,0,1,3,3,0,0,1,8,4,5,10,4,0,0,5,2,0,1,3,2,0,0,4,0,[1]
11259,0,1,3,2,0,4,4,2,2,2,2,1,0,0,1,0,1,1,0,0,0,0,0,0,[1]
2549,0,1,3,2,0,4,4,4,2,2,2,1,0,0,1,0,1,1,0,0,0,0,0,0,[1]
34571,4,1,4,0,0,6,1,7,9,1,9,4,4,0,3,3,2,1,2,2,1,2,2,0,[1]
14441,1,1,1,3,1,2,2,2,2,2,2,2,1,0,2,1,1,1,0,0,0,0,0,0,[1]
3074,0,1,3,2,0,4,4,2,2,2,2,1,0,0,1,0,1,1,0,0,0,0,0,0,[1]
30191,1,2,6,2,2,10,2,0,6,2,5,5,0,1,1,2,0,4,3,2,0,2,2,0,[1]
27903,0,2,3,2,0,2,2,1,1,2,1,1,0,0,1,0,1,1,0,0,0,0,0,0,[1]
8401,0,1,1,2,0,1,1,4,1,2,1,1,0,0,1,0,1,1,0,0,0,0,0,0,[1]
33659,2,1,5,3,1,0,2,10,8,1,1,0,2,0,1,4,3,2,0,3,0,2,2,0,[1]
32195,1,1,3,2,0,3,7,2,9,3,8,4,1,1,4,3,0,1,2,3,2,2,2,0,[1]
33151,2,2,0,0,0,7,6,0,4,8,9,0,1,0,2,2,0,4,2,0,1,2,0,0,[1]
20490,1,1,2,2,0,3,0,1,4,1,2,1,0,0,1,0,1,1,0,0,0,0,0,0,[1]
10467,0,1,2,2,0,4,4,4,4,4,4,1,0,0,1,0,1,1,0,0,0,0,0,0,[1]
21323,1,1,1,1,1,3,0,1,1,1,1,1,0,0,1,0,1,1,0,0,0,0,0,0,[1]
13221,0,1,2,2,0,3,4,4,4,4,4,1,0,0,1,0,1,1,0,0,0,0,0,0,[1]
34536,1,2,4,2,2,2,1,9,4,5,3,5,3,2,3,4,2,3,1,0,2,2,4,0,[1]
217,0,1,2,2,0,4,2,2,2,2,2,1,0,0,1,0,1,1,0,0,0,0,0,0,[1]
30797,0,2,0,1,1,5,4,10,5,2,7,3,2,2,2,2,2,1,3,1,2,2,0,0,[1]
33041,2,2,0,1,1,2,4,10,5,9,6,0,0,1,2,3,2,2,3,1,1,0,2,0,[1]
31640,1,1,5,0,1,3,7,7,0,3,4,2,3,1,2,4,1,1,0,3,1,1,2,0,[1]
31703,2,2,2,2,2,10,9,6,5,4,4,1,3,0,5,4,2,4,2,1,1,0,1,0,[1]
12096,0,1,3,3,1,4,2,2,2,2,2,1,0,0,1,0,1,1,0,0,0,0,0,0,[1]
10786,0,2,1,2,0,3,0,0,0,0,1,0,0,0,0,0,1,1,0,0,0,0,0,0,[1]
14337,0,2,2,1,0,3,0,1,1,0,0,0,0,0,0,0,0,1,0,0,0,0,0,0,[1]
3046,1,2,2,1,1,3,4,4,4,4,4,2,1,0,2,1,2,1,0,0,0,0,0,0,[1]
19783,1,2,2,1,0,3,1,1,1,2,2,1,0,0,1,0,1,1,0,0,0,0,0,0,[1]
30109,3,1,0,1,2,4,10,6,10,0,7,5,0,1,1,4,0,1,0,3,2,2,1,0,[1]
31197,3,1,1,1,2,2,9,10,8,3,9,0,4,2,0,2,1,4,0,0,0,0,3,0,[1]
3520,0,1,1,1,1,3,0,0,0,0,0,1,0,0,1,0,1,1,0,0,0,0,0,0,[1]
2973,0,2,2,1,0,4,4,4,4,4,4,1,0,0,1,0,1,1,0,0,0,0,0,0,[1]
390,1,1,1,1,0,3,0,0,0,0,0,1,0,0,1,0,1,1,0,0,0,0,0,0,[1]
29583,0,1,1,2,0,1,1,1,0,1,1,1,0,0,1,0,1,1,0,0,0,0,0,0,[1]
11803,0,2,2,1,0,4,4,2,2,2,2,1,0,0,1,0,1,1,0,0,0,0,0,0,[1]
9435,0,1,3,2,1,4,4,2,2,1,1,1,0,0,1,0,1,1,0,0,0,0,0,0,[1]
27286,1,1,1,1,0,3,0,0,1,2,2,1,0,0,1,0,1,1,0,0,0,0,0,0,[1]
34677,3,2,2,0,0,2,1,5,5,6,9,0,4,2,3,1,0,3,0,3,0,0,1,0,[1]
29688,0,1,3,1,1,4,4,4,4,2,2,1,0,0,1,0,1,1,0,0,0,0,0,0,[1]
659,1,2,2,2,0,1,4,1,1,2,1,1,0,0,1,0,1,1,0,0,0,0,0,0,[1]
31684,1,1,6,2,1,9,8,2,7,10,3,1,2,2,3,2,1,2,2,1,0,3,2,0,[1]
9949,0,2,2,2,0,3,5,4,4,4,4,1,0,0,1,0,1,1,0,0,0,0,0,0,[1]
21242,0,1,1,1,1,3,0,0,0,0,0,1,0,0,1,0,1,1,0,0,0,0,0,0,[1]
20226,1,2,6,2,1,4,2,2,2,2,2,3,2,0,3,2,1,1,0,0,0,0,1,0,[1]
18140,1,1,1,1,0,2,2,2,2,2,4,1,0,0,1,1,1,1,0,0,0,0,0,0,[1]
15715,1,1,1,1,0,0,0,0,0,1,1,1,0,0,1,1,1,1,0,0,1,0,0,0,[1]
7196,0,2,2,1,0,1,1,1,1,1,2,1,0,0,0,0,1,1,0,0,0,0,0,0,[1]
30879,1,1,2,0,2,6,8,8,4,2,10,0,4,1,3,0,3,2,2,1,0,1,0,0,[1]
9007,1,2,1,1,1,0,0,0,0,1,1,0,0,0,1,0,1,1,0,0,0,0,0,0,[1]
30732,0,2,1,0,1,10,7,3,3,5,10,0,0,0,2,4,2,3,0,2,2,0,4,0,[1]
28266,0,2,3,1,1,3,1,1,1,1,1,0,0,0,1,0,1,1,0,0,0,0,0,0,[1]
18058,0,1,3,1,0,7,6,5,4,2,2,1,0,0,1,0,1,1,0,0,0,0,0,0,[1]
14524,1,2,1,2,0,0,0,0,1,2,2,1,0,0,1,1,1,1,0,1,0,0,0,0,[1]
29077,0,2,2,1,1,2,2,4,2,2,2,1,0,0,1,0,1,1,0,0,0,0,0,0,[1]
8121,0,1,1,2,0,2,2,2,2,2,0,1,0,0,1,0,1,1,0,0,0,0,0,0,[1]
33826,2,2,2,3,1,7,6,7,3,0,5,4,1,1,0,4,2,4,0,3,2,3,2,0,[1]
30026,1,1,3,0,1,8,1,3,4,8,6,2,3,1,2,3,2,1,3,3,1,1,2,0,[1]
13272,0,2,1,2,0,3,1,4,1,2,2,0,0,0,1,0,1,1,0,0,0,0,0,0,[1]
16126,0,2,2,1,0,4,4,4,4,2,2,1,0,0,1,0,1,1,0,0,0,0,0,0,[1]
32592,4,2,2,1,2,4,0,8,9,3,10,5,3,2,4,3,1,3,0,3,1,0,3,0,[1]
13987,0,2,3,2,2,4,4,4,4,2,2,1,0,0,1,0,1,1,0,0,0,0,0,0,[1]
34116,2,1,0,1,2,7,10,1,4,10,0,0,1,2,4,0,3,1,0,3,0,2,3,0,[1]
34910,4,1,4,1,2,10,3,1,3,1,2,4,4,0,2,4,1,2,2,0,0,1,4,0,[1]
13680,0,1,3,1,0,4,4,4,2,2,2,1,0,0,1,0,1,1,0,0,0,0,0,0,[1]
30310,3,1,4,3,1,6,3,7,0,2,2,3,1,2,3,4,2,1,3,0,2,1,2,0,[1]
9691,0,2,1,2,0,1,5,4,4,4,4,1,0,0,1,0,0,1,0,0,0,0,0,0,[1]
32255,4,1,5,3,2,1,7,4,3,0,10,3,4,2,1,3,1,4,1,1,2,2,4,0,[1]
10040,1,2,1,1,1,0,0,0,1,2,2,1,0,0,1,0,1,1,0,0,0,0,0,0,[1]
29605,2,1,1,1,0,2,2,4,2,2,2,3,2,0,3,1,2,1,0,0,0,0,0,0,[1]
7067,0,2,1,2,0,4,4,5,5,5,5,1,0,0,1,0,1,1,0,0,0,0,0,0,[1]
26814,2,1,1,3,0,3,1,1,1,1,1,1,0,0,1,0,1,1,0,0,0,0,0,0,[1]
3278,0,2,1,2,0,2,2,5,4,4,2,1,0,0,1,0,1,1,0,0,0,0,0,0,[1]
13569,0,1,3,1,1,4,4,4,2,2,2,1,0,0,1,0,1,1,0,0,0,0,0,0,[1]
6570,0,2,2,1,1,3,1,1,1,1,1,0,0,0,1,0,1,1,0,0,0,0,0,0,[1]
160,0,1,1,2,1,4,4,4,4,4,2,1,0,0,1,0,1,1,0,0,0,0,0,0,[1]
31830,1,1,0,2,0,8,1,2,8,2,0,4,4,2,4,2,0,2,3,1,2,1,4,0,[1]
20001,0,2,1,2,0,5,4,1,1,2,2,1,0,0,1,0,1,1,0,0,0,0,0,0,[1]
7328,1,2,1,1,1,0,0,0,1,1,2,1,0,0,0,1,1,1,0,0,1,0,0,0,[1]
1147,1,1,1,2,0,3,4,2,2,1,1,1,0,0,1,0,1,1,0,0,0,0,0,0,[1]
15013,0,1,2,2,1,3,6,5,4,4,4,1,0,0,1,0,1,1,0,0,0,0,0,0,[1]
30359,1,2,0,2,0,2,1,10,7,2,4,1,0,2,5,3,3,4,3,1,1,3,2,0,[1]
28826,0,2,2,1,1,2,2,4,2,2,2,1,0,0,1,0,1,1,0,0,0,0,0,0,[1]
26115,1,2,2,2,0,3,0,0,0,0,0,1,0,0,1,0,1,1,0,0,0,0,0,0,[1]
21987,0,2,1,2,0,3,1,1,1,0,0,1,0,0,1,0,1,1,0,0,0,0,0,0,[1]
31743,0,1,4,3,2,10,7,3,5,6,2,1,3,0,2,2,1,2,0,1,2,1,3,0,[1]
33235,0,1,6,2,0,6,3,4,10,5,7,1,4,1,1,3,3,3,3,1,1,2,3,0,[1]
26741,0,1,3,2,0,4,1,1,1,1,0,1,0,0,1,0,1,1,0,0,0,0,0,0,[1]
32137,0,2,6,1,0,9,8,4,8,1,1,3,0,2,2,2,1,4,0,3,1,2,1,0,[1]
30924,1,1,4,2,2,6,4,5,3,2,0,1,2,1,1,3,0,1,3,0,0,1,1,0,[1]
14418,0,2,2,1,1,4,4,6,5,4,2,1,0,0,1,0,1,1,0,0,0,0,0,0,[1]
3802,0,1,1,1,1,1,1,4,2,2,1,1,0,0,1,0,1,1,0,0,0,0,0,0,[1]
20430,0,1,2,2,0,4,2,2,2,2,2,1,0,0,1,0,1,1,0,0,0,0,0,0,[1]
30920,3,1,5,3,0,8,8,8,2,7,3,1,1,1,0,1,3,3,1,2,1,3,4,0,[1]
125,0,1,2,2,0,3,0,0,0,0,0,1,0,0,1,0,1,1,0,0,0,0,0,0,[1]
18972,0,2,1,2,0,5,4,2,2,4,2,1,0,0,1,0,1,1,0,0,0,0,0,0,[1]
32228,2,2,2,3,0,4,6,5,10,6,10,3,4,0,4,3,2,4,3,3,0,0,4,0,[1]
31009,0,1,3,1,2,4,4,1,5,8,0,0,4,2,0,4,2,2,3,3,1,0,2,0,[1]
29323,0,1,1,2,0,2,2,2,2,4,2,1,0,0,1,0,1,1,0,0,0,0,0,0,[1]
29801,1,1,1,2,0,4,4,4,4,4,4,1,0,0,1,0,1,1,0,0,0,0,0,0,[1]
20815,0,1,3,1,1,1,1,1,1,2,2,1,0,0,1,0,1,1,0,0,0,0,0,0,[1]
17191,0,2,2,1,0,4,2,2,2,2,2,1,0,0,1,0,1,1,0,0,0,0,0,0,[1]
9384,0,1,2,2,0,3,6,5,4,2,2,1,0,0,1,0,1,1,0,0,0,0,0,0,[1]
12817,1,1,2,1,1,1,2,1,2,2,0,1,0,0,1,0,0,1,0,0,0,0,0,0,[1]
30722,2,2,1,1,2,4,4,3,0,2,6,2,2,1,3,4,3,3,1,1,1,3,0,0,[1]
6994,2,2,3,2,0,4,4,4,4,2,2,3,2,0,2,1,2,1,0,0,0,0,0,0,[1]
19551,0,2,3,2,1,4,4,1,4,2,2,1,0,0,1,0,1,1,0,0,0,0,0,0,[1]
20868,0,1,3,1,1,3,4,2,2,4,2,1,0,0,1,0,1,1,0,0,0,0,0,0,[1]
22142,1,2,1,1,0,4,1,1,2,2,1,1,0,0,1,0,1,1,0,0,0,0,0,0,[1]
8791,0,1,1,1,0,2,2,2,2,2,0,1,0,0,1,0,1,1,0,0,0,0,0,0,[1]
32684,3,2,3,3,0,8,3,2,8,6,5,2,0,1,0,4,0,2,0,3,0,0,1,0,[1]
28747,0,2,2,1,0,5,4,4,9,9,9,1,0,0,1,0,1,1,0,0,0,0,0,0,[1]
8696,0,1,3,1,1,4,4,4,2,2,2,1,0,0,1,0,1,1,0,0,0,0,0,0,[1]
24195,0,1,2,1,0,0,1,1,0,0,0,1,0,0,1,0,1,1,0,0,0,0,0,0,[1]
22522,0,2,2,1,0,4,4,4,4,4,4,1,0,0,1,0,1,1,0,0,0,0,0,0,[1]
7002,0,2,3,1,0,4,4,4,4,4,4,1,0,0,1,0,1,1,0,0,0,0,0,0,[1]
27793,2,2,3,2,0,4,4,4,2,2,2,1,0,0,1,0,1,1,0,0,0,0,0,0,[1]
2071,0,1,2,1,0,4,4,4,2,2,2,1,0,0,1,0,1,1,0,0,0,0,0,0,[1]
32054,0,1,0,2,0,6,1,0,5,4,3,5,0,0,2,2,1,4,3,3,1,1,4,0,[1]
20850,1,1,2,1,0,2,2,2,4,1,1,1,0,0,1,0,1,1,0,0,0,0,0,0,[1]
29399,1,1,2,2,0,0,0,0,0,0,0,0,0,0,0,0,1,1,0,0,0,0,0,0,[1]
12163,0,1,1,2,1,3,4,4,4,4,4,1,0,0,1,0,1,1,0,0,0,0,0,0,[1]
30526,1,2,1,3,0,1,4,3,8,5,1,1,1,0,3,4,0,3,0,2,0,3,2,0,[1]
30616,2,1,6,1,1,4,9,0,2,5,1,1,0,1,5,2,2,2,1,1,1,1,2,0,[1]
7573,1,1,1,2,0,2,2,2,2,4,4,2,1,0,2,1,1,1,0,0,0,0,0,0,[1]
30500,0,1,3,0,0,4,7,0,0,2,10,1,2,0,4,2,3,2,2,1,2,3,1,0,[1]
32938,3,2,5,3,1,5,0,1,6,4,5,5,2,0,5,0,1,2,2,3,1,3,0,0,[1]
33966,0,1,2,1,1,1,10,2,4,7,7,2,2,1,1,0,1,3,0,3,0,0,0,0,[1]
8053,1,1,2,2,0,4,2,2,2,2,2,1,0,0,1,0,1,1,0,0,0,0,0,0,[1]
29707,0,1,3,1,0,2,2,2,4,4,4,1,0,0,1,0,1,1,0,0,0,0,0,0,[1]
17676,1,2,1,1,0,4,1,2,2,2,2,1,0,0,1,0,1,1,0,0,0,0,0,0,[1]
691,0,1,2,2,0,1,4,4,0,0,0,1,0,0,1,0,1,1,0,0,0,0,0,0,[1]
18720,0,2,2,1,0,4,4,2,2,4,2,1,0,0,1,0,1,1,0,0,0,0,0,0,[1]
4617,0,1,2,2,0,3,4,4,4,4,4,1,0,0,1,0,1,1,0,0,0,0,0,0,[1]
6208,1,1,2,1,1,4,2,2,2,2,2,1,0,0,1,0,1,1,0,0,0,0,0,0,[1]
1507,1,2,2,1,0,3,0,1,2,2,2,1,0,0,1,0,1,1,0,0,0,0,0,0,[1]
31410,1,2,0,3,0,1,4,9,1,5,7,0,1,0,1,4,3,4,3,2,1,3,0,0,[1]
29125,1,2,1,2,1,1,1,1,0,1,1,1,0,0,1,0,1,1,0,0,0,0,0,0,[1]
32847,1,1,2,0,1,6,5,1,0,7,5,1,0,0,4,1,1,4,1,3,1,2,4,0,[1]
3000,1,2,1,2,0,1,1,1,1,1,1,1,0,0,1,0,0,1,0,0,0,0,2,0,[1]
7383,0,1,2,1,1,4,4,2,2,2,2,1,0,0,1,0,1,1,0,0,0,0,0,0,[1]
30714,4,1,4,0,0,5,3,8,6,8,3,5,4,0,1,3,0,1,1,3,0,3,4,0,[1]
33407,3,2,0,3,2,3,10,9,7,8,2,1,2,1,5,1,0,1,1,1,2,1,2,0,[1]
17668,1,2,1,1,1,3,0,1,1,0,1,0,0,0,1,0,1,1,0,0,0,0,0,0,[1]
19398,0,2,2,2,0,0,0,0,0,0,0,0,0,0,0,0,0,1,0,0,0,0,0,0,[1]
34672,2,1,3,1,2,1,6,10,1,4,0,1,0,0,3,3,2,4,1,3,2,1,3,0,[1]
5276,0,1,3,2,0,4,2,2,2,2,2,1,0,0,1,0,1,1,0,0,0,0,0,0,[1]
23546,1,2,1,1,0,2,2,1,2,1,1,1,0,0,1,0,1,1,0,0,0,0,0,0,[1]
4086,1,1,3,2,0,4,4,2,2,2,2,2,1,0,2,1,2,1,0,0,0,1,0,0,[1]
5476,0,2,2,1,1,4,4,2,2,2,2,1,0,0,1,0,1,1,0,0,0,0,0,0,[1]
5115,0,1,2,2,0,7,6,5,6,5,4,1,0,0,1,0,1,1,0,0,0,0,0,0,[1]
16953,0,1,3,2,1,4,2,2,4,5,4,1,0,0,1,0,1,1,0,0,0,0,0,0,[1]
17794,2,2,1,2,1,3,0,0,0,0,0,1,0,0,1,0,1,1,0,0,0,0,0,0,[1]
33437,1,2,3,0,1,8,10,9,8,6,8,0,3,1,3,1,2,1,1,2,1,1,3,0,[1]
307,1,2,2,1,0,3,1,1,0,0,0,1,0,0,1,0,1,1,0,0,0,0,0,0,[1]
34346,1,2,0,3,2,3,8,5,10,3,2,0,0,2,4,2,0,4,2,0,1,0,0,0,[1]
30528,1,1,2,1,0,1,2,10,1,4,4,0,2,1,0,2,1,3,2,1,1,3,3,0,[1]
33164,1,1,6,3,0,5,5,2,4,0,1,2,0,1,3,1,0,3,3,3,1,3,2,0,[1]
25682,2,2,3,1,0,0,0,0,0,0,0,0,0,0,0,0,1,1,0,0,0,0,0,0,[1]
8428,0,1,1,2,0,3,4,4,4,4,4,1,0,0,1,0,1,1,0,0,0,0,0,0,[1]
23665,0,2,3,1,1,1,1,4,2,1,1,1,0,0,1,0,1,1,0,0,0,0,0,0,[1]
29173,1,2,1,1,2,0,0,0,0,1,1,1,0,0,1,0,1,1,0,0,0,0,0,0,[1]
3599,0,2,2,2,0,0,0,0,0,1,4,1,0,0,1,0,1,1,0,0,0,0,0,0,[1]
31709,2,1,0,1,0,8,7,2,10,8,5,0,0,1,3,1,2,1,3,3,0,2,0,0,[1]
16726,0,1,3,1,0,3,4,2,2,0,0,1,0,0,1,0,1,1,0,0,0,0,0,0,[1]
21212,0,1,1,2,1,4,4,4,2,2,4,1,0,0,1,0,1,1,0,0,0,0,0,0,[1]
32017,3,2,5,3,0,5,2,9,8,4,9,4,1,0,3,1,3,3,1,0,0,1,0,0,[1]
27426,0,1,2,1,1,1,1,1,1,0,0,1,0,0,0,0,0,1,0,0,0,0,0,0,[1]
6112,2,1,1,2,0,0,0,0,1,4,1,1,0,0,1,0,1,1,0,0,0,0,0,0,[1]
12942,1,1,1,1,0,3,0,0,0,0,1,1,0,0,1,0,1,1,0,0,0,0,0,0,[1]
15117,0,1,1,1,1,4,4,4,4,2,2,1,0,0,1,0,1,1,0,0,0,0,0,0,[1]
20521,0,1,2,2,0,4,4,4,2,2,2,1,0,0,1,0,1,1,0,0,0,0,0,0,[1]
31236,1,2,2,3,0,2,4,7,7,5,6,1,4,2,0,2,0,2,3,0,0,3,1,0,[1]
32408,4,2,0,1,1,0,8,4,4,3,0,1,1,0,0,1,0,1,2,2,0,0,4,0,[1]
34523,4,1,5,0,1,1,8,2,9,7,10,1,3,2,4,2,2,1,1,0,2,2,2,0,[1]
34425,2,1,5,2,0,3,7,10,9,0,7,5,2,1,5,0,3,3,3,1,0,1,3,0,[1]
11098,0,1,1,2,0,4,2,2,2,4,4,1,0,0,1,0,1,1,0,0,0,0,0,0,[1]
14937,0,2,1,2,0,4,2,2,2,2,2,1,0,0,1,0,1,1,0,0,0,0,0,0,[1]
21290,2,1,1,1,1,2,1,1,1,2,1,1,0,0,1,0,1,1,0,0,0,0,0,0,[1]
31923,2,1,0,2,2,0,10,5,8,7,7,3,4,2,1,3,1,3,1,3,1,0,0,0,[1]
24422,0,1,2,1,0,4,2,2,2,2,2,1,0,0,1,0,1,1,0,0,0,0,0,0,[1]
18988,0,2,1,2,0,5,5,4,4,4,4,1,0,0,1,0,1,1,0,0,0,0,0,0,[1]
34457,3,2,1,0,1,3,10,2,4,3,0,3,4,0,2,3,2,1,2,1,0,3,3,0,[1]
33583,1,2,5,0,1,9,3,2,10,5,2,4,3,0,5,0,3,2,2,0,0,0,0,0,[1]
12666,2,2,2,1,0,0,0,0,0,1,1,1,0,0,1,0,1,1,0,0,0,0,0,0,[1]
4326,0,1,1,1,1,1,1,1,1,2,2,1,0,0,1,0,1,1,0,0,0,0,0,0,[1]
26101,0,2,3,1,1,4,2,2,2,2,2,1,0,0,1,0,1,1,0,0,0,0,0,0,[1]
19745,0,2,3,2,1,4,1,1,1,1,1,1,0,0,1,0,1,1,0,0,0,0,0,0,[1]
28100,1,2,1,2,0,1,1,1,1,1,1,1,0,0,1,0,0,1,0,0,0,0,0,0,[1]
6210,0,2,2,1,0,4,4,4,4,4,4,1,0,0,1,0,1,1,0,0,0,0,0,0,[1]
6863,0,2,3,3,1,2,2,4,4,1,2,1,0,0,0,0,1,1,0,0,0,0,0,0,[1]
14173,1,1,1,2,0,1,1,1,0,1,1,1,0,0,0,0,1,1,0,0,0,0,0,0,[1]
24052,1,1,3,2,0,2,2,2,2,2,2,2,1,0,1,0,1,1,0,0,0,0,0,0,[1]
29448,0,1,1,2,0,1,4,4,1,1,1,1,0,0,1,0,1,1,0,0,0,0,0,0,[1]
9553,0,2,2,1,1,2,2,4,2,2,2,1,0,0,1,0,1,1,0,0,0,0,0,0,[1]
31300,2,2,4,2,2,0,1,0,4,6,1,3,1,2,1,2,3,3,3,1,1,3,2,0,[1]
2938,0,1,2,1,0,4,4,2,2,2,2,1,0,0,1,0,1,1,0,0,0,0,0,0,[1]
