,Unnamed: 0,sexC,ageC,raceC,MC,priors_count_C,c_charge_degree,decile_score,c_days_from_compas_C,juv_fel_count_C,juv_misd_count_C,juv_other_count_C,is_recid,is_violent_recid
3878,3878,0,1,0,0,0,1,3,0,0,0,0,1,1
1294,1294,0,1,0,0,0,1,7,0,0,0,0,0,0
3727,3727,0,1,2,0,0,1,2,0,0,0,0,0,0
1922,1922,0,1,0,0,0,1,2,0,0,0,0,0,0
6088,6088,1,1,0,0,0,1,4,0,0,0,0,0,0
2840,2840,0,0,1,0,0,0,4,0,0,0,0,0,0
3951,3951,0,1,0,0,1,0,9,0,0,0,0,1,0
6458,6458,0,3,0,1,0,1,1,0,0,0,0,0,0
3986,3986,0,1,0,0,0,0,6,0,0,0,0,1,1
3982,3982,0,1,0,0,0,1,7,0,0,0,0,1,0
959,959,0,1,0,0,0,0,5,0,0,0,0,0,0
5674,5674,0,1,1,0,1,0,7,0,0,0,0,1,0
3864,3864,0,1,0,3,0,1,6,0,0,0,0,0,0
6523,6523,0,1,1,0,0,0,4,0,0,0,0,1,1
770,770,0,1,3,0,0,1,7,0,0,0,0,0,0
2615,2615,0,1,0,0,0,0,7,0,0,0,0,0,0
1383,1383,0,1,1,0,0,0,4,0,0,0,0,0,0
1865,1865,0,1,1,0,0,0,4,0,0,0,0,0,0
2714,2714,0,2,0,0,3,1,8,0,0,0,0,1,1
3226,3226,1,1,0,0,0,0,9,0,0,0,0,0,0
5815,5815,1,0,1,0,0,0,4,0,0,0,0,0,0
1591,1591,0,3,1,0,0,1,1,0,0,0,0,0,0
4045,4045,1,3,0,0,0,0,1,0,0,0,0,0,0
5047,5047,0,1,0,4,0,1,2,0,0,0,0,1,0
529,529,0,1,0,0,0,0,5,0,0,0,0,1,1
1419,1419,0,3,1,1,0,1,1,0,0,0,0,1,0
2592,2592,0,0,0,0,0,1,4,0,0,0,0,1,0
1411,1411,0,1,3,1,0,0,3,0,0,0,0,0,0
4295,4295,0,2,1,0,0,0,6,0,0,0,0,1,0
5011,5011,0,1,0,0,1,0,9,0,0,0,0,1,1
4721,4721,0,1,1,5,0,0,1,0,0,0,0,0,0
3105,3105,0,1,1,0,0,1,4,0,0,0,0,1,0
6434,6434,1,3,1,1,0,1,1,0,0,0,0,0,0
1083,1083,0,1,0,4,0,1,2,0,0,0,0,1,0
1996,1996,0,1,1,0,0,0,7,0,0,0,0,1,1
1777,1777,1,1,1,0,0,0,4,0,0,0,0,0,0
118,118,0,2,1,0,0,0,3,0,0,0,0,0,0
2405,2405,1,2,0,0,0,0,3,0,0,0,0,0,0
1599,1599,0,1,0,0,0,0,6,0,0,0,0,1,1
4263,4263,1,1,0,0,0,1,2,0,0,0,0,0,0
315,315,0,2,0,0,0,0,1,0,0,0,0,0,0
6006,6006,1,1,0,4,0,0,2,0,0,0,0,1,0
3812,3812,0,1,0,0,0,0,2,0,0,0,0,0,0
6335,6335,1,1,1,0,0,1,2,0,0,0,0,0,0
5804,5804,0,2,1,0,0,1,1,0,0,0,0,0,0
6089,6089,0,0,0,0,0,0,6,0,0,0,0,1,0
1910,1910,1,1,0,0,0,1,1,0,0,0,0,0,0
1016,1016,1,2,1,0,0,0,5,0,0,0,0,0,0
923,923,0,1,0,0,0,0,1,0,0,0,0,0,0
4498,4498,0,1,0,0,0,0,10,1,0,0,0,0,0
4924,4924,0,2,0,5,0,1,2,0,0,0,0,1,0
2999,2999,0,1,1,0,0,0,6,0,0,0,0,0,0
5022,5022,1,0,1,0,0,0,10,0,0,0,0,1,1
851,851,1,1,0,1,0,0,5,0,0,0,0,0,0
4835,4835,0,1,1,0,0,0,8,0,0,0,0,1,0
392,392,1,1,1,0,0,1,6,0,0,0,0,0,0
3156,3156,0,1,0,0,0,1,4,0,0,0,0,0,0
203,203,0,1,0,0,0,1,5,2,0,0,0,0,0
3382,3382,0,2,0,1,0,1,5,1,0,0,0,0,0
2038,2038,0,2,0,0,0,1,2,0,0,0,0,1,0
2937,2937,0,1,0,0,0,0,10,0,0,0,0,1,0
4114,4114,0,2,2,2,0,0,1,0,0,0,0,1,1
2362,2362,0,1,0,0,0,0,6,0,0,0,0,1,0
1586,1586,0,1,0,0,0,1,7,0,0,0,0,0,0
3326,3326,1,1,1,0,0,1,7,0,0,0,0,1,0
3483,3483,0,1,0,0,0,0,4,0,0,0,0,1,1
4409,4409,0,1,0,0,0,1,6,1,0,0,0,0,0
5436,5436,0,1,0,0,0,0,4,0,0,0,0,0,0
639,639,0,1,3,0,0,1,9,0,0,0,0,1,1
707,707,0,1,0,0,0,0,2,0,0,0,0,0,0
482,482,0,1,0,0,0,0,7,1,0,0,0,0,0
5265,5265,0,1,0,0,0,0,6,0,0,0,0,0,0
4423,4423,0,1,2,0,0,0,7,0,0,0,0,0,0
6873,6873,0,1,0,0,0,0,5,0,0,0,0,0,0
1077,1077,0,1,0,0,0,0,6,0,0,0,0,1,0
1106,1106,0,1,0,0,0,0,2,0,0,0,0,1,0
3612,3612,0,3,0,0,0,1,5,0,0,0,0,0,0
345,345,0,2,0,0,0,0,5,0,0,0,0,0,0
1217,1217,0,1,0,0,0,0,3,0,0,0,0,1,0
1924,1924,0,1,0,0,0,0,3,0,0,0,0,0,0
6533,6533,0,2,1,0,0,1,1,0,0,0,0,0,0
4809,4809,0,2,3,1,0,1,1,0,0,0,0,0,0
3798,3798,0,2,1,0,0,0,2,0,0,0,0,0,0
4430,4430,0,0,0,0,0,0,7,0,0,0,0,1,0
5158,5158,1,1,1,5,0,1,1,0,0,0,0,0,0
1245,1245,0,2,1,0,0,0,1,0,0,0,0,1,1
3636,3636,0,1,0,0,0,0,7,0,0,0,0,1,0
475,475,0,1,0,0,0,0,7,0,0,0,0,1,1
956,956,0,1,2,0,0,1,7,0,0,0,0,1,0
4969,4969,0,1,0,0,0,1,2,0,0,0,0,0,0
2397,2397,0,1,1,0,1,1,4,0,0,0,0,1,1
5966,5966,0,1,1,0,0,0,10,0,0,0,0,0,0
2637,2637,1,1,0,0,0,0,3,0,0,0,0,0,0
6779,6779,0,1,2,0,0,0,5,0,0,0,0,0,0
4926,4926,0,1,3,0,1,0,6,0,0,0,0,1,1
2810,2810,0,1,0,0,0,0,7,0,0,0,0,1,1
2963,2963,0,1,1,0,0,1,1,0,0,0,0,0,0
2797,2797,1,2,1,0,0,0,2,0,0,0,0,1,0
4851,4851,0,1,0,0,0,0,4,0,0,0,0,1,0
1784,1784,1,2,0,0,0,1,1,0,0,0,0,0,0
3124,3124,0,1,1,0,0,1,5,0,0,0,0,1,0
289,289,0,2,1,1,0,0,3,0,0,0,0,0,0
1349,1349,1,1,0,0,0,1,4,0,0,0,0,0,0
2563,2563,0,1,0,0,0,0,5,0,0,0,0,0,0
6038,6038,0,2,1,0,0,0,4,0,0,0,0,0,0
669,669,0,2,0,0,0,0,1,0,0,0,0,0,0
6277,6277,0,2,1,4,0,0,1,0,0,0,0,0,0
5775,5775,1,1,0,0,0,0,5,0,0,0,0,0,0
1906,1906,0,1,0,1,1,0,3,0,0,0,0,0,0
2761,2761,0,1,1,1,0,1,2,0,0,0,0,0,0
6007,6007,0,0,0,0,0,0,5,0,1,0,0,1,1
302,302,1,2,1,5,0,0,2,0,0,0,0,0,0
6707,6707,0,1,1,0,1,1,8,0,0,0,0,1,0
4448,4448,0,1,1,0,0,1,1,0,0,0,0,1,1
6363,6363,0,1,0,2,0,0,3,0,0,0,0,1,0
4347,4347,1,2,1,5,0,0,2,0,0,0,0,0,0
1626,1626,1,1,2,0,0,0,4,0,0,0,0,0,0
4216,4216,0,1,0,0,0,1,4,0,0,0,0,0,0
1700,1700,0,2,2,5,1,1,9,0,0,0,0,0,0
1721,1721,0,2,0,0,2,0,7,0,0,0,0,1,0
5917,5917,0,1,3,0,0,1,3,0,0,0,0,0,0
5894,5894,0,2,1,0,0,0,1,0,0,0,0,1,0
4886,4886,1,1,0,1,0,0,5,0,0,0,0,0,0
2473,2473,0,1,2,0,0,1,1,0,0,0,0,1,0
5463,5463,0,1,0,0,0,0,2,0,0,0,0,0,0
4005,4005,0,2,1,0,0,0,1,0,0,0,0,0,0
2520,2520,0,1,0,0,1,0,8,0,0,0,0,1,0
4451,4451,0,1,3,0,0,1,6,0,0,0,0,0,0
2919,2919,0,1,0,0,0,1,6,0,0,0,0,0,0
1588,1588,0,2,1,0,0,0,1,0,0,0,0,1,0
633,633,0,1,0,0,0,1,4,0,0,0,0,0,0
1032,1032,0,1,1,0,0,1,5,0,0,0,0,0,0
6107,6107,0,1,0,1,0,1,3,0,0,0,0,1,1
687,687,0,1,2,0,0,0,10,0,0,0,0,0,0
5143,5143,0,1,0,0,0,1,3,0,0,0,0,1,0
4391,4391,0,1,1,0,0,0,3,0,0,0,0,1,1
1283,1283,0,1,2,0,0,0,9,0,0,0,0,0,0
5649,5649,1,1,0,1,0,0,1,0,0,0,0,0,0
6153,6153,0,1,1,4,0,1,4,0,0,0,0,1,1
2116,2116,0,2,2,0,1,0,7,0,0,0,0,1,0
2241,2241,0,2,0,0,0,0,1,0,0,0,0,0,0
2167,2167,0,1,0,0,0,1,6,0,0,0,0,1,0
6332,6332,1,1,3,0,0,1,2,0,0,0,0,1,0
2248,2248,0,2,0,1,0,0,1,0,0,0,0,0,0
5654,5654,0,1,1,0,0,0,5,0,0,0,0,1,1
3446,3446,0,2,3,1,0,1,2,0,0,0,0,0,0
867,867,0,1,2,0,0,0,2,0,0,0,0,0,0
4023,4023,0,2,0,1,0,1,1,0,0,0,0,0,0
2019,2019,0,1,0,0,0,0,7,0,0,0,0,0,0
1310,1310,0,2,3,0,1,0,1,0,0,0,0,0,0
3959,3959,0,1,2,0,0,0,7,0,0,0,0,0,0
6348,6348,0,1,0,0,0,0,6,0,0,0,0,1,0
2805,2805,0,2,0,0,2,0,8,0,0,0,0,1,0
4152,4152,0,1,0,0,0,0,4,0,0,0,0,1,0
2418,2418,0,1,2,1,0,0,1,0,0,0,0,0,0
6765,6765,0,1,0,0,1,0,4,0,0,0,0,1,1
456,456,0,1,1,0,0,0,2,0,0,0,0,0,0
325,325,0,1,3,0,0,0,2,0,0,0,0,1,0
1102,1102,0,1,1,0,0,0,5,0,0,0,0,1,0
1627,1627,0,1,0,0,0,1,6,0,0,0,0,1,0
4185,4185,0,1,0,0,0,0,10,0,0,0,0,1,1
4158,4158,0,1,0,0,0,1,8,0,0,0,0,1,1
1123,1123,0,2,0,1,0,1,5,0,0,0,0,0,0
4703,4703,0,2,2,5,0,1,1,0,0,0,0,0,0
5244,5244,0,1,0,0,0,1,4,0,0,0,0,0,0
1990,1990,1,1,0,0,0,1,8,0,0,0,0,1,0
3510,3510,0,1,1,0,0,0,3,0,0,0,0,0,0
3508,3508,0,1,0,0,1,0,5,0,0,0,0,0,0
1970,1970,0,2,0,0,4,0,7,0,0,0,0,1,0
1631,1631,1,2,2,0,0,1,1,0,0,0,0,0,0
3134,3134,0,1,0,0,0,0,2,0,0,0,0,1,0
3542,3542,1,1,0,0,0,0,2,0,0,0,0,0,0
1473,1473,0,2,1,0,0,0,3,0,0,0,0,0,0
2501,2501,0,1,2,0,0,1,2,0,0,0,0,0,0
3938,3938,1,1,1,0,0,0,3,0,0,0,0,1,0
5542,5542,0,2,1,0,1,0,2,0,0,0,0,1,0
2680,2680,0,2,1,0,0,0,3,0,0,0,0,0,0
6206,6206,0,1,0,0,0,0,10,0,0,0,0,1,1
3036,3036,1,1,0,0,0,0,5,0,0,0,0,0,0
2263,2263,0,1,0,0,1,1,8,0,0,0,0,1,1
2327,2327,0,3,0,1,3,0,4,0,0,0,0,0,0
937,937,0,1,0,0,0,0,8,0,0,0,0,1,0
2104,2104,1,1,0,0,0,0,4,0,0,0,0,1,0
1694,1694,0,1,0,0,0,0,1,0,0,0,0,1,1
5379,5379,0,1,0,0,0,1,4,0,0,0,0,1,0
4144,4144,0,1,0,4,0,0,2,0,0,0,0,0,0
4940,4940,0,1,1,0,0,0,3,0,0,0,0,1,0
1064,1064,0,1,0,0,0,1,3,0,0,0,0,1,0
5435,5435,0,1,1,0,0,0,2,0,0,0,0,0,0
933,933,0,1,1,0,1,0,4,0,0,0,0,1,0
710,710,0,1,1,0,2,0,5,0,0,0,0,1,0
4653,4653,0,1,0,0,0,0,6,0,0,0,0,0,0
606,606,0,1,0,0,2,0,9,0,0,0,0,1,0
5428,5428,1,1,0,0,0,0,5,0,0,0,0,0,0
991,991,1,2,1,5,0,1,1,0,0,0,0,0,0
2558,2558,0,2,0,1,0,0,1,0,0,0,0,0,0
6777,6777,1,1,0,0,0,0,6,0,0,0,0,0,0
6644,6644,0,1,2,1,0,0,3,0,0,0,0,0,0
1987,1987,0,0,1,0,0,0,2,0,0,0,0,1,0
5979,5979,1,1,0,4,0,1,4,0,0,0,0,0,0
1094,1094,0,1,1,0,0,1,5,0,0,0,0,0,0
3305,3305,0,1,2,0,0,1,3,0,0,0,0,0,0
772,772,0,1,0,0,0,0,1,0,0,0,0,1,0
6166,6166,0,3,0,1,0,1,1,3,0,0,0,1,1
1250,1250,0,1,0,0,0,1,3,0,0,0,0,0,0
4041,4041,0,1,0,0,0,0,8,0,0,0,0,1,1
44,44,0,1,0,4,1,0,8,0,0,0,0,1,1
3100,3100,0,2,1,0,0,0,4,0,0,0,0,0,0
1204,1204,0,1,1,0,1,1,6,0,0,0,0,1,0
6647,6647,0,1,1,0,0,0,5,0,0,0,0,1,0
1802,1802,0,1,0,0,0,0,4,0,0,0,0,1,1
354,354,0,1,1,0,0,1,6,0,0,0,0,1,0
1230,1230,0,1,2,0,0,0,5,0,0,0,0,0,0
5786,5786,0,3,0,5,3,0,7,0,0,0,0,0,0
2095,2095,0,1,0,0,0,0,6,0,0,0,0,0,0
2469,2469,0,1,1,0,0,0,6,0,0,0,0,0,0
1927,1927,0,2,1,1,0,1,1,0,0,0,0,0,0
285,285,0,1,0,0,0,0,1,0,0,0,0,0,0
689,689,0,3,1,3,0,1,1,0,0,0,0,0,0
5735,5735,0,2,2,1,0,1,1,0,0,0,0,1,0
2809,2809,0,2,0,0,1,0,7,0,0,0,0,0,0
2911,2911,0,3,3,1,0,1,1,0,0,0,0,0,0
541,541,0,1,0,0,0,1,4,0,0,0,0,1,0
3358,3358,0,1,0,0,0,1,2,0,0,0,0,0,0
181,181,0,1,1,0,0,0,4,0,0,0,0,1,0
988,988,0,2,1,1,0,0,1,0,0,0,0,0,0
6795,6795,0,1,0,0,0,0,7,0,0,0,0,1,0
3233,3233,0,1,0,0,0,0,7,0,0,0,0,0,0
6087,6087,0,1,1,0,0,1,2,0,0,0,0,0,0
4844,4844,0,3,0,1,0,1,1,0,0,0,0,0,0
5111,5111,1,0,0,0,0,1,4,0,0,0,0,1,0
6725,6725,0,1,0,6,0,0,1,0,0,0,0,1,1
5517,5517,0,1,0,0,0,0,2,0,0,0,0,1,1
2548,2548,0,1,0,1,0,1,2,0,0,0,0,1,0
3372,3372,0,1,0,0,0,0,9,0,0,0,0,1,0
2566,2566,0,1,3,0,0,1,8,0,0,0,0,0,0
3054,3054,0,1,1,0,0,0,3,0,0,0,0,1,0
2914,2914,0,1,2,0,0,0,5,0,0,0,0,0,0
6232,6232,0,2,2,1,0,0,1,0,0,0,0,0,0
6248,6248,0,1,0,1,0,1,5,0,0,0,0,1,0
824,824,0,1,0,5,1,1,8,0,0,0,0,0,0
5724,5724,1,2,1,0,0,0,9,0,0,0,0,0,0
6876,6876,0,1,0,0,2,0,10,0,0,0,0,1,0
5281,5281,0,1,0,0,0,0,8,0,0,0,0,1,1
5347,5347,0,2,0,0,0,0,4,0,0,0,0,1,0
6242,6242,0,2,0,5,1,1,5,0,0,0,0,1,1
1452,1452,0,2,0,0,1,0,9,0,0,0,0,1,0
3662,3662,1,1,1,1,0,1,3,0,0,0,0,1,0
4496,4496,0,1,0,0,0,0,6,0,0,0,0,0,0
2912,2912,0,1,1,0,0,1,6,0,0,0,0,0,0
4356,4356,1,1,0,0,1,0,9,0,0,0,0,1,0
895,895,0,1,0,0,0,0,8,0,0,0,0,0,0
4964,4964,0,1,0,0,1,0,6,0,0,0,0,0,0
2516,2516,0,0,0,0,0,0,6,0,0,0,0,0,0
4270,4270,0,1,1,0,0,0,2,0,0,0,0,0,0
5745,5745,0,2,2,0,0,0,1,0,0,0,0,0,0
5839,5839,1,2,2,2,0,0,1,0,0,0,0,0,0
1793,1793,0,1,0,1,2,0,9,0,0,0,0,1,0
2237,2237,0,3,1,0,0,0,1,0,0,0,0,0,0
17,17,0,1,1,0,0,0,3,0,0,0,0,1,0
4802,4802,0,1,0,0,0,0,2,0,0,0,0,0,0
5038,5038,1,1,1,0,0,0,2,0,0,0,0,0,0
3129,3129,0,1,1,0,0,0,1,0,0,0,0,0,0
6413,6413,0,1,1,0,0,0,2,0,0,0,0,0,0
2299,2299,0,3,1,0,0,0,1,0,0,0,0,0,0
5404,5404,0,1,1,0,0,0,4,0,0,0,0,1,0
927,927,0,1,0,0,0,1,7,0,0,0,0,1,1
1165,1165,0,1,1,1,0,0,1,0,0,0,0,0,0
4506,4506,0,1,0,0,0,0,8,0,0,0,0,1,1
4573,4573,0,2,2,1,0,1,1,0,0,0,0,0,0
2197,2197,0,1,2,2,0,1,2,0,0,0,0,0,0
3891,3891,1,2,1,1,0,0,1,0,0,0,0,0,0
2658,2658,0,2,0,0,1,0,9,0,0,0,0,1,0
4726,4726,1,3,0,0,1,0,8,0,0,0,0,1,0
1256,1256,0,1,0,0,0,0,2,0,0,0,0,1,0
6017,6017,0,0,1,0,0,0,10,0,0,0,0,1,0
4186,4186,0,1,1,0,0,0,2,0,0,0,0,0,0
5161,5161,1,1,1,0,0,0,6,0,0,0,0,1,0
5440,5440,0,1,1,0,0,0,5,0,0,0,0,0,0
5363,5363,0,2,1,0,0,0,1,0,0,0,0,1,1
4920,4920,1,1,1,0,0,0,5,0,0,0,0,0,0
2200,2200,0,1,0,0,0,0,4,0,0,0,0,1,0
5866,5866,0,2,0,0,1,0,3,0,0,0,0,1,0
5690,5690,0,0,0,0,0,1,4,0,0,0,0,1,1
1974,1974,0,1,1,0,0,0,3,0,0,0,0,0,0
4695,4695,1,1,0,0,0,1,5,0,0,0,0,0,0
5762,5762,0,1,0,6,0,0,4,0,0,0,0,0,0
2591,2591,1,0,0,0,0,1,8,0,0,0,0,1,1
3807,3807,0,2,0,0,0,0,7,1,0,0,0,0,0
5901,5901,0,1,2,0,0,0,3,0,0,0,0,1,0
6481,6481,0,1,2,0,0,0,8,0,0,0,0,1,1
3070,3070,0,1,0,0,1,1,9,0,0,0,0,1,1
3614,3614,0,1,1,0,0,0,7,0,0,0,0,1,0
5236,5236,0,2,3,1,0,1,1,0,0,0,0,0,0
2491,2491,0,2,0,0,0,0,7,0,0,0,0,1,0
2894,2894,0,1,0,0,0,0,6,0,0,0,0,0,0
5226,5226,1,1,0,0,0,1,4,0,0,0,0,1,0
2546,2546,0,2,1,0,0,1,1,0,0,0,0,0,0
2493,2493,1,1,1,0,0,0,3,0,0,0,0,0,0
4361,4361,0,2,2,1,0,0,5,0,0,0,0,0,0
3708,3708,0,1,0,0,0,1,4,0,0,0,0,1,1
5817,5817,0,1,0,0,1,0,6,0,0,0,0,1,0
1783,1783,0,2,3,1,0,0,1,0,0,0,0,1,0
2595,2595,0,1,0,0,0,0,3,0,0,0,0,1,0
1137,1137,0,1,1,0,0,0,3,0,0,0,0,1,0
5501,5501,1,1,1,0,0,0,6,0,0,0,0,1,1
3735,3735,0,1,3,0,0,0,9,0,0,0,0,1,1
4385,4385,0,2,0,1,0,1,1,0,0,0,0,1,0
3141,3141,1,1,1,0,0,0,5,0,0,0,0,1,0
62,62,0,1,3,0,0,1,1,0,0,0,0,0,0
2843,2843,0,1,3,0,0,1,1,0,0,0,0,0,0
2281,2281,1,1,1,0,0,1,1,0,0,0,0,0,0
3630,3630,0,1,2,0,0,1,7,0,0,0,0,1,1
2836,2836,1,1,0,0,0,0,4,0,0,0,0,0,0
6357,6357,0,2,1,2,0,0,1,0,0,0,0,0,0
4584,4584,0,1,1,0,0,0,1,0,0,0,0,0,0
5935,5935,0,1,1,0,0,0,7,0,0,0,0,0,0
4751,4751,1,2,0,5,0,1,2,0,0,0,0,0,0
799,799,0,3,0,0,0,1,7,0,0,0,0,1,0
238,238,0,1,1,2,1,0,7,0,0,0,0,1,1
1010,1010,0,2,0,4,2,0,7,0,0,0,0,0,0
6710,6710,0,2,0,0,3,0,10,0,0,0,0,1,1
4615,4615,0,1,0,0,0,0,6,0,0,0,0,1,0
6402,6402,0,1,0,0,0,1,1,0,0,0,0,1,0
4488,4488,0,1,0,0,2,1,8,0,0,0,0,1,0
880,880,0,1,1,0,0,0,3,0,0,0,0,0,0
6493,6493,1,2,1,0,0,1,1,0,0,0,0,0,0
2645,2645,0,2,3,0,0,0,1,0,0,0,0,0,0
274,274,0,3,1,1,0,1,1,0,0,0,0,0,0
4479,4479,1,1,0,0,0,0,8,0,0,0,0,1,0
983,983,0,2,0,0,1,1,8,0,0,0,0,1,0
4736,4736,0,1,1,0,0,1,6,0,0,0,0,0,0
855,855,0,2,1,4,0,0,1,0,0,0,0,1,0
4898,4898,0,2,1,1,0,1,1,0,0,0,0,0,0
6355,6355,1,1,0,0,1,0,9,0,0,0,0,1,0
5643,5643,0,2,0,0,0,1,1,0,0,0,0,0,0
1128,1128,1,1,1,0,0,0,5,0,0,0,0,1,0
3273,3273,0,1,0,0,3,0,10,0,0,0,0,0,0
2993,2993,0,1,0,0,0,0,10,0,0,0,0,0,0
4485,4485,0,1,0,0,0,0,8,0,0,0,0,1,0
5646,5646,0,2,0,1,0,1,6,0,0,0,0,0,0
5270,5270,0,2,0,1,0,0,1,0,0,0,0,0,0
5604,5604,0,1,0,0,0,1,7,0,0,0,0,1,0
5594,5594,0,1,1,0,0,1,4,0,0,0,0,1,0
5494,5494,0,1,1,0,0,0,10,0,0,0,0,1,0
1699,1699,0,1,0,0,0,0,4,0,0,0,0,0,0
2575,2575,0,2,0,0,0,0,1,0,0,0,0,1,0
3371,3371,0,1,0,0,0,0,8,0,0,0,0,0,0
5201,5201,1,1,1,0,0,0,10,0,0,0,0,0,0
202,202,0,1,0,2,1,0,9,0,0,0,0,0,0
3496,3496,0,2,0,0,0,0,1,0,0,0,0,1,0
30,30,0,1,0,0,0,0,8,0,0,0,0,1,0
6132,6132,0,1,1,0,0,0,5,0,0,0,0,1,0
3413,3413,0,1,1,0,0,0,2,0,0,0,0,0,0
5835,5835,1,1,1,0,0,0,6,0,0,0,0,1,0
6179,6179,0,1,0,0,0,1,10,0,0,0,0,0,0
5611,5611,0,1,0,0,0,0,5,0,0,0,0,1,0
5461,5461,0,1,1,0,1,0,1,0,0,0,0,0,0
3024,3024,0,1,0,0,0,1,3,0,0,0,0,1,0
1594,1594,0,2,1,0,0,0,2,0,0,0,0,0,0
5700,5700,0,1,1,0,0,0,1,0,0,0,0,0,0
3871,3871,1,2,0,0,0,0,1,0,0,0,0,0,0
1833,1833,0,1,0,0,2,1,10,0,0,0,0,0,0
1076,1076,0,1,1,0,1,0,4,0,0,0,0,0,0
5574,5574,0,2,1,0,0,1,1,0,0,0,0,0,0
5052,5052,0,1,0,0,0,0,3,0,0,0,0,0,0
2010,2010,0,1,0,0,1,0,6,0,0,0,0,0,0
6642,6642,1,1,0,0,0,0,5,0,0,0,0,0,0
706,706,0,1,0,0,1,0,7,0,0,0,0,1,0
864,864,1,1,1,0,0,1,4,0,0,0,0,0,0
3658,3658,0,1,0,0,2,0,10,0,0,0,0,1,0
2121,2121,0,1,0,0,0,1,2,0,0,0,0,1,0
6636,6636,0,2,1,0,0,1,2,0,0,0,0,1,0
4314,4314,0,1,0,0,2,0,7,0,0,0,0,1,0
4819,4819,1,1,3,1,0,1,1,0,0,0,0,0,0
3760,3760,0,2,1,5,0,1,2,0,0,0,0,0,0
6265,6265,0,1,0,0,0,0,9,0,0,0,0,1,0
5577,5577,1,1,1,0,0,0,2,0,0,0,0,1,0
2980,2980,0,1,1,0,0,0,4,0,0,0,0,0,0
5664,5664,0,1,1,4,0,1,5,0,0,0,0,1,0
1653,1653,0,1,0,0,1,0,6,0,0,0,0,1,0
691,691,0,1,1,0,0,0,3,0,0,0,0,0,0
6373,6373,0,1,1,1,0,1,4,0,0,0,0,1,0
6768,6768,0,1,1,0,0,0,5,0,0,0,0,0,0
2093,2093,0,2,1,0,0,0,1,0,0,0,0,0,0
5859,5859,0,1,1,0,0,1,1,0,0,0,0,0,0
6113,6113,0,3,1,5,0,0,1,0,0,0,0,0,0
2016,2016,0,2,1,0,0,1,1,0,0,0,0,0,0
777,777,0,1,1,0,1,0,4,0,0,0,0,0,0
6466,6466,0,1,2,5,0,1,1,0,0,0,0,0,0
1677,1677,1,1,0,0,0,0,5,0,0,0,0,1,0
5084,5084,0,1,0,0,0,0,9,0,0,0,0,1,1
2721,2721,0,1,0,0,0,0,2,0,0,0,0,1,0
4287,4287,0,1,0,0,0,0,4,0,0,0,0,1,0
2028,2028,0,1,0,0,1,0,10,0,0,0,0,1,1
1935,1935,1,1,1,4,0,1,2,0,0,0,0,0,0
365,365,0,1,1,0,0,1,4,0,0,0,0,0,0
3638,3638,0,2,0,5,0,0,1,0,0,0,0,1,0
5875,5875,0,2,3,0,1,0,1,0,0,0,0,1,0
1846,1846,0,1,0,0,0,0,2,0,0,0,0,0,0
5682,5682,0,2,1,0,0,0,2,0,0,0,0,0,0
4522,4522,1,2,1,1,0,1,1,0,0,0,0,0,0
6163,6163,0,2,0,1,0,1,1,0,0,0,0,1,0
4078,4078,1,1,1,1,1,0,6,0,0,0,0,1,0
6109,6109,0,2,1,1,0,1,1,0,0,0,0,0,0
1355,1355,0,1,0,0,0,0,8,0,0,0,0,0,0
4104,4104,0,2,0,5,0,1,6,1,0,0,0,0,0
5224,5224,0,2,1,0,0,1,1,0,0,0,0,0,0
5571,5571,0,2,1,1,0,1,1,0,0,0,0,0,0
2523,2523,0,1,3,1,0,0,2,0,0,0,0,1,0
2388,2388,0,2,0,6,0,0,7,0,0,0,0,1,0
2144,2144,0,1,0,0,0,1,6,0,0,0,0,0,0
37,37,0,1,1,0,0,1,2,0,0,0,0,0,0
489,489,0,1,3,0,0,1,1,0,0,0,0,0,0
1601,1601,0,1,1,1,0,0,3,0,0,0,0,0,0
6415,6415,0,1,0,0,1,0,9,0,0,0,0,0,0
6447,6447,0,3,0,2,1,1,2,0,0,0,0,1,0
1316,1316,0,0,0,0,0,0,9,0,0,0,0,1,0
1950,1950,0,1,0,0,0,1,9,0,0,0,0,0,0
4908,4908,0,1,0,0,0,0,8,0,0,0,0,1,0
4315,4315,0,0,2,0,0,1,4,0,0,0,0,1,0
1618,1618,1,1,0,1,0,1,1,0,0,0,0,0,0
656,656,1,1,0,0,0,0,2,0,0,0,0,0,0
2431,2431,0,3,1,0,0,1,1,0,0,0,0,0,0
1063,1063,1,1,1,0,0,0,2,0,0,0,0,0,0
5601,5601,1,2,3,2,0,1,1,0,0,0,0,0,0
6666,6666,0,1,3,1,0,1,2,0,0,0,0,1,0
4214,4214,0,2,0,0,0,0,8,0,0,0,0,1,1
3405,3405,1,1,0,0,0,0,6,0,0,0,0,1,0
6598,6598,0,2,2,1,0,1,1,0,0,0,0,0,0
583,583,0,1,0,0,0,1,7,0,0,0,0,1,0
5608,5608,0,1,1,0,0,1,3,0,0,0,0,0,0
1774,1774,0,1,1,0,0,0,9,0,0,0,0,0,0
4256,4256,0,1,0,0,0,0,9,0,0,0,0,1,0
6316,6316,1,2,1,1,0,0,2,0,0,0,0,1,0
252,252,0,1,1,0,0,1,4,1,0,0,0,1,0
763,763,0,0,1,0,0,0,4,0,0,0,0,0,0
3833,3833,1,2,1,1,0,0,5,0,0,0,0,0,0
3056,3056,0,1,0,6,0,0,6,0,0,0,0,0,0
6258,6258,0,0,1,0,0,1,4,0,0,0,0,0,0
6239,6239,1,1,0,0,0,1,2,0,0,0,0,0,0
3167,3167,0,1,1,1,0,0,2,0,0,0,0,1,1
3768,3768,0,1,1,0,1,0,7,0,0,0,0,0,0
483,483,0,2,1,0,0,1,3,0,0,0,0,0,0
2939,2939,0,1,2,1,0,1,1,0,0,0,0,0,0
2067,2067,0,1,0,0,0,0,2,0,0,0,0,1,0
473,473,0,1,0,0,0,0,4,0,0,0,0,1,1
56,56,0,3,0,0,1,1,7,0,0,0,0,1,0
3261,3261,0,1,0,0,0,1,6,0,0,0,0,1,0
5904,5904,0,1,0,0,1,0,7,0,0,0,0,1,0
5798,5798,0,2,2,6,0,0,1,0,0,0,0,0,0
3185,3185,1,1,1,0,0,0,4,0,0,0,0,1,0
6798,6798,1,2,1,0,0,0,8,0,0,0,0,1,0
3030,3030,1,1,0,0,0,0,5,0,0,0,0,0,0
6730,6730,1,3,1,1,0,0,3,0,0,0,0,0,0
602,602,0,1,1,0,0,1,9,0,0,0,0,0,0
5239,5239,0,2,1,3,0,1,2,0,0,0,0,0,0
4273,4273,0,1,2,1,0,0,1,0,0,0,0,0,0
5487,5487,0,1,0,4,1,1,4,0,0,0,0,1,0
4575,4575,0,1,0,0,0,1,5,0,0,0,0,1,0
2045,2045,0,1,1,0,0,1,7,0,0,0,0,1,0
4732,4732,0,1,0,0,0,1,2,0,0,0,0,1,0
6410,6410,1,1,2,0,0,1,3,0,0,0,0,0,0
6067,6067,0,1,0,0,0,0,6,0,0,0,0,1,0
671,671,0,1,0,0,0,0,3,0,0,0,0,0,0
3721,3721,0,1,0,0,0,0,4,0,0,0,0,1,0
4839,4839,0,1,0,0,1,0,7,0,0,0,0,1,0
6031,6031,0,1,0,0,1,0,10,0,0,0,0,1,0
1844,1844,0,1,1,0,0,0,3,0,0,0,0,0,0
1243,1243,0,1,1,0,0,0,7,0,0,0,0,1,0
1933,1933,0,1,1,0,0,0,1,0,0,0,0,0,0
3171,3171,0,1,0,0,0,1,10,0,0,0,0,1,0
3467,3467,1,1,0,0,0,1,2,0,0,0,0,0,0
6539,6539,0,1,1,0,0,0,1,0,0,0,0,0,0
5826,5826,0,2,0,1,2,0,9,0,0,0,0,1,0
346,346,0,1,0,0,0,1,4,0,0,0,0,1,0
2461,2461,1,1,0,0,1,0,6,0,0,0,0,1,0
5642,5642,1,1,0,0,0,1,8,9,0,0,0,1,0
149,149,1,1,0,0,0,1,4,0,0,0,0,1,0
2265,2265,0,2,3,0,0,0,5,0,0,0,0,0,0
6742,6742,0,2,0,0,0,1,1,0,0,0,0,0,0
2438,2438,0,1,0,0,1,0,5,0,0,0,0,1,0
3521,3521,0,1,1,0,0,0,1,0,0,0,0,0,0
2096,2096,0,2,0,0,0,1,1,0,0,0,0,1,0
5414,5414,0,1,2,0,0,0,3,0,0,0,0,0,0
2321,2321,0,1,0,0,0,1,2,0,0,0,0,0,0
4245,4245,0,2,0,2,0,0,1,0,0,0,0,0,0
2351,2351,1,1,1,0,0,0,2,0,0,0,0,0,0
737,737,0,1,0,0,0,1,3,0,0,0,0,0,0
6794,6794,0,1,0,0,0,0,2,0,0,0,0,1,1
2598,2598,0,1,0,0,1,1,8,0,0,0,0,1,0
1698,1698,0,1,2,1,0,0,1,0,0,0,0,1,0
4687,4687,0,1,0,2,0,0,6,0,0,0,0,1,0
4174,4174,0,1,1,0,0,1,5,0,0,0,0,1,0
5954,5954,1,1,1,0,0,0,8,0,0,0,0,1,0
4641,4641,0,2,1,5,0,0,2,0,0,0,0,0,0
813,813,0,1,1,0,0,0,4,0,0,0,0,1,0
3146,3146,1,1,0,0,0,1,4,0,0,0,0,1,0
1913,1913,0,1,2,0,0,0,5,0,0,0,0,0,0
1234,1234,0,2,1,5,0,1,2,0,0,0,0,0,0
5141,5141,0,1,2,0,0,0,5,0,0,0,0,0,0
849,849,0,1,0,1,0,0,5,0,0,0,0,0,0
3698,3698,0,1,0,0,0,0,8,0,1,0,0,1,0
305,305,0,0,0,0,0,0,10,0,0,0,0,1,0
5738,5738,0,1,0,4,0,0,7,0,0,0,0,0,0
1879,1879,0,2,0,0,0,1,3,4,0,0,0,0,0
326,326,0,1,0,0,0,0,1,0,0,0,0,0,0
3506,3506,0,2,1,1,0,0,1,0,0,0,0,0,0
5975,5975,0,1,2,0,0,0,7,0,0,0,0,1,0
5077,5077,0,1,3,0,0,1,1,0,0,0,0,0,0
5229,5229,1,1,1,0,0,1,4,0,0,0,0,1,0
1324,1324,0,1,0,0,0,0,3,0,0,0,0,1,0
1787,1787,0,1,1,0,0,1,1,0,0,0,0,0,0
2920,2920,0,2,1,0,0,1,1,0,0,0,0,0,0
5031,5031,0,1,2,0,0,0,4,0,0,0,0,1,0
1177,1177,0,1,0,0,0,0,9,0,0,0,0,0,0
5799,5799,1,1,0,0,0,0,5,0,0,0,0,0,0
1829,1829,0,1,0,0,0,0,6,0,0,0,0,1,0
1578,1578,0,1,0,0,0,0,3,0,0,0,0,1,0
6102,6102,0,2,1,0,2,0,10,0,0,0,0,1,0
3276,3276,0,1,1,0,0,0,7,0,0,0,0,1,0
2229,2229,0,0,1,0,0,0,6,0,0,0,0,1,1
5547,5547,0,1,0,0,0,1,9,0,0,0,0,0,0
6606,6606,0,1,1,1,1,1,5,0,0,0,0,1,0
2414,2414,0,2,0,2,0,1,1,0,0,0,0,0,0
2305,2305,0,1,0,0,0,1,5,0,0,0,0,0,0
4934,4934,0,0,0,0,0,0,4,0,0,0,0,1,1
3929,3929,0,2,0,0,0,1,3,0,0,0,0,0,0
4400,4400,0,1,1,0,0,0,7,0,0,0,0,1,0
99,99,0,2,1,0,0,0,1,0,0,0,0,0,0
5638,5638,0,1,0,0,0,1,8,0,0,0,0,0,0
6060,6060,0,1,0,0,0,0,4,0,0,0,0,0,0
4526,4526,1,1,0,0,0,1,4,0,0,0,0,0,0
5939,5939,0,1,1,1,0,0,2,0,0,0,0,0,0
1478,1478,0,1,0,0,0,1,4,0,0,0,0,1,0
5862,5862,0,2,3,0,2,0,10,0,0,0,0,1,0
3710,3710,0,2,1,0,0,1,3,0,0,0,0,1,0
1318,1318,0,2,0,0,0,0,5,0,0,0,0,0,0
2074,2074,0,1,2,0,0,1,3,0,0,0,0,0,0
6880,6880,0,1,1,0,0,1,10,0,0,0,0,1,1
667,667,0,1,0,0,0,1,4,0,0,0,0,0,0
2006,2006,0,1,0,0,0,0,1,0,0,0,0,1,1
1773,1773,0,1,1,0,0,1,3,0,0,0,0,1,0
1351,1351,0,2,0,1,0,1,1,0,0,0,0,1,1
5220,5220,0,2,1,1,0,0,1,0,0,0,0,0,0
5538,5538,0,2,3,0,0,1,1,0,0,0,0,1,0
1714,1714,0,1,3,0,3,0,10,0,3,0,0,1,1
870,870,0,1,0,0,0,0,7,0,0,0,0,1,0
3442,3442,0,1,0,0,0,0,5,0,0,0,0,1,0
5344,5344,0,1,0,1,0,0,2,0,0,0,0,0,0
5301,5301,0,1,0,0,0,0,4,0,0,0,0,0,0
309,309,0,0,0,0,0,0,9,0,0,0,0,1,0
1071,1071,0,1,0,0,1,1,9,0,0,0,0,1,0
312,312,0,1,0,0,0,0,9,0,0,0,0,1,1
6333,6333,0,1,0,0,0,0,9,0,0,0,0,1,0
5899,5899,1,2,1,1,0,0,1,0,0,0,0,0,0
1188,1188,0,1,1,0,0,0,7,0,0,0,0,1,0
6057,6057,0,1,0,0,0,0,1,0,0,0,0,0,0
4867,4867,0,2,3,1,0,0,1,0,0,0,0,1,0
5742,5742,0,2,0,1,1,0,2,0,0,0,0,1,0
2763,2763,0,2,1,1,0,0,2,0,0,0,0,0,0
5431,5431,0,1,1,4,0,0,3,0,0,0,0,0,0
6201,6201,0,1,2,0,1,1,8,0,0,0,0,1,0
587,587,0,1,0,0,0,0,5,0,0,0,0,1,1
1883,1883,0,2,0,0,0,0,3,0,0,0,0,1,0
3557,3557,0,1,0,0,0,0,8,0,0,0,0,1,1
2386,2386,0,3,1,0,0,0,4,0,0,0,0,0,0
2630,2630,1,2,1,0,0,0,1,0,0,0,0,1,0
5981,5981,0,1,1,0,0,0,7,0,0,0,0,1,0
4916,4916,0,2,0,2,0,0,1,0,0,0,0,0,0
237,237,1,1,3,0,0,0,2,0,0,0,0,0,0
2003,2003,0,1,0,0,0,0,4,0,0,0,0,0,0
793,793,0,2,0,0,2,0,8,0,0,0,0,0,0
1336,1336,0,1,0,0,0,0,2,0,0,0,0,0,0
1577,1577,0,1,0,0,3,0,7,0,0,0,0,1,1
3099,3099,0,1,1,2,0,0,4,0,0,0,0,0,0
1295,1295,0,2,1,1,0,0,5,0,0,0,0,1,1
107,107,0,1,0,0,0,0,4,0,0,0,0,1,0
1961,1961,0,1,2,0,1,0,5,0,0,0,0,1,0
2371,2371,0,2,1,3,0,1,1,0,0,0,0,0,0
5891,5891,1,1,0,1,0,1,1,0,0,0,0,0,0
2085,2085,1,1,0,0,0,0,6,0,0,0,0,1,1
3546,3546,0,1,0,0,0,0,7,0,0,0,0,0,0
4505,4505,1,1,0,0,0,1,3,0,0,0,0,1,0
6819,6819,0,0,0,0,0,0,10,0,0,0,0,1,0
5062,5062,1,1,0,0,0,1,5,0,0,0,0,0,0
2605,2605,0,2,0,0,0,1,1,0,0,0,0,0,0
5341,5341,1,2,1,0,0,1,1,0,0,0,0,1,0
6301,6301,1,1,1,2,0,0,5,0,0,0,0,1,0
6164,6164,0,1,1,5,0,0,3,0,0,0,0,1,0
2041,2041,1,2,1,0,0,0,1,0,0,0,0,0,0
1526,1526,0,1,3,0,0,0,6,0,0,0,0,0,0
3311,3311,1,1,0,0,1,0,7,0,0,0,0,0,0
1363,1363,0,2,0,1,0,1,1,0,0,0,0,0,0
5849,5849,0,2,0,0,0,0,4,0,0,0,0,1,0
6236,6236,0,1,0,0,0,0,1,0,0,0,0,0,0
3284,3284,0,1,1,0,0,0,3,0,0,0,0,0,0
79,79,0,1,0,0,0,1,7,0,0,0,0,1,0
3886,3886,1,1,1,0,0,1,5,0,0,0,0,1,0
5543,5543,0,1,3,0,0,1,4,0,0,0,0,0,0
1117,1117,0,1,0,0,1,0,8,0,0,0,0,1,0
4968,4968,0,1,0,0,0,1,2,0,0,0,0,0,0
4801,4801,0,1,1,0,0,0,4,0,0,0,0,0,0
2701,2701,0,1,0,0,0,1,8,0,0,0,0,1,0
6715,6715,0,1,1,0,0,0,4,0,0,0,0,0,0
6044,6044,0,1,0,0,0,1,10,0,0,0,0,0,0
530,530,0,3,1,0,0,1,1,0,0,0,0,0,0
5808,5808,0,2,1,2,0,1,1,0,0,0,0,0,0
5021,5021,0,2,1,1,0,1,1,0,0,0,0,1,0
5600,5600,1,1,0,1,0,1,6,0,0,0,0,0,0
5552,5552,0,1,1,0,0,0,10,0,0,0,0,0,0
6520,6520,0,1,0,0,0,1,7,0,0,0,0,0,0
5102,5102,0,2,2,1,0,1,2,0,0,0,0,0,0
4223,4223,1,0,0,0,0,1,4,0,0,0,0,1,1
6395,6395,0,1,0,0,0,1,7,0,0,0,0,0,0
5495,5495,0,1,1,0,0,0,4,0,0,0,0,0,0
1367,1367,0,2,2,1,0,1,5,0,0,0,0,0,0
1675,1675,0,1,0,1,0,0,4,0,0,0,0,0,0
1747,1747,1,1,3,0,0,0,4,0,0,0,0,0,0
1730,1730,0,2,1,5,0,1,1,0,0,0,0,1,0
3788,3788,0,2,1,1,0,0,3,0,0,0,0,0,0
2029,2029,0,2,1,1,0,1,1,0,0,0,0,0,0
6155,6155,0,1,0,0,0,1,5,0,0,0,0,1,0
3062,3062,0,1,0,0,0,1,2,0,0,0,0,1,1
4892,4892,1,2,0,0,0,0,2,0,0,0,0,0,0
2626,2626,0,2,1,0,0,0,1,0,0,0,0,0,0
4093,4093,0,1,3,0,0,0,1,0,0,0,0,0,0
26,26,1,1,1,0,0,0,3,0,0,0,0,0,0
3213,3213,1,1,1,0,0,1,6,0,0,0,0,0,0
5004,5004,1,1,1,0,0,0,6,0,0,0,0,1,0
6380,6380,0,1,3,0,0,0,5,0,0,0,0,0,0
3456,3456,0,2,0,0,0,0,4,0,0,0,0,0,0
296,296,0,2,3,2,0,0,2,0,0,0,0,1,0
3883,3883,1,1,0,0,0,0,5,0,0,0,0,0,0
355,355,0,2,0,0,2,0,8,1,0,0,0,0,0
6610,6610,0,2,1,0,0,1,1,0,0,0,0,1,0
1607,1607,0,1,3,0,0,1,1,0,0,0,0,1,0
60,60,0,1,0,0,0,0,9,0,0,0,0,1,0
786,786,0,2,1,0,0,0,4,0,0,0,0,0,0
2886,2886,0,2,1,0,0,1,1,0,0,0,0,0,0
136,136,0,1,0,0,1,0,6,0,0,0,0,1,1
6843,6843,0,1,1,4,0,1,9,0,0,0,0,0,0
575,575,0,1,0,0,1,0,10,0,0,0,0,1,1
1006,1006,1,1,1,1,0,0,1,0,0,0,0,0,0
2736,2736,0,1,1,2,0,1,5,0,0,0,0,1,1
6605,6605,0,1,0,0,0,1,6,0,0,0,0,0,0
6297,6297,0,1,0,0,1,0,8,1,0,0,0,0,0
1288,1288,0,1,0,0,0,1,8,0,0,0,0,0,0
2766,2766,1,2,0,0,1,0,2,0,0,0,0,1,0
3736,3736,0,1,0,0,0,0,7,0,0,0,0,1,0
4662,4662,0,1,3,0,0,0,4,0,0,0,0,1,0
5672,5672,1,1,2,0,0,0,2,0,0,0,0,0,0
1664,1664,1,2,2,0,1,0,6,0,0,0,0,0,0
3563,3563,0,1,1,0,0,1,3,0,0,0,0,0,0
3520,3520,0,1,0,0,0,0,8,0,0,0,0,1,1
3994,3994,0,1,0,0,1,0,6,0,0,0,0,1,0
4958,4958,0,1,0,0,0,1,8,0,0,0,0,0,0
3380,3380,1,1,0,0,0,0,10,0,0,0,0,1,1
5396,5396,0,1,1,0,0,0,3,0,0,0,0,0,0
3841,3841,0,1,0,0,0,0,1,0,0,0,0,0,0
5636,5636,0,2,1,5,0,0,1,0,0,0,0,0,0
2331,2331,0,3,1,1,0,1,1,0,0,0,0,0,0
1113,1113,0,1,2,0,0,0,4,0,0,0,0,0,0
6085,6085,0,1,0,0,1,0,5,0,0,0,0,1,0
3292,3292,1,2,1,5,0,0,1,0,0,0,0,0,0
4415,4415,0,2,1,1,0,0,1,0,0,0,0,0,0
4293,4293,0,1,1,0,0,0,8,0,0,0,0,0,0
4071,4071,1,1,0,0,0,0,3,0,0,0,0,0,0
4399,4399,0,1,0,0,0,0,5,0,0,0,0,0,0
4206,4206,0,1,1,0,0,1,5,0,0,0,0,0,0
4978,4978,0,1,0,0,0,0,6,0,0,0,0,0,0
2770,2770,0,1,0,0,0,1,9,1,0,0,0,0,0
2908,2908,0,1,0,0,1,0,10,0,0,0,0,1,0
4523,4523,0,1,3,1,0,1,2,0,0,0,0,1,0
6888,6888,1,1,2,0,0,0,4,0,0,0,0,1,0
2444,2444,0,1,2,0,0,1,7,0,0,0,0,1,0
769,769,0,1,0,1,0,0,3,0,0,0,0,0,0
4077,4077,1,1,0,0,0,0,5,0,0,0,0,0,0
66,66,0,1,0,0,0,0,6,0,0,0,0,1,0
6856,6856,1,3,1,5,0,1,1,0,0,0,0,0,0
2464,2464,0,2,1,0,0,1,2,0,0,0,0,0,0
5096,5096,0,1,0,0,0,1,8,0,0,0,0,1,0
245,245,1,1,1,0,0,0,5,0,0,0,0,1,0
3265,3265,0,1,1,0,0,0,2,0,0,0,0,0,0
6885,6885,0,1,0,0,0,0,3,0,0,0,0,0,0
537,537,0,1,0,0,0,0,5,0,0,0,0,0,0
6178,6178,0,2,0,0,0,0,3,0,0,0,0,1,0
839,839,0,1,0,0,0,0,10,0,0,0,0,1,0
4371,4371,1,1,1,0,0,0,9,0,0,0,0,1,0
2343,2343,0,1,2,2,0,1,1,0,0,0,0,0,0
759,759,0,3,0,5,0,1,1,0,0,0,0,0,0
5449,5449,1,1,0,5,0,1,2,0,0,0,0,0,0
131,131,0,2,1,0,0,0,2,0,0,0,0,1,0
6601,6601,0,1,0,0,0,1,4,0,0,0,0,1,1
6671,6671,0,1,0,0,0,0,5,0,0,0,0,1,0
3602,3602,0,1,0,0,1,0,4,0,0,0,0,1,0
1187,1187,0,1,0,0,0,0,10,0,0,0,0,1,1
5097,5097,0,1,0,0,0,0,9,0,0,0,0,0,0
2487,2487,0,1,1,0,0,1,7,0,0,0,0,0,0
594,594,1,0,1,0,0,0,10,0,0,0,0,1,0
1633,1633,0,2,0,0,0,0,2,0,0,0,0,0,0
1722,1722,0,2,3,1,0,0,1,0,0,0,0,0,0
5346,5346,1,2,1,0,1,0,5,0,0,0,0,1,0
5262,5262,0,1,1,0,0,1,2,0,0,0,0,0,0
1247,1247,0,2,1,0,1,1,5,0,0,0,0,0,0
2780,2780,1,1,1,0,0,1,5,0,0,0,0,0,0
3176,3176,0,1,0,0,0,0,7,0,0,0,0,0,0
1889,1889,1,1,2,1,0,1,4,0,0,0,0,0,0
3304,3304,0,1,1,0,0,0,5,0,0,0,0,1,0
145,145,0,3,2,0,0,0,1,0,0,0,0,0,0
2087,2087,0,1,0,0,0,0,10,0,0,0,0,1,0
6883,6883,0,0,0,0,0,0,9,0,0,0,0,0,0
2352,2352,0,1,1,0,1,0,9,0,0,0,0,0,0
3675,3675,0,1,1,0,0,0,6,0,0,0,0,1,0
6589,6589,1,2,1,4,0,0,1,0,0,0,0,0,0
3449,3449,0,2,2,1,0,1,1,0,0,0,0,0,0
5872,5872,0,1,1,0,0,0,4,0,0,0,0,0,0
828,828,0,1,0,0,3,1,8,0,0,0,0,1,0
721,721,0,1,0,0,0,0,5,0,0,0,0,1,0
5974,5974,0,2,0,0,2,0,8,0,0,0,0,1,1
5040,5040,0,2,0,0,0,0,4,0,0,0,0,0,0
2573,2573,0,1,0,0,1,1,10,0,0,0,0,1,1
3880,3880,1,1,1,0,0,1,6,0,0,0,0,0,0
3152,3152,1,1,1,0,0,0,10,0,0,0,0,0,0
5590,5590,1,2,0,0,0,1,5,0,0,0,0,0,0
5139,5139,1,1,0,4,0,0,6,0,0,0,0,1,0
6576,6576,1,1,0,0,0,1,7,0,0,0,0,1,0
1045,1045,0,1,0,0,0,0,6,0,0,0,0,1,1
2513,2513,0,1,1,0,0,1,2,0,0,0,0,0,0
5123,5123,0,2,1,0,0,0,1,0,0,0,0,0,0
1264,1264,0,1,2,0,0,0,4,0,0,0,0,0,0
2865,2865,0,1,1,0,0,1,5,0,0,0,0,0,0
3216,3216,0,1,1,0,0,1,3,0,0,0,0,1,0
2570,2570,1,2,0,0,0,1,6,0,0,0,0,0,0
3582,3582,0,1,0,0,0,0,3,0,0,0,0,1,0
3585,3585,1,1,0,0,0,0,2,0,0,0,0,0,0
6555,6555,1,1,1,0,0,0,3,0,0,0,0,0,0
6564,6564,0,1,2,1,0,0,2,0,0,0,0,0,0
2398,2398,0,2,0,0,0,0,2,0,0,0,0,1,0
4701,4701,1,1,0,0,0,0,3,0,0,0,0,0,0
1171,1171,0,1,0,0,0,1,1,0,0,0,0,0,0
6563,6563,0,1,2,4,0,1,1,0,0,0,0,1,0
4570,4570,1,2,3,0,0,0,1,0,0,0,0,1,0
386,386,0,3,1,1,0,0,1,0,0,0,0,0,0
5802,5802,1,1,0,1,0,1,2,0,0,0,0,0,0
4103,4103,1,1,0,0,0,0,4,0,0,0,0,0,0
5245,5245,0,2,3,1,0,0,1,0,0,0,0,1,0
3746,3746,0,2,1,0,0,1,1,0,0,0,0,1,0
6548,6548,1,1,0,5,0,0,4,0,0,0,0,1,0
1182,1182,0,2,0,5,1,0,3,0,0,0,0,0,0
6019,6019,0,1,0,0,0,1,3,0,0,0,0,0,0
6278,6278,1,1,1,0,0,0,2,0,0,0,0,1,0
4758,4758,0,1,0,0,0,0,3,0,0,0,0,1,0
3027,3027,0,1,1,0,0,0,6,0,0,0,0,0,0
3061,3061,0,2,0,1,0,0,3,0,0,0,0,1,0
701,701,0,1,0,0,0,0,9,0,0,0,0,1,1
1764,1764,0,1,0,1,0,1,2,0,0,0,0,1,0
35,35,0,1,1,4,0,1,2,0,0,0,0,1,0
6661,6661,0,2,3,0,2,0,3,0,0,0,0,1,0
6499,6499,0,1,0,0,1,0,9,0,0,0,0,1,0
2060,2060,0,1,0,0,0,0,4,0,0,0,0,0,0
488,488,0,1,2,0,0,1,4,0,0,0,0,0,0
3838,3838,1,1,1,0,0,0,3,0,0,0,0,0,0
3308,3308,0,3,1,1,0,0,4,0,0,0,0,1,0
1894,1894,0,2,2,5,1,1,4,0,0,0,0,0,0
1719,1719,0,1,0,0,0,0,6,0,0,0,0,1,1
2684,2684,1,1,0,0,0,1,7,0,0,0,0,1,1
6805,6805,0,1,2,0,2,0,10,0,0,0,0,1,0
3154,3154,0,1,0,0,0,0,2,0,0,0,0,0,0
1881,1881,0,2,1,5,0,0,1,0,0,0,0,0,0
755,755,0,1,1,0,0,1,3,0,0,0,0,0,0
3970,3970,0,1,1,0,0,1,7,0,0,0,0,0,0
6821,6821,0,1,1,5,1,0,10,0,0,0,0,1,0
6522,6522,0,1,2,2,0,1,5,0,0,0,0,1,1
4663,4663,0,1,3,0,0,0,5,0,0,0,0,1,0
919,919,0,1,0,0,0,1,4,0,0,0,0,1,1
3338,3338,0,2,1,0,0,0,6,0,0,0,0,1,0
5760,5760,0,1,2,0,0,0,6,0,0,0,0,1,0
6417,6417,1,1,3,0,0,0,2,0,0,0,0,0,0
1663,1663,0,1,1,0,0,1,3,0,0,0,0,1,0
2266,2266,0,2,0,0,0,0,1,0,0,0,0,0,0
6657,6657,0,1,0,1,0,0,3,0,0,0,0,1,0
2399,2399,0,1,0,0,0,0,5,0,0,0,0,1,0
3622,3622,0,1,0,0,0,0,1,0,0,0,0,0,0
4282,4282,0,1,3,1,0,0,2,0,0,0,0,1,0
6786,6786,0,1,0,0,0,0,6,1,0,0,0,0,0
2070,2070,1,1,1,0,0,0,5,0,0,0,0,1,0
2956,2956,0,1,0,0,0,1,9,0,0,0,0,1,0
4828,4828,0,1,0,0,1,0,8,0,0,0,0,1,1
1193,1193,0,1,1,0,0,1,4,0,0,0,0,0,0
3722,3722,0,1,0,1,0,1,2,0,0,0,0,1,1
970,970,1,1,0,0,0,1,5,0,0,0,0,0,0
6219,6219,0,1,1,0,1,1,10,0,0,0,0,1,0
1547,1547,0,1,0,0,0,0,3,0,0,0,0,0,0
4583,4583,0,2,0,0,2,0,5,0,0,0,0,1,0
2804,2804,0,1,0,0,0,1,2,0,0,0,0,0,0
4145,4145,0,2,2,5,0,1,1,1,0,0,0,0,0
3668,3668,0,1,0,0,0,0,7,0,0,0,0,0,0
6296,6296,0,1,3,0,0,1,2,0,0,0,0,0,0
2788,2788,0,1,0,0,0,0,4,0,0,0,0,0,0
523,523,1,2,2,1,0,0,1,1,0,0,0,0,0
6142,6142,0,1,0,0,0,0,8,0,0,0,0,1,1
3583,3583,1,2,1,0,0,1,1,0,0,0,0,1,0
5051,5051,0,1,0,0,0,0,9,0,0,0,0,1,0
3455,3455,1,1,3,0,0,1,6,1,0,0,0,0,0
3090,3090,0,2,3,0,0,0,2,0,0,0,0,0,0
2245,2245,0,1,1,0,1,0,7,0,0,0,0,0,0
5861,5861,0,2,0,0,1,1,8,0,0,0,0,0,0
426,426,1,2,0,0,0,0,2,0,0,0,0,0,0
2739,2739,0,1,1,0,1,1,4,2,0,0,0,1,0
3623,3623,0,2,1,5,0,1,1,0,0,0,0,0,0
1485,1485,0,1,0,0,0,1,4,0,0,0,0,1,0
198,198,0,1,0,4,0,0,1,0,0,0,0,0,0
6746,6746,0,1,1,0,0,1,3,0,0,0,0,1,0
2468,2468,0,2,0,0,0,1,10,0,0,0,0,1,0
3491,3491,0,1,3,0,1,0,8,0,0,0,0,1,1
4643,4643,0,1,1,0,0,0,2,0,0,0,0,1,1
211,211,1,1,0,0,0,0,7,0,0,0,0,0,0
3511,3511,0,1,3,0,0,1,5,0,0,0,0,1,0
1134,1134,0,1,3,0,0,0,6,0,0,0,0,0,0
5987,5987,0,1,1,0,0,1,1,0,0,0,0,0,0
5581,5581,0,1,0,0,0,0,6,0,0,0,0,0,0
6673,6673,0,1,0,0,0,0,7,0,0,0,0,0,0
1962,1962,0,1,2,0,0,0,3,0,0,0,0,1,0
3228,3228,0,1,2,0,1,0,7,0,0,0,0,1,0
520,520,0,2,0,0,0,1,3,0,0,0,0,0,0
5183,5183,0,1,0,0,1,1,6,0,0,0,0,0,0
5460,5460,1,1,1,0,0,1,6,0,0,0,0,0,0
379,379,1,1,2,0,0,0,2,0,0,0,0,0,0
5223,5223,0,2,0,0,1,1,8,0,0,0,0,1,0
6429,6429,0,1,0,0,0,1,8,0,0,0,0,1,1
1407,1407,1,1,1,4,0,0,6,0,0,0,0,1,1
174,174,0,1,0,0,0,1,2,0,0,0,0,1,0
623,623,0,1,0,0,0,0,4,0,0,0,0,1,0
4283,4283,0,1,1,0,0,0,2,0,0,0,0,1,0
6218,6218,0,1,1,0,0,0,3,0,0,0,0,1,0
2941,2941,0,1,0,0,1,1,6,0,0,0,0,1,0
1418,1418,0,1,1,2,0,1,9,0,0,0,0,1,1
6202,6202,0,1,0,0,0,0,9,0,0,0,0,1,0
476,476,0,1,1,0,0,1,3,0,0,0,0,1,0
2165,2165,0,2,1,4,0,0,2,0,0,0,0,1,0
4647,4647,0,1,0,0,0,0,7,0,0,0,0,0,0
2198,2198,0,1,0,0,0,0,7,0,0,0,0,0,0
3148,3148,0,1,0,0,0,0,1,0,0,0,0,0,0
3114,3114,0,1,0,0,0,1,4,0,0,0,0,0,0
3518,3518,0,2,1,0,0,0,4,0,0,0,0,0,0
5626,5626,0,1,0,0,0,0,6,0,0,0,0,0,0
6100,6100,0,1,0,1,0,0,4,0,0,0,0,1,0
5806,5806,0,1,1,0,0,0,4,0,0,0,0,1,0
50,50,1,3,2,3,0,0,1,0,0,0,0,0,0
4416,4416,0,1,0,0,0,0,6,0,0,0,0,0,0
6334,6334,0,2,1,5,2,1,6,0,0,0,0,1,0
3611,3611,0,2,0,0,2,0,9,0,0,0,0,0,0
1790,1790,0,1,1,0,0,1,8,0,0,0,0,1,1
3821,3821,0,1,0,4,2,0,10,0,0,0,0,1,1
6457,6457,0,2,3,1,0,1,1,0,0,0,0,0,0
6853,6853,0,1,1,0,0,0,2,0,0,0,0,0,0
6832,6832,0,1,0,0,0,1,2,0,0,0,0,0,0
5777,5777,0,2,1,1,0,0,1,0,0,0,0,1,1
3855,3855,0,1,1,0,0,0,2,0,0,0,0,0,0
4770,4770,0,2,1,0,3,0,7,0,0,0,0,1,0
823,823,0,1,0,0,0,0,7,0,0,0,0,0,0
892,892,0,1,0,0,0,0,7,0,0,0,0,0,0
4404,4404,0,2,0,1,0,0,1,0,0,0,0,0,0
1039,1039,0,1,1,0,0,1,8,0,0,0,0,0,0
3749,3749,0,1,1,0,0,0,1,0,0,0,0,1,0
5476,5476,0,1,2,1,1,0,6,0,0,0,0,0,0
605,605,0,1,0,1,0,0,1,0,0,0,0,0,0
4065,4065,1,1,1,0,0,0,3,0,0,0,0,0,0
885,885,1,3,2,5,0,1,1,0,0,0,0,0,0
1104,1104,0,1,0,0,0,1,10,0,0,0,0,0,0
750,750,0,2,1,1,0,0,7,0,0,0,0,0,0
2069,2069,1,1,0,0,0,1,2,0,0,0,0,0,0
2472,2472,0,1,0,0,0,0,1,0,0,0,0,1,0
1168,1168,0,2,1,1,0,1,1,0,0,0,0,0,0
1307,1307,0,2,1,5,0,1,1,0,0,0,0,0,0
1515,1515,0,1,0,0,1,0,10,0,0,0,0,1,0
2925,2925,0,1,0,4,0,0,5,0,0,0,0,1,0
1189,1189,0,1,2,2,0,1,1,0,0,0,0,0,0
4182,4182,0,1,1,0,1,0,8,0,0,0,0,1,0
4493,4493,0,2,0,0,0,0,2,0,0,0,0,1,0
5091,5091,0,1,0,0,0,0,1,0,0,0,0,0,0
4062,4062,0,1,3,0,0,0,1,0,0,0,0,0,0
2359,2359,0,1,1,0,0,1,6,0,0,0,0,0,0
6284,6284,1,2,0,2,0,1,1,0,0,0,0,1,0
953,953,0,2,2,1,0,1,1,7,0,0,0,0,0
641,641,0,1,0,0,0,1,7,0,0,0,0,0,0
2693,2693,1,2,1,0,1,0,9,0,0,0,0,0,0
1497,1497,0,1,0,0,0,1,1,0,0,0,0,0,0
5370,5370,0,1,1,0,0,0,5,0,0,0,0,1,1
1534,1534,0,1,3,1,0,1,1,0,0,0,0,0,0
3712,3712,0,1,0,0,0,1,3,0,0,0,0,1,1
5287,5287,0,1,1,1,0,0,4,0,0,0,0,0,0
719,719,0,0,0,0,0,0,5,0,0,0,0,1,0
3600,3600,0,2,0,0,1,0,6,0,0,0,0,1,1
6491,6491,0,1,1,0,0,1,1,0,0,0,0,1,0
169,169,0,2,1,5,0,0,1,0,0,0,0,0,0
6887,6887,1,1,0,0,0,1,2,0,0,0,0,0,0
3650,3650,0,1,0,0,0,0,2,0,0,0,0,0,0
1174,1174,0,1,1,0,0,1,8,0,0,0,0,1,0
1613,1613,1,2,1,1,0,0,6,0,0,0,0,1,0
3353,3353,1,1,1,0,0,1,5,0,0,0,0,0,0
4607,4607,0,1,3,0,0,1,6,0,0,0,0,1,0
5897,5897,0,2,0,0,0,0,3,0,0,0,0,1,0
4297,4297,0,1,0,0,2,0,9,0,0,0,0,1,0
1976,1976,0,1,3,0,0,0,2,0,0,0,0,1,0
5169,5169,0,2,0,0,0,0,1,0,0,0,0,0,0
4552,4552,0,1,0,0,0,1,3,0,0,0,0,1,1
6428,6428,0,1,0,1,0,0,3,0,0,0,0,1,0
3850,3850,0,1,0,0,0,1,6,0,0,0,0,0,0
5179,5179,1,1,0,0,1,0,9,0,0,0,0,1,0
3383,3383,1,1,3,2,0,0,1,0,0,0,0,0,0
2205,2205,0,1,0,0,0,1,4,0,0,0,0,0,0
4129,4129,0,1,2,0,0,0,2,0,0,0,0,1,0
6230,6230,0,1,1,0,0,0,2,0,0,0,0,1,0
2631,2631,0,1,0,4,1,1,10,0,0,0,0,1,0
5731,5731,0,1,2,0,0,1,1,0,0,0,0,1,0
616,616,0,1,1,2,0,0,4,0,0,0,0,1,0
4084,4084,0,1,0,0,0,0,6,0,0,0,0,1,0
1679,1679,0,3,1,1,0,1,3,0,0,0,0,0,0
1248,1248,0,1,0,0,0,0,8,0,0,0,0,1,0
3998,3998,1,1,2,0,0,1,2,0,0,0,0,0,0
2280,2280,0,2,1,5,0,0,1,0,0,0,0,0,0
5081,5081,1,1,1,0,0,0,2,0,0,0,0,1,0
6492,6492,0,1,0,0,0,1,4,0,0,0,0,1,0
5995,5995,1,2,0,5,0,0,7,0,0,0,0,1,0
6320,6320,0,3,0,0,0,0,2,0,0,0,0,1,0
3792,3792,0,2,1,5,0,0,5,0,0,0,0,0,0
5484,5484,0,1,1,5,0,1,2,0,0,0,0,1,1
4343,4343,0,1,0,0,0,0,9,0,0,0,0,1,1
3717,3717,1,1,1,4,0,0,7,0,0,0,0,1,0
370,370,0,1,0,0,0,0,5,0,0,0,0,0,0
2726,2726,0,1,1,0,0,0,2,0,0,0,0,0,0
4128,4128,0,1,0,0,1,0,9,0,0,0,0,1,1
6718,6718,1,1,2,0,0,1,3,0,0,0,0,0,0
4197,4197,1,1,1,4,0,1,8,0,0,0,0,0,0
2149,2149,0,1,0,0,0,0,5,0,0,0,0,1,0
1528,1528,0,1,0,0,0,0,5,0,0,0,0,1,0
6479,6479,1,1,0,0,0,1,6,0,0,0,0,0,0
6470,6470,0,1,0,0,0,1,8,0,0,0,0,1,1
1231,1231,1,1,0,0,0,0,2,0,0,0,0,0,0
3652,3652,0,2,1,0,0,0,1,0,0,0,0,0,0
6106,6106,0,2,0,0,0,0,6,0,0,0,0,1,0
292,292,0,1,0,0,0,1,8,0,0,0,0,1,0
6120,6120,0,1,0,4,0,1,2,0,0,0,0,0,0
5171,5171,0,1,0,0,0,0,8,0,0,0,0,0,0
5397,5397,0,1,0,0,0,0,2,0,0,0,0,0,0
4744,4744,1,0,0,0,0,1,5,0,0,0,0,1,0
5706,5706,0,1,0,0,1,0,9,0,0,0,0,1,0
942,942,0,2,0,5,0,1,2,1,0,0,0,0,0
4368,4368,0,3,0,0,2,1,2,0,0,0,0,1,0
1449,1449,0,1,0,0,1,0,7,0,0,0,0,0,0
1499,1499,0,1,0,0,0,0,10,0,0,0,0,0,0
5570,5570,0,1,3,0,0,1,3,0,0,0,0,1,0
762,762,0,2,1,0,0,1,3,0,0,0,0,0,0
2964,2964,1,1,1,0,0,0,8,0,0,0,0,0,0
3076,3076,0,1,0,0,0,0,8,0,0,0,0,1,1
775,775,0,1,0,0,0,0,6,0,0,0,0,0,0
5584,5584,0,1,0,0,0,1,6,0,0,0,0,1,0
6209,6209,0,1,2,1,0,0,6,0,0,0,0,0,0
6204,6204,0,2,1,5,0,1,2,0,0,0,0,0,0
6688,6688,1,1,0,0,0,0,4,0,0,0,0,0,0
4244,4244,0,3,0,3,1,0,3,0,0,0,0,0,0
5737,5737,1,1,0,0,0,1,4,0,0,0,0,1,0
4474,4474,0,1,0,0,0,1,3,0,0,0,0,1,1
1958,1958,0,1,2,0,0,0,4,0,0,0,0,1,0
2825,2825,0,0,0,0,0,0,9,0,0,0,0,1,0
609,609,1,2,0,1,0,0,2,0,0,0,0,1,1
2689,2689,0,1,3,0,0,0,10,0,0,0,1,1,0
416,416,1,1,0,0,0,0,10,0,0,0,0,1,0
382,382,0,1,0,0,0,0,5,0,0,0,0,0,0
1554,1554,0,1,0,0,0,0,5,0,0,0,0,1,1
2154,2154,0,1,2,0,0,0,10,0,0,0,0,1,0
705,705,0,2,0,0,1,0,9,0,0,0,0,0,0
73,73,0,2,0,0,0,1,2,5,0,0,0,0,0
2625,2625,0,1,1,0,0,0,5,0,0,0,0,0,0
5703,5703,0,1,3,1,0,1,1,0,0,0,0,1,0
2329,2329,0,3,1,0,0,1,1,0,0,0,0,0,0
1055,1055,0,1,2,4,0,0,6,0,0,0,0,1,0
4640,4640,1,1,0,0,0,0,4,0,0,0,0,1,0
5880,5880,1,1,1,0,0,0,5,0,0,0,0,1,1
6396,6396,0,1,0,0,0,0,5,0,0,0,0,0,0
1149,1149,1,1,0,0,0,0,2,0,0,0,0,0,0
3046,3046,1,1,0,0,0,0,6,0,0,0,0,0,0
757,757,0,1,0,0,2,0,9,0,0,0,0,1,1
4674,4674,0,1,0,0,0,0,7,0,0,0,0,0,0
835,835,0,1,0,0,0,0,9,0,0,0,0,0,0
5395,5395,1,1,2,0,0,0,2,0,0,0,0,0,0
736,736,0,1,0,0,0,0,9,0,0,0,0,1,1
3759,3759,0,1,0,0,0,1,3,0,0,0,0,0,0
1520,1520,0,1,0,1,0,0,1,0,0,0,0,0,0
2679,2679,0,1,0,0,0,0,8,0,0,0,0,1,0
310,310,0,2,1,0,0,0,1,0,0,0,0,0,0
6444,6444,0,2,0,0,0,1,5,0,0,0,0,0,0
582,582,0,1,1,0,0,1,1,0,0,0,0,0,0
4221,4221,0,1,1,0,0,0,2,0,0,0,0,1,0
2476,2476,0,1,0,0,0,0,5,0,0,0,0,0,0
3924,3924,0,1,0,0,0,0,9,0,0,0,0,1,1
4717,4717,1,2,0,0,1,1,9,0,0,0,0,0,0
5289,5289,0,1,3,0,1,0,9,0,0,0,0,1,1
