,sexC,ageC,raceC,MC,priors_count_C,label,predication
4053,1,1,0,0,0,1,0
1652,0,2,2,0,3,0,1
2971,0,1,0,0,0,1,0
2742,0,1,0,0,1,1,0
4685,0,3,0,0,6,0,1
6658,0,1,0,0,0,1,0
1506,0,1,1,0,6,0,1
438,0,1,1,0,1,1,0
906,1,1,1,0,0,1,0
6263,0,1,1,0,1,1,0
5041,0,1,0,1,1,0,1
2505,0,1,0,0,1,1,0
1502,0,1,2,0,0,1,0
5577,1,1,1,0,1,1,0
4570,1,2,3,0,0,1,0
3404,0,1,3,1,3,1,0
4069,0,1,1,0,5,0,1
3417,1,1,1,0,4,0,1
2781,0,1,0,0,1,1,0
1731,0,1,1,0,2,1,0
5214,0,1,3,0,1,1,0
6071,1,1,1,1,7,0,1
1321,0,1,1,0,7,0,1
4214,0,2,0,0,0,1,0
1537,0,1,0,1,1,0,1
5538,0,2,3,0,1,1,0
2233,0,2,0,0,3,0,1
5988,0,1,0,0,0,1,0
1626,1,1,2,0,5,0,1
6243,1,1,0,0,2,1,0
5107,1,0,1,0,1,0,1
3715,0,1,1,0,2,1,0
4358,0,2,2,0,1,1,0
2227,0,1,1,0,0,1,0
4728,0,1,1,0,3,0,1
3716,1,1,1,0,0,1,0
5090,0,3,1,1,1,1,0
761,0,1,1,0,2,1,0
1554,0,1,0,0,1,1,0
3761,1,1,0,0,0,1,0
6338,0,2,1,0,5,1,0
2358,0,1,1,0,2,1,0
4668,1,1,0,0,0,1,0
3819,0,1,1,0,2,1,0
3167,0,1,1,1,2,1,0
2858,0,2,0,0,2,1,0
3988,0,1,0,0,1,1,0
3282,0,1,0,0,4,0,1
3513,0,2,1,0,0,1,0
1159,1,1,0,0,0,1,0
793,0,2,0,0,20,0,1
3276,0,1,1,0,2,1,0
325,0,1,3,0,1,1,0
2907,1,1,2,5,10,1,0
6326,1,2,0,0,7,1,0
1791,0,1,3,0,6,0,1
2338,0,2,0,0,4,0,1
2851,0,1,0,4,0,1,0
3267,0,1,0,0,0,1,0
4867,0,2,3,1,0,1,0
5461,0,1,1,0,12,0,1
1991,0,1,3,0,0,1,0
4249,0,1,1,0,3,0,1
3990,0,1,1,1,2,1,0
5252,0,1,0,0,0,1,0
2377,0,1,1,0,1,1,0
2730,0,1,3,0,4,1,0
6554,0,1,3,1,0,1,0
6163,0,2,0,1,0,1,0
927,0,1,0,0,1,1,0
1160,0,1,1,0,1,1,0
4464,1,1,0,0,0,1,0
2157,0,1,0,0,0,1,0
503,0,1,0,0,1,1,0
6052,0,1,0,0,2,0,1
3631,0,2,1,0,6,1,0
1183,0,1,0,0,6,0,1
3875,0,1,0,0,4,0,1
1079,0,3,0,5,1,1,0
2036,0,3,1,0,11,1,0
4767,0,2,0,0,1,1,0
203,0,1,0,0,2,0,1
2181,0,1,1,0,1,1,0
5893,0,2,1,0,1,1,0
1410,0,1,0,0,0,1,0
5208,0,2,3,0,6,1,0
2932,0,2,3,1,7,1,0
2989,0,2,1,2,3,0,1
1794,1,1,0,0,1,1,0
1217,0,1,0,0,0,1,0
4498,0,1,0,0,2,0,1
6298,0,2,0,0,13,0,1
871,0,2,0,0,2,1,0
5088,0,1,1,0,0,1,0
6250,1,2,0,0,2,1,0
407,0,2,0,0,21,1,0
1344,0,2,1,0,15,0,1
6430,0,1,0,1,2,1,0
5790,0,1,1,2,0,1,0
368,0,1,1,0,3,0,1
3384,0,1,0,0,1,1,0
4555,1,1,0,0,3,0,1
1628,0,1,1,0,0,1,0
6044,0,1,0,0,6,0,1
308,0,1,0,0,7,0,1
1235,0,1,0,1,1,0,1
5398,0,1,0,0,1,1,0
6301,1,1,1,2,2,1,0
4281,0,1,1,6,7,1,0
3636,0,1,0,0,1,1,0
5722,0,2,1,0,2,1,0
5258,0,2,1,6,1,0,1
2645,0,2,3,0,0,0,1
3207,0,1,2,0,1,1,0
2328,0,2,1,0,5,1,0
1264,0,1,2,0,3,0,1
354,0,1,1,0,2,1,0
1497,0,1,0,0,2,0,1
4719,0,2,1,5,1,1,0
2967,1,3,0,0,1,1,0
3108,0,1,3,2,0,1,0
1740,0,1,1,0,6,0,1
6090,0,1,0,0,0,1,0
1064,0,1,0,0,0,1,0
3338,0,2,1,0,7,1,0
4836,0,0,0,0,0,0,1
5316,0,2,1,5,1,1,0
4507,0,1,1,0,7,0,1
3936,0,1,2,0,1,1,0
3400,0,2,0,0,2,1,0
2812,0,1,1,0,2,1,0
3777,0,2,1,0,5,1,0
4115,0,1,1,5,1,1,0
901,0,2,0,1,0,1,0
5241,0,2,0,0,21,1,0
4965,0,3,1,0,7,1,0
4146,1,1,1,0,1,1,0
2213,0,2,2,0,1,1,0
2661,0,1,2,0,0,1,0
6429,0,1,0,0,0,1,0
1508,1,1,1,5,1,1,0
6325,0,1,1,0,8,0,1
5312,0,2,0,1,4,1,0
784,0,1,1,0,1,1,0
5855,0,1,1,0,1,1,0
1073,1,1,1,4,0,0,1
6846,0,1,0,0,0,1,0
3501,0,1,1,1,4,1,0
3738,0,1,1,0,1,1,0
6776,0,3,2,0,2,1,0
4696,1,0,0,0,0,1,0
311,0,1,1,0,8,0,1
2809,0,2,0,0,15,0,1
623,0,1,0,0,1,1,0
4092,0,1,1,0,0,1,0
6176,0,1,0,0,1,1,0
1051,0,2,0,0,7,0,1
3253,0,2,0,4,0,0,1
3505,0,1,0,0,0,1,0
3369,0,1,0,1,0,1,0
6308,0,1,0,0,2,0,1
4165,0,1,0,4,0,1,0
3463,0,1,1,0,1,1,0
1519,1,0,1,0,0,0,1
2617,0,1,1,1,2,1,0
5710,0,1,0,0,5,0,1
6646,0,1,0,0,1,1,0
3001,0,1,0,0,15,0,1
276,0,2,1,0,3,0,1
3397,1,2,1,5,3,1,0
929,0,1,0,4,5,1,0
6096,0,1,0,0,1,1,0
3810,0,2,0,5,26,1,0
4158,0,1,0,0,0,1,0
4563,0,2,3,0,0,0,1
6636,0,2,1,0,0,1,0
5334,0,1,0,0,0,1,0
4500,0,1,1,0,3,0,1
5365,0,1,0,0,2,0,1
553,0,3,1,0,0,1,0
4532,0,2,0,1,9,0,1
2095,0,1,0,0,2,0,1
4853,0,1,0,1,2,1,0
1271,0,1,1,0,0,1,0
2473,0,1,2,0,1,1,0
2019,0,1,0,0,6,0,1
5526,0,1,2,0,5,0,1
4832,1,2,1,0,2,0,1
6400,0,1,0,0,2,0,1
3579,0,2,0,0,9,0,1
3419,0,2,0,2,0,0,1
2947,0,2,2,0,0,0,1
6317,0,2,1,1,0,1,0
314,0,1,1,4,2,1,0
607,1,1,1,1,0,1,0
4013,0,1,0,0,0,1,0
1958,0,1,2,0,0,1,0
5155,0,1,0,0,7,0,1
2459,0,2,3,0,3,1,0
4089,0,1,1,0,1,1,0
6829,0,1,1,5,4,0,1
4215,1,1,0,0,1,1,0
3903,0,1,3,4,0,1,0
6363,0,1,0,2,6,1,0
729,0,1,3,0,3,0,1
5894,0,2,1,0,7,1,0
229,0,1,0,0,14,0,1
6845,0,1,0,0,0,1,0
1946,0,1,0,0,2,0,1
6446,0,1,0,0,1,1,0
863,0,1,0,0,0,1,0
994,0,1,0,0,1,1,0
5290,0,1,0,0,4,0,1
2162,0,1,0,0,1,1,0
4709,0,1,0,1,0,1,0
2711,0,1,0,0,0,1,0
28,0,1,0,0,0,1,0
2657,0,1,0,0,2,0,1
745,1,1,0,4,4,0,1
2708,0,1,2,0,7,0,1
1822,0,1,0,0,4,0,1
1759,0,1,2,0,0,1,0
2991,0,1,1,5,3,0,1
5552,0,1,1,0,6,0,1
822,0,1,0,4,1,1,0
1921,0,2,0,2,0,0,1
4385,0,2,0,1,0,1,0
3162,0,1,0,1,3,1,0
4543,0,3,0,0,13,0,1
2418,0,1,2,1,2,0,1
1748,0,1,1,0,3,0,1
2560,0,2,0,0,13,0,1
3722,0,1,0,1,0,1,0
1326,0,2,1,1,2,1,0
840,0,1,3,0,4,1,0
1819,1,2,0,0,21,1,0
5655,0,1,0,0,1,1,0
5958,0,2,2,0,0,0,1
2623,1,1,2,0,20,1,0
3732,0,2,2,1,18,0,1
5760,0,1,2,0,4,1,0
3274,0,2,0,0,10,0,1
6620,0,1,0,0,0,1,0
2696,0,1,0,0,5,0,1
166,0,1,0,5,6,1,0
5493,0,2,0,0,7,0,1
1790,0,1,1,0,0,1,0
33,0,1,1,0,6,0,1
2247,0,1,1,1,1,1,0
900,0,1,0,0,1,1,0
4278,0,1,0,0,0,1,0
1814,0,1,1,4,5,1,0
1558,1,1,0,0,2,1,0
4032,0,1,1,0,0,1,0
1683,0,1,1,0,2,1,0
1615,1,1,1,0,1,1,0
4643,0,1,1,0,0,1,0
2951,0,1,1,0,17,0,1
4300,1,1,3,0,0,1,0
2048,0,1,0,0,1,1,0
6575,0,3,3,3,0,0,1
4376,0,2,0,0,8,0,1
285,0,1,0,0,2,0,1
5242,0,3,1,0,8,1,0
1132,1,1,1,0,11,1,0
1169,0,0,0,0,0,0,1
1499,0,1,0,0,5,0,1
1807,0,1,0,0,0,1,0
3703,0,1,1,0,1,1,0
6838,0,1,0,0,4,0,1
2407,0,2,0,1,6,1,0
6844,0,1,1,0,0,1,0
1197,0,2,1,4,3,1,0
2685,0,2,3,1,4,1,0
4283,0,1,1,0,1,1,0
1162,0,1,0,0,0,1,0
3316,0,1,0,1,0,1,0
2600,0,1,0,0,5,0,1
6152,0,1,2,0,0,1,0
383,0,1,0,0,0,1,0
2198,0,1,0,0,3,0,1
1735,1,2,2,0,2,0,1
5239,0,2,1,3,5,0,1
2565,0,1,1,0,0,1,0
5664,0,1,1,4,2,1,0
4290,1,1,0,6,1,0,1
4537,0,1,1,1,1,1,0
6059,0,1,0,0,0,1,0
3144,0,2,0,5,8,1,0
2860,0,1,0,0,9,0,1
5368,0,1,0,0,0,1,0
4789,0,2,0,0,0,1,0
2684,1,1,0,0,2,1,0
6069,1,1,0,1,0,1,0
4446,0,2,1,0,2,1,0
3258,1,1,0,0,10,0,1
899,0,0,1,0,0,0,1
2917,0,1,1,0,10,0,1
730,0,2,1,5,18,1,0
2610,1,1,1,0,1,1,0
6793,0,2,0,0,5,0,1
5688,0,1,0,0,5,0,1
955,0,1,0,0,2,0,1
67,0,1,1,0,1,1,0
103,0,1,0,4,5,1,0
5794,0,1,1,0,0,1,0
4152,0,1,0,0,1,1,0
2949,0,2,0,0,10,0,1
5372,0,1,0,0,3,0,1
179,1,2,3,1,0,1,0
3210,0,1,0,0,0,1,0
6203,0,1,1,0,2,1,0
2550,0,1,1,4,0,1,0
4307,0,1,2,0,0,1,0
4141,0,1,1,5,1,1,0
3589,1,1,1,0,0,1,0
5875,0,2,3,0,8,1,0
1242,0,1,0,6,5,1,0
3708,0,1,0,0,1,1,0
4694,0,1,0,0,0,1,0
1993,0,2,0,0,4,0,1
6498,1,1,0,0,1,1,0
5283,0,1,3,0,0,1,0
2544,0,1,0,0,6,0,1
2584,0,2,1,0,7,1,0
5882,0,1,3,0,0,1,0
1041,1,3,1,5,2,1,0
3318,0,1,3,0,8,0,1
5993,0,1,0,0,3,0,1
6651,1,1,1,0,2,1,0
1676,0,1,0,0,0,1,0
4586,0,1,0,0,0,1,0
4513,0,2,1,0,6,1,0
214,0,1,3,0,4,1,0
4081,0,2,1,0,1,1,0
2577,0,2,1,0,6,1,0
3178,0,1,2,0,0,1,0
2707,0,1,0,0,22,0,1
642,0,2,3,0,0,0,1
6477,0,1,0,0,1,1,0
538,0,1,1,0,2,1,0
4924,0,2,0,5,3,1,0
4869,1,1,0,0,2,1,0
4371,1,1,1,0,2,1,0
2755,0,1,0,0,6,0,1
6244,0,2,1,5,5,1,0
1131,0,2,3,0,0,0,1
3922,0,1,1,0,3,0,1
1897,0,2,1,4,1,1,0
910,1,1,2,0,0,1,0
5486,0,1,0,0,2,0,1
5673,1,1,0,0,1,1,0
68,0,1,0,0,2,0,1
2441,0,2,1,0,2,1,0
799,0,3,0,0,4,1,0
2998,0,3,1,0,0,1,0
5205,0,1,0,0,6,0,1
1014,1,1,0,0,1,1,0
2654,0,1,1,0,2,1,0
2355,0,1,0,1,15,0,1
3888,0,2,1,0,3,0,1
3924,0,1,0,0,1,1,0
181,0,1,1,0,0,1,0
1185,0,1,1,0,4,0,1
4841,1,1,0,0,0,1,0
2646,0,1,3,0,0,1,0
2990,0,1,1,0,2,1,0
6625,0,1,0,0,4,0,1
1651,0,2,0,6,0,1,0
1328,0,2,3,1,4,1,0
4995,0,2,1,0,21,1,0
6229,0,2,1,1,0,1,0
4900,0,1,0,0,7,0,1
2878,0,1,0,0,0,1,0
1135,0,2,0,0,3,0,1
1422,0,1,2,0,0,1,0
1950,0,1,0,0,6,0,1
4106,1,2,0,3,6,0,1
4437,0,1,0,1,10,1,0
800,0,1,0,0,4,0,1
2256,0,1,2,0,2,0,1
4086,0,1,0,0,1,1,0
5956,0,2,0,3,17,0,1
2506,0,1,0,0,0,1,0
1954,1,1,0,1,7,0,1
3906,1,2,1,0,0,1,0
2445,0,1,1,0,0,1,0
259,0,3,0,5,8,1,0
5185,0,1,2,0,1,1,0
457,0,2,1,0,3,0,1
6464,0,2,3,0,0,0,1
5246,1,1,0,1,3,0,1
1584,0,1,0,0,0,1,0
4462,0,2,2,0,8,0,1
4319,1,1,0,0,0,1,0
3472,1,2,2,1,4,1,0
3886,1,1,1,0,3,1,0
3315,0,1,1,0,9,0,1
4167,0,1,1,0,2,1,0
2866,0,1,1,1,9,1,0
1990,1,1,0,0,0,1,0
496,0,2,1,5,1,1,0
126,0,2,1,1,2,1,0
5816,0,1,0,0,4,0,1
1586,0,1,0,0,6,0,1
5376,0,1,3,0,0,1,0
506,0,1,1,0,1,1,0
1637,0,1,0,0,0,1,0
5228,0,1,0,0,2,0,1
3128,0,1,1,0,1,1,0
820,0,1,0,0,7,0,1
4414,0,1,1,0,2,1,0
1918,1,1,0,5,4,0,1
6153,0,1,1,4,1,1,0
1504,1,1,2,0,2,0,1
4868,0,1,0,4,0,1,0
1768,0,2,0,0,4,0,1
4291,0,1,1,0,11,0,1
1224,0,1,1,1,1,1,0
5975,0,1,2,0,1,1,0
3770,0,1,0,0,6,0,1
5109,0,1,0,0,0,1,0
644,1,2,1,0,2,0,1
5201,1,1,1,0,6,0,1
2699,0,1,0,0,1,1,0
4071,1,1,0,0,5,0,1
1470,0,1,2,1,2,0,1
4030,0,1,0,0,1,1,0
4306,0,1,0,0,2,0,1
2868,0,2,0,1,0,1,0
5781,0,1,1,0,3,0,1
6662,0,1,0,0,0,1,0
5245,0,2,3,1,6,1,0
2567,0,1,0,0,10,0,1
4147,0,2,0,0,0,1,0
5860,0,1,0,4,3,1,0
1190,1,2,1,0,0,1,0
4029,0,1,0,0,4,0,1
4192,1,1,1,0,4,0,1
6758,1,2,1,0,7,1,0
3576,0,1,0,0,5,0,1
3275,0,1,2,0,1,1,0
5140,0,1,0,0,3,0,1
6725,0,1,0,6,0,1,0
1416,0,2,1,5,14,1,0
6770,0,2,3,1,0,1,0
1072,0,1,1,0,0,1,0
5474,0,3,1,0,1,1,0
997,0,1,1,0,2,1,0
3132,0,1,0,0,0,1,0
6048,1,1,1,0,3,1,0
6524,0,1,1,0,2,1,0
705,0,2,0,0,11,0,1
3731,0,1,0,0,6,0,1
217,1,1,0,0,2,1,0
3169,1,1,0,0,2,1,0
1447,1,1,0,0,0,1,0
4339,0,1,1,0,1,1,0
3488,1,1,1,1,1,0,1
1576,0,1,2,0,5,0,1
3291,0,2,1,1,0,1,0
1147,1,1,1,1,1,0,1
1825,0,1,0,0,3,0,1
1412,1,1,1,0,5,0,1
3218,0,1,0,1,1,0,1
4324,0,1,1,0,1,1,0
1953,0,2,3,0,2,1,0
1247,0,2,1,0,12,0,1
4267,0,2,2,1,13,0,1
4958,0,1,0,0,4,0,1
5229,1,1,1,0,1,1,0
756,0,1,0,0,0,1,0
5989,0,1,0,0,9,0,1
2827,0,1,0,0,8,0,1
2126,0,2,0,0,1,1,0
3191,0,1,0,6,5,1,0
4876,0,1,0,6,1,1,0
6788,1,1,0,0,2,1,0
5079,0,1,0,0,4,0,1
684,0,1,1,0,1,1,0
4431,0,1,0,0,2,0,1
389,0,1,0,0,3,0,1
2150,0,1,0,5,3,1,0
22,0,1,2,0,1,1,0
5705,0,1,0,0,2,0,1
6137,0,2,3,1,0,1,0
6437,0,1,1,0,0,1,0
689,0,3,1,3,0,0,1
5055,0,1,1,1,3,1,0
6322,0,1,0,0,2,0,1
4907,1,2,1,0,0,1,0
1399,0,2,1,1,0,1,0
6635,0,1,1,0,6,0,1
3768,0,1,1,0,8,0,1
3391,1,1,0,0,0,1,0
4737,0,2,1,1,8,0,1
359,1,2,1,1,1,1,0
2893,0,1,1,0,0,1,0
6064,0,1,0,0,2,0,1
1862,0,1,0,0,2,0,1
1746,0,3,1,0,2,1,0
5277,0,3,2,1,0,1,0
4834,0,1,2,0,0,1,0
6863,0,2,1,5,14,1,0
6454,0,1,0,0,4,0,1
5906,0,2,0,0,28,0,1
4516,0,1,0,0,3,0,1
3593,0,2,0,0,3,0,1
239,0,1,1,0,4,0,1
3831,0,1,0,6,0,1,0
870,0,1,0,0,1,1,0
2363,0,1,1,0,1,1,0
3068,0,2,2,0,3,0,1
221,0,2,0,3,0,0,1
1540,0,2,0,0,6,0,1
5579,0,1,1,0,1,1,0
3948,0,1,0,0,1,1,0
1298,0,1,0,0,1,1,0
3335,0,1,0,0,8,0,1
792,0,1,3,0,0,1,0
1915,0,1,1,0,1,1,0
5611,0,1,0,0,1,1,0
2326,0,1,0,0,1,1,0
4354,1,2,3,5,6,1,0
5991,0,2,3,2,3,0,1
3769,1,1,0,0,4,0,1
5174,0,1,0,0,1,1,0
1785,0,1,1,0,3,0,1
4925,1,1,1,0,0,1,0
5854,0,0,1,0,4,0,1
6735,0,1,0,0,1,1,0
946,0,1,0,1,3,1,0
4815,0,2,1,4,2,1,0
2472,0,1,0,0,1,1,0
3041,1,3,1,5,1,1,0
3611,0,2,0,0,19,0,1
5122,0,1,1,0,3,0,1
5693,0,1,1,0,8,0,1
3344,1,1,0,0,0,1,0
3317,0,1,0,0,4,0,1
2106,0,2,1,0,3,0,1
4282,0,1,3,1,0,1,0
3762,0,1,1,0,6,0,1
763,0,0,1,0,0,0,1
4250,0,0,0,0,0,0,1
5311,0,1,1,0,15,0,1
4026,1,1,2,0,2,0,1
3779,0,1,0,0,3,0,1
2253,1,1,2,2,0,1,0
6478,1,1,0,0,0,1,0
1357,0,2,1,5,1,1,0
2498,0,1,1,0,2,1,0
4576,0,1,2,0,2,0,1
1228,0,1,1,0,2,1,0
5721,1,1,3,0,0,1,0
6288,0,1,0,0,0,1,0
2090,1,1,2,2,0,1,0
1998,0,2,0,0,1,1,0
5319,0,1,0,0,8,0,1
4206,0,1,1,0,3,0,1
1394,0,2,2,0,3,0,1
3443,0,1,0,0,1,1,0
6593,1,1,0,0,0,1,0
5669,0,2,1,0,5,1,0
3321,0,1,1,0,0,1,0
192,0,1,3,4,5,1,0
2140,1,1,0,0,7,0,1
3012,0,3,2,5,2,0,1
6751,0,1,1,2,1,1,0
4879,0,1,0,1,3,1,0
4856,0,1,0,4,8,0,1
6378,0,1,1,0,4,0,1
6128,0,2,1,5,21,1,0
4221,0,1,1,0,2,1,0
3260,1,1,1,0,2,1,0
5744,0,1,2,0,4,1,0
3862,0,1,0,0,6,0,1
783,0,1,0,0,16,0,1
3042,1,1,0,0,0,1,0
5729,0,1,3,1,2,1,0
3456,0,2,0,0,7,0,1
280,0,1,1,0,5,0,1
1463,1,1,0,0,2,1,0
1669,0,1,0,0,3,0,1
5467,1,1,1,0,0,1,0
3861,0,1,0,2,6,1,0
6761,1,1,0,0,0,1,0
2874,0,1,1,0,0,1,0
2940,0,1,1,0,0,1,0
1893,0,1,1,0,1,1,0
3019,0,1,0,4,2,1,0
1396,0,1,0,0,4,0,1
2855,1,1,0,0,3,0,1
931,1,1,0,0,3,0,1
4530,1,1,0,0,2,1,0
5323,0,1,0,0,0,1,0
1238,0,1,0,1,1,0,1
4021,0,1,0,1,4,0,1
5529,0,1,0,4,2,1,0
1386,0,3,1,5,3,1,0
3249,0,1,3,0,1,1,0
2275,0,1,0,0,1,1,0
5021,0,2,1,1,0,1,0
5069,1,2,0,0,16,0,1
6175,0,1,2,0,13,0,1
854,0,1,1,0,0,1,0
5179,1,1,0,0,11,1,0
6147,0,2,0,1,20,0,1
5364,0,2,1,1,0,1,0
3085,0,2,0,0,1,1,0
804,1,1,0,0,0,1,0
3163,0,1,0,0,1,1,0
6681,0,0,0,0,0,0,1
6334,0,2,1,5,18,1,0
5750,0,1,3,0,1,1,0
3813,0,1,0,0,4,0,1
507,0,1,1,0,0,1,0
667,0,1,0,0,2,0,1
5838,0,1,0,0,1,1,0
5395,1,1,2,0,2,0,1
3186,0,1,2,0,7,0,1
2919,0,1,0,0,5,0,1
3993,0,1,0,0,3,0,1
6650,1,1,0,0,0,1,0
5801,0,1,1,0,1,1,0
2575,0,2,0,0,0,1,0
5040,0,2,0,0,5,0,1
2423,0,1,0,0,1,1,0
5613,0,1,0,0,2,0,1
4097,0,1,0,0,1,1,0
3231,0,1,3,0,0,1,0
6235,0,1,0,0,1,1,0
1783,0,2,3,1,1,1,0
1734,0,1,0,1,5,0,1
5249,0,1,1,0,4,0,1
6712,0,2,0,0,23,0,1
5593,0,1,1,0,1,1,0
1081,1,1,2,0,0,1,0
850,1,1,1,0,1,1,0
524,0,2,0,0,8,0,1
4364,1,1,0,0,0,1,0
2589,1,1,0,0,3,0,1
5456,0,1,2,0,9,0,1
6480,0,1,3,0,5,0,1
6110,0,1,0,0,4,0,1
4113,1,1,0,0,2,1,0
3407,0,1,0,0,28,1,0
1297,0,1,1,4,0,1,0
2362,0,1,0,0,1,1,0
6803,0,2,2,5,3,1,0
6392,0,1,0,0,0,1,0
976,0,2,0,0,8,0,1
3512,0,2,0,0,9,0,1
639,0,1,3,0,4,1,0
3411,0,2,0,0,4,0,1
288,0,1,1,0,1,1,0
3271,0,1,0,0,0,1,0
6699,0,1,0,0,1,1,0
847,0,2,0,0,3,0,1
4434,0,1,3,1,4,1,0
2246,0,1,1,0,0,1,0
4864,0,1,1,4,2,1,0
2364,0,2,0,0,3,0,1
6795,0,1,0,0,1,1,0
5702,0,1,0,0,2,0,1
4447,0,1,0,1,0,1,0
3743,0,1,1,0,0,1,0
3925,0,1,0,0,5,0,1
321,1,1,0,0,0,1,0
3897,0,1,0,0,1,1,0
6491,0,1,1,0,0,1,0
5909,0,1,0,0,1,1,0
2040,0,2,0,2,21,1,0
4429,0,1,0,0,8,0,1
2398,0,2,0,0,2,1,0
1566,0,1,1,0,0,1,0
3745,0,2,1,0,3,0,1
1833,0,1,0,0,18,0,1
2255,0,2,1,1,1,1,0
686,0,1,1,0,0,1,0
3656,0,1,1,0,0,1,0
2764,0,2,1,0,3,0,1
4972,1,2,0,0,8,1,0
6143,1,1,0,0,2,1,0
5903,0,1,1,0,3,0,1
4848,0,1,1,0,2,1,0
2031,1,1,0,0,5,0,1
4078,1,1,1,1,11,1,0
1019,0,2,1,0,3,0,1
4788,0,1,0,0,4,0,1
3626,0,1,1,0,1,1,0
2165,0,2,1,4,0,1,0
5219,0,1,1,1,10,1,0
54,0,2,1,0,8,0,1
344,1,1,0,0,0,1,0
6830,0,1,0,0,2,0,1
6342,0,1,1,4,2,1,0
1351,0,2,0,1,0,1,0
3234,1,1,0,0,0,1,0
6373,0,1,1,1,3,1,0
717,0,1,0,0,10,0,1
6267,1,1,0,0,2,1,0
2856,0,1,1,0,3,0,1
5809,1,1,1,4,0,0,1
4850,0,1,0,1,3,1,0
1456,0,1,2,1,1,1,0
4598,0,2,1,5,0,1,0
244,0,1,2,0,1,1,0
959,0,1,0,0,2,0,1
3938,1,1,1,0,0,1,0
5703,0,1,3,1,0,1,0
434,1,2,0,0,16,0,1
6024,1,1,0,0,7,0,1
3643,0,1,1,0,2,1,0
1751,0,2,1,0,9,0,1
1573,0,1,0,0,11,0,1
2689,0,1,3,0,2,1,0
711,0,1,0,0,0,1,0
3438,0,2,0,1,13,0,1
3826,0,1,0,0,7,0,1
3675,0,1,1,0,2,1,0
4461,0,1,0,0,1,1,0
6418,0,2,1,5,3,1,0
5448,0,1,0,0,0,1,0
2675,0,2,0,0,9,0,1
123,0,1,1,0,0,1,0
3281,0,1,0,0,1,1,0
2010,0,1,0,0,9,0,1
5644,0,0,2,0,0,0,1
5681,0,2,1,5,2,1,0
3920,0,1,1,0,14,0,1
2745,0,1,1,0,1,1,0
2023,0,2,1,0,1,1,0
275,0,2,1,0,6,1,0
40,0,1,1,1,2,1,0
796,0,1,0,0,1,1,0
4181,0,1,1,0,1,1,0
5049,0,1,1,0,6,0,1
5676,0,1,1,1,2,1,0
610,1,2,1,0,0,1,0
6641,0,1,1,0,2,1,0
1596,0,1,0,1,24,0,1
5895,0,1,0,0,1,1,0
2695,0,1,0,0,2,0,1
2489,0,1,0,0,7,0,1
2918,0,1,1,0,2,1,0
5243,1,1,1,0,3,1,0
1240,0,2,1,0,4,0,1
4793,0,2,1,5,1,1,0
5267,0,1,1,0,4,0,1
6192,0,1,0,0,9,0,1
2894,0,1,0,0,2,0,1
5404,0,1,1,0,2,1,0
2736,0,1,1,2,1,1,0
3216,0,1,1,0,0,1,0
6508,0,1,1,0,3,0,1
5482,0,2,1,5,13,1,0
5871,1,1,1,0,2,1,0
6134,0,1,0,0,4,0,1
2105,0,1,0,0,1,1,0
5954,1,1,1,0,1,1,0
5053,0,1,0,0,2,0,1
646,0,1,0,1,0,1,0
6140,0,1,0,0,8,0,1
1650,0,1,0,0,8,0,1
2652,0,1,2,0,0,1,0
4762,0,1,0,0,6,0,1
518,0,2,2,0,2,1,0
6452,0,2,0,5,7,1,0
3659,0,1,2,0,3,0,1
4682,0,2,1,1,2,1,0
4945,0,1,0,0,0,1,0
1796,0,1,0,0,2,0,1
5859,0,1,1,0,3,0,1
5061,0,2,0,0,0,1,0
5753,1,2,1,2,17,0,1
5707,0,0,3,1,0,0,1
6606,0,1,1,1,8,1,0
5749,0,1,1,0,0,1,0
484,1,1,0,0,12,0,1
6295,0,1,0,0,7,0,1
1370,0,1,0,6,8,1,0
3832,0,2,0,0,1,1,0
3683,0,2,0,0,0,1,0
3500,0,1,1,1,9,1,0
5492,0,1,1,6,3,0,1
1055,0,1,2,4,0,1,0
1248,0,1,0,0,0,1,0
5165,1,1,3,2,1,0,1
4511,0,1,0,0,1,1,0
4521,0,1,1,0,3,0,1
6303,0,2,0,0,5,0,1
1045,0,1,0,0,1,1,0
4405,0,2,1,0,3,0,1
2336,0,1,0,0,1,1,0
12,1,2,1,0,1,1,0
5773,0,1,1,0,3,0,1
3963,0,2,0,0,0,1,0
5924,0,1,0,0,0,1,0
5845,1,1,0,2,0,1,0
1963,0,1,0,0,1,1,0
4886,1,1,0,1,4,0,1
1764,0,1,0,1,0,1,0
6577,0,1,3,0,1,1,0
1134,0,1,3,0,5,0,1
6231,0,1,0,0,10,0,1
2733,0,1,0,0,2,0,1
5348,0,1,0,1,5,0,1
6265,0,1,0,0,0,1,0
4477,0,1,1,0,0,1,0
4380,0,1,0,0,0,1,0
3140,0,1,1,0,0,1,0
3160,0,1,0,2,0,1,0
1966,0,2,1,5,2,1,0
5389,0,2,1,0,3,0,1
3423,1,1,0,0,0,1,0
1951,0,1,0,0,0,1,0
3177,0,1,1,0,3,0,1
2032,0,1,0,0,2,0,1
1606,0,1,2,0,7,0,1
2902,0,2,1,0,0,1,0
230,0,1,0,0,4,0,1
3691,1,1,0,0,0,1,0
3652,0,2,1,0,3,0,1
4008,0,1,0,0,0,1,0
1926,0,1,0,0,0,1,0
2487,0,1,1,0,6,0,1
6709,0,1,0,0,0,1,0
4276,1,1,1,0,2,1,0
6011,0,2,1,0,1,1,0
2512,1,1,0,6,1,0,1
3134,0,1,0,0,0,1,0
5642,1,1,0,0,0,1,0
19,0,1,0,0,1,1,0
770,0,1,3,0,3,0,1
6406,0,1,1,0,0,1,0
5212,0,2,0,0,4,0,1
6305,1,1,1,2,0,0,1
5581,0,1,0,0,2,0,1
2748,0,1,0,0,3,0,1
1094,0,1,1,0,3,0,1
4733,0,1,2,0,1,1,0
6531,0,1,3,0,2,1,0
86,1,0,1,0,0,0,1
2984,0,1,0,0,1,1,0
2204,0,1,2,1,1,1,0
2772,0,2,1,5,1,1,0
2226,0,1,0,0,3,0,1
1488,0,1,0,0,3,0,1
1419,0,3,1,1,0,1,0
3409,1,2,1,0,1,1,0
2513,0,1,1,0,4,0,1
4708,0,1,0,0,1,1,0
638,0,1,0,0,11,0,1
3339,0,1,1,1,5,1,0
921,0,2,2,0,0,0,1
4927,0,1,2,0,0,1,0
3876,0,1,1,0,5,0,1
4706,0,1,0,0,1,1,0
3461,1,1,2,1,0,1,0
551,0,2,1,0,5,1,0
1625,0,1,2,0,3,0,1
3069,0,2,3,0,0,0,1
6028,0,1,2,0,7,0,1
1020,0,1,0,1,1,0,1
3073,0,1,1,0,0,1,0
3828,0,0,1,0,0,0,1
133,1,0,0,0,1,0,1
2084,0,2,2,0,0,0,1
827,0,1,0,1,0,1,0
5531,0,1,0,0,3,0,1
777,0,1,1,0,8,0,1
4665,0,1,0,0,1,1,0
622,0,1,0,0,0,1,0
5078,0,1,1,0,0,1,0
227,0,1,1,0,0,1,0
1030,0,2,0,1,1,1,0
6002,0,1,0,0,1,1,0
5281,0,1,0,0,0,1,0
4060,1,2,1,1,0,1,0
1922,0,1,0,0,2,0,1
998,0,1,0,0,2,0,1
2006,0,1,0,0,1,1,0
4370,0,1,0,0,2,0,1
6411,0,2,3,0,5,1,0
6623,0,1,0,0,5,0,1
3945,1,1,1,0,6,0,1
6171,0,1,0,0,15,0,1
1832,0,1,0,1,0,1,0
4771,0,2,1,0,2,1,0
5570,0,1,3,0,0,1,0
6654,0,1,1,0,0,1,0
6763,0,1,1,0,5,0,1
1715,0,1,2,1,12,0,1
4490,0,1,1,0,0,1,0
6684,0,1,2,4,0,1,0
3392,0,1,1,1,21,0,1
5020,0,1,0,5,1,1,0
919,0,1,0,0,0,1,0
5852,0,1,1,0,4,0,1
3493,0,2,0,0,5,0,1
3554,0,3,1,0,10,1,0
4595,0,1,0,0,1,1,0
4058,0,1,0,0,1,1,0
2821,0,1,0,0,5,0,1
6184,0,1,1,0,1,1,0
789,0,1,1,0,2,1,0
1012,0,1,0,0,0,1,0
2112,0,2,2,1,0,1,0
1441,1,1,2,0,0,1,0
1613,1,2,1,1,4,1,0
6870,1,1,1,0,2,1,0
3511,0,1,3,0,4,1,0
3100,0,2,1,0,4,0,1
4068,0,1,2,2,1,1,0
32,0,2,3,0,7,1,0
3152,1,1,1,0,5,0,1
5089,1,2,2,0,1,1,0
4899,0,1,0,0,27,1,0
663,0,1,0,0,2,0,1
2800,0,2,2,0,4,0,1
1333,0,1,1,0,0,1,0
5621,0,0,0,0,1,0,1
4445,0,2,1,1,0,1,0
6653,1,1,1,0,0,1,0
5769,0,1,1,1,2,1,0
1140,0,1,0,0,5,0,1
772,0,1,0,0,1,1,0
1427,0,1,2,0,2,0,1
5712,0,1,0,0,0,1,0
749,0,2,0,0,11,0,1
83,0,1,3,0,1,1,0
6270,0,1,3,0,0,1,0
2523,0,1,3,1,2,1,0
3507,1,1,1,0,1,1,0
5459,0,2,1,0,4,0,1
4486,0,2,2,0,0,0,1
2712,0,1,0,0,4,0,1
478,0,2,2,0,20,0,1
657,0,1,0,0,5,0,1
4227,0,1,0,0,2,0,1
4156,1,1,0,0,3,0,1
6159,1,2,1,0,0,1,0
748,0,1,1,0,0,1,0
3534,0,1,0,0,5,0,1
3665,0,1,0,0,0,1,0
2352,0,1,1,0,14,0,1
5600,1,1,0,1,3,0,1
353,0,1,0,0,1,1,0
107,0,1,0,0,0,1,0
364,0,1,0,1,1,0,1
4992,0,1,1,5,11,1,0
5822,0,1,3,1,1,1,0
2673,0,1,0,0,5,0,1
4800,0,1,2,1,2,0,1
4909,1,1,0,0,2,1,0
6805,0,1,2,0,20,1,0
5017,0,2,1,0,8,0,1
6883,0,0,0,0,0,0,1
4760,0,2,2,0,1,1,0
3004,1,1,0,0,3,0,1
2027,0,1,1,0,8,0,1
4392,0,1,2,5,0,1,0
2900,0,3,1,5,0,1,0
6254,0,2,1,0,8,0,1
5274,1,1,1,0,1,1,0
4734,1,0,3,0,0,0,1
1261,0,1,0,0,0,1,0
2327,0,3,0,1,30,0,1
2922,0,2,0,0,8,0,1
4930,0,1,0,0,2,0,1
3308,0,3,1,1,1,1,0
1810,0,1,0,1,10,1,0
3746,0,2,1,0,6,1,0
671,0,1,0,0,6,0,1
4172,0,1,0,0,0,1,0
187,0,1,3,0,2,1,0
5130,0,1,1,0,2,1,0
3059,0,1,0,0,1,1,0
5144,0,1,2,0,3,0,1
3811,1,1,0,0,1,1,0
5755,0,1,2,0,0,1,0
3544,0,1,1,1,3,1,0
6448,0,1,2,0,0,1,0
6533,0,2,1,0,3,0,1
3803,0,2,0,0,11,0,1
3612,0,3,0,0,7,0,1
4359,0,2,0,0,4,0,1
468,0,2,3,5,5,1,0
5087,0,2,0,0,1,1,0
1649,0,1,1,0,1,1,0
3639,0,1,1,0,0,1,0
2133,0,2,0,4,0,0,1
5048,0,1,1,0,2,1,0
2611,0,2,0,1,0,1,0
6425,1,1,2,0,0,1,0
1129,0,1,3,0,1,1,0
5970,0,1,1,1,3,1,0
2864,0,1,1,0,0,1,0
437,0,2,1,1,6,1,0
6284,1,2,0,2,2,1,0
4175,1,1,1,0,0,1,0
4460,0,1,0,0,3,0,1
1848,0,1,0,0,1,1,0
5815,1,0,1,0,1,0,1
2382,0,1,0,0,1,1,0
1417,0,1,3,1,6,0,1
1563,0,2,1,5,3,1,0
5759,0,1,0,1,2,1,0
4857,0,1,0,0,0,1,0
1542,0,2,2,0,4,0,1
3351,0,1,0,0,0,1,0
4088,1,1,0,0,5,0,1
6613,1,1,1,1,1,0,1
1646,0,1,0,0,27,1,0
630,0,1,0,0,1,1,0
5713,0,1,0,0,1,1,0
6287,0,1,1,1,0,1,0
2416,0,1,0,1,5,0,1
3577,0,1,0,0,1,1,0
4046,0,1,3,0,0,1,0
216,0,1,0,0,2,0,1
5468,1,2,1,0,0,1,0
2527,1,1,0,0,2,1,0
2132,0,1,3,0,0,1,0
460,0,1,2,0,4,1,0
2873,0,2,3,0,10,1,0
1521,0,1,3,0,3,0,1
679,0,1,0,0,0,1,0
3935,0,1,1,0,5,0,1
35,0,1,1,4,1,1,0
5501,1,1,1,0,3,1,0
1,0,1,0,0,0,1,0
2399,0,1,0,0,1,1,0
4161,1,1,1,0,4,0,1
4716,0,1,1,0,0,1,0
2719,0,2,0,0,5,0,1
2014,0,1,0,0,0,1,0
1426,0,1,0,0,7,0,1
1120,0,1,0,0,0,1,0
3349,0,1,0,0,1,1,0
6050,0,1,1,0,1,1,0
6129,0,2,3,1,2,1,0
6428,0,1,0,1,2,1,0
1420,0,1,0,0,2,0,1
3465,1,1,0,0,2,1,0
2179,0,1,1,0,1,1,0
2206,0,1,0,0,7,0,1
396,0,2,0,0,11,0,1
6887,1,1,0,0,3,0,1
5701,0,2,1,0,1,1,0
6118,0,1,0,0,11,0,1
1959,0,2,1,5,2,1,0
4411,0,1,1,0,0,1,0
990,0,2,0,0,0,1,0
2360,0,1,0,0,1,1,0
4098,0,2,0,0,0,1,0
2287,0,1,0,0,1,1,0
3272,0,1,0,0,1,1,0
5129,0,2,1,1,2,1,0
2290,0,0,0,0,0,0,1
345,0,2,0,0,3,0,1
6123,1,1,0,0,0,1,0
5420,0,2,0,0,5,0,1
5955,0,1,0,0,2,0,1
2440,1,2,1,0,0,1,0
3720,0,1,0,0,0,1,0
6197,0,2,0,0,21,1,0
3375,0,2,1,0,3,0,1
2743,0,1,0,1,3,1,0
4935,0,1,1,0,1,1,0
3300,0,1,0,0,0,1,0
3822,0,1,1,0,0,1,0
4410,1,1,0,0,9,0,1
430,1,2,0,0,2,1,0
5743,0,2,0,0,9,0,1
6875,1,0,0,0,0,1,0
3583,1,2,1,0,1,1,0
4241,1,2,0,1,21,1,0
1015,0,1,0,0,2,0,1
1128,1,1,1,0,2,1,0
2102,0,1,0,4,0,1,0
3916,0,2,0,2,0,0,1
6162,0,2,1,0,2,1,0
3604,0,1,0,0,4,0,1
632,0,3,0,0,2,1,0
577,0,1,2,0,1,1,0
2925,0,1,0,4,5,1,0
1080,0,2,1,0,1,1,0
1917,0,1,1,1,0,1,0
6835,0,2,0,0,5,0,1
785,1,1,3,1,0,1,0
2762,0,2,0,0,1,1,0
3584,0,1,0,5,21,0,1
4248,0,1,0,0,0,1,0
1682,0,1,0,0,1,1,0
93,1,1,1,1,0,1,0
5178,0,1,1,0,5,0,1
4996,0,1,1,0,13,0,1
6251,0,1,0,0,1,1,0
859,0,1,0,1,3,1,0
279,0,1,2,1,3,1,0
3678,0,1,0,0,0,1,0
6547,0,1,1,0,1,1,0
4577,0,1,0,0,2,0,1
2437,0,2,0,0,0,1,0
4981,1,3,1,1,1,1,0
861,0,2,2,1,0,1,0
5725,0,1,0,1,12,1,0
2056,0,1,3,1,4,1,0
3625,0,1,3,0,6,0,1
3701,1,1,0,0,3,0,1
4870,0,1,1,0,1,1,0
4463,0,1,1,0,1,1,0
2388,0,2,0,6,0,1,0
3725,0,1,1,0,1,1,0
6258,0,0,1,0,0,0,1
1043,0,1,0,1,18,0,1
3105,0,1,1,0,0,1,0
4941,0,1,0,0,6,0,1
602,0,1,1,0,5,0,1
5341,1,2,1,0,7,1,0
1338,0,1,0,0,0,1,0
1853,1,1,0,0,6,0,1
6029,0,1,2,0,2,0,1
1308,0,1,1,5,10,1,0
2079,0,2,1,0,9,0,1
4484,0,1,0,0,14,0,1
5226,1,1,0,0,1,1,0
5630,0,1,0,0,6,0,1
3331,0,1,0,0,0,1,0
3693,0,1,1,0,8,0,1
2916,0,1,0,0,1,1,0
6739,0,1,2,0,0,1,0
464,0,1,2,0,2,0,1
725,0,1,3,0,1,1,0
1526,0,1,3,0,3,0,1
1964,0,1,0,0,7,0,1
395,1,1,0,0,1,1,0
2279,0,1,0,0,0,1,0
1823,0,1,1,0,1,1,0
2457,0,1,0,0,0,1,0
6809,1,2,2,2,1,1,0
5449,1,1,0,5,1,0,1
6224,0,2,0,2,1,1,0
773,0,1,2,0,11,0,1
3816,0,1,1,5,7,1,0
1153,0,1,0,4,5,1,0
201,0,2,1,5,7,1,0
2070,1,1,1,0,2,1,0
1986,0,1,1,0,2,1,0
3644,0,1,1,0,3,0,1
5287,0,1,1,1,6,0,1
6700,1,1,2,0,2,0,1
6602,1,2,0,0,8,1,0
2346,0,2,3,0,0,0,1
4274,0,1,1,0,0,1,0
5898,0,1,0,0,2,0,1
3277,0,1,0,2,8,0,1
5968,0,1,0,0,1,1,0
1565,0,2,2,0,0,0,1
4732,0,1,0,0,0,1,0
2474,0,1,0,0,1,1,0
272,0,1,1,0,3,0,1
6214,1,2,1,5,0,1,0
5812,0,1,1,1,5,1,0
3866,0,1,1,5,5,1,0
2849,0,1,1,0,3,0,1
2861,1,1,0,0,0,1,0
2950,0,1,0,0,1,1,0
4645,0,1,2,0,2,0,1
1365,0,2,1,4,1,1,0
490,0,1,0,0,2,0,1
1635,0,1,0,0,10,0,1
1992,0,2,1,1,1,1,0
351,1,0,3,0,1,0,1
3075,0,1,2,1,6,0,1
5146,1,1,1,0,14,0,1
875,1,2,1,0,1,1,0
1100,1,2,1,1,1,1,0
4296,0,1,2,0,2,0,1
5723,0,1,0,0,5,0,1
4157,0,2,1,5,3,1,0
5408,1,1,0,0,2,1,0
2535,0,1,0,0,3,0,1
435,0,1,0,0,1,1,0
5827,1,2,1,0,3,1,0
456,0,1,1,0,3,0,1
1770,0,1,0,0,1,1,0
3220,0,1,0,0,1,1,0
5717,0,1,1,0,2,1,0
1664,1,2,2,0,9,0,1
1334,1,1,1,0,0,1,0
177,0,3,0,1,3,1,0
3051,1,1,0,0,3,0,1
5310,0,1,0,0,2,0,1
3301,0,1,0,0,5,0,1
4224,0,1,1,0,0,1,0
5896,0,1,1,5,2,1,0
2369,0,1,1,0,2,1,0
5685,0,2,1,0,1,1,0
3229,0,1,1,0,9,0,1
2456,0,1,1,0,4,0,1
1221,0,0,0,0,1,0,1
6848,0,3,0,5,4,1,0
5905,0,1,2,0,2,0,1
3872,0,1,1,0,2,1,0
739,0,1,3,1,1,1,0
228,0,1,1,0,0,1,0
1977,0,2,1,0,4,0,1
3379,0,1,0,0,9,0,1
5476,0,1,2,1,9,0,1
370,0,1,0,0,2,0,1
2365,1,1,0,0,14,0,1
1932,1,2,0,0,4,1,0
4044,0,1,0,0,12,0,1
949,0,1,0,1,5,0,1
1717,0,3,1,0,6,1,0
5419,0,1,1,0,0,1,0
138,1,1,0,0,0,1,0
251,0,1,0,0,4,0,1
1090,1,1,0,0,14,0,1
