,sexC,ageC,raceC,MC,priors_count_C,c_charge_degree,decile_score,c_days_from_compas_C,juv_fel_count_C,juv_misd_count_C,juv_other_count_C,act,pred
2520,0,1,0,0,1,0,8,0,0,0,0,1,[1]
3721,0,1,0,0,0,0,4,0,0,0,0,1,[1]
5718,0,0,1,0,0,0,7,0,0,0,0,1,[1]
3052,1,1,0,0,0,0,6,0,0,0,0,1,[1]
2711,0,1,0,0,0,0,8,0,0,0,0,1,[1]
5645,0,1,0,0,2,0,7,0,0,0,0,1,[1]
4617,0,1,0,0,1,0,9,0,0,0,0,1,[1]
125,1,1,1,0,1,0,4,0,0,0,0,1,[1]
1988,0,1,0,0,0,0,10,0,0,0,0,1,[1]
3953,0,0,1,0,0,0,6,0,0,0,0,1,[1]
2427,1,1,0,0,0,0,6,0,0,0,0,1,[1]
870,0,1,0,0,0,0,7,0,0,0,0,1,[1]
1745,0,1,0,0,1,0,8,0,0,0,0,1,[1]
79,0,1,0,0,0,1,7,0,0,0,0,1,[1]
943,0,1,0,0,0,0,5,0,0,0,0,1,[1]
354,0,1,1,0,0,1,6,0,0,0,0,1,[1]
4942,0,2,0,0,1,1,1,0,0,0,0,1,[1]
5433,0,1,0,0,1,0,9,0,0,0,0,1,[1]
3349,0,1,0,0,0,1,9,0,0,0,0,1,[1]
5569,1,1,0,4,0,0,9,0,0,0,0,1,[1]
5880,1,1,1,0,0,0,5,0,0,0,0,1,[1]
4387,0,1,0,0,2,1,9,0,0,0,0,1,[1]
4028,0,1,0,0,0,0,9,0,0,0,0,1,[1]
2584,0,2,1,0,0,0,6,0,0,0,0,1,[1]
1495,0,1,2,0,0,1,5,0,0,0,0,1,[1]
3924,0,1,0,0,0,0,9,0,0,0,0,1,[1]
2157,0,1,0,0,0,0,6,0,0,0,0,1,[1]
4585,0,1,0,0,0,0,8,0,0,0,0,1,[1]
3698,0,1,0,0,0,0,8,0,1,0,0,1,[1]
1953,0,2,3,0,0,0,8,0,0,0,0,1,[1]
3599,0,1,0,0,0,0,6,0,0,0,0,1,[1]
5704,0,1,1,0,1,0,9,0,0,0,0,1,[1]
1958,0,1,2,0,0,0,4,0,0,0,0,1,[1]
1377,0,1,0,0,0,0,7,0,0,0,0,1,[1]
1404,0,1,0,0,1,0,10,0,0,0,0,1,[1]
3663,0,1,1,4,2,0,6,0,0,0,0,1,[1]
2098,0,1,0,0,0,0,7,0,0,0,0,1,[1]
5970,0,1,1,1,0,1,9,0,0,0,0,1,[1]
2897,0,1,0,0,0,0,8,0,0,0,0,1,[1]
4400,0,1,1,0,0,0,7,0,0,0,0,1,[1]
1122,0,1,0,0,0,0,7,0,0,0,0,1,[1]
555,0,1,0,0,0,0,6,0,0,0,0,1,[1]
2389,0,2,0,0,0,0,6,0,0,0,0,1,[1]
3903,0,1,3,4,0,0,3,0,0,0,0,1,[1]
136,0,1,0,0,1,0,6,0,0,0,0,1,[1]
2929,0,2,1,0,2,0,8,0,0,0,0,1,[1]
2594,0,2,0,2,1,1,6,0,0,0,0,1,[1]
2437,0,2,0,0,0,0,6,0,0,0,0,1,[1]
4214,0,2,0,0,0,0,8,0,0,0,0,1,[1]
3684,1,1,1,0,0,0,7,0,0,0,0,1,[1]
433,0,1,0,0,1,1,8,0,0,0,0,1,[1]
1155,0,1,0,0,0,0,7,0,0,0,0,1,[1]
1289,0,1,0,0,1,1,9,0,0,0,0,1,[1]
1951,0,1,0,0,0,0,8,0,0,0,0,1,[1]
5187,0,1,0,0,1,0,9,0,0,0,0,1,[1]
3646,0,1,0,0,1,0,9,0,0,0,0,1,[1]
28,0,1,0,0,0,0,10,0,0,0,0,1,[1]
5606,0,1,0,0,0,0,4,0,0,0,0,1,[1]
473,0,1,0,0,0,0,4,0,0,0,0,1,[1]
795,0,2,0,0,3,0,10,0,0,0,0,1,[1]
1790,0,1,1,0,0,1,8,0,0,0,0,1,[1]
248,0,0,0,0,0,0,8,0,0,0,0,1,[1]
5986,0,1,0,0,1,0,6,0,0,0,0,1,[1]
383,0,1,0,0,0,1,9,0,0,0,0,1,[1]
5058,0,0,0,0,0,0,7,0,0,0,0,1,[1]
2881,0,1,0,0,0,0,10,0,0,0,0,1,[1]
5914,0,1,0,0,0,0,7,0,0,0,0,1,[1]
545,0,1,0,0,1,0,7,0,0,0,0,1,[1]
1749,0,1,0,0,0,1,8,0,0,0,0,1,[1]
4675,0,1,0,0,0,0,7,0,0,0,0,1,[1]
3370,0,1,1,0,0,0,8,0,0,0,0,1,[1]
3679,0,1,0,0,1,0,9,0,0,0,0,1,[1]
3162,0,1,0,1,0,0,10,0,0,0,0,1,[1]
2990,0,1,1,0,0,0,9,0,0,0,0,1,[1]
573,0,2,0,0,2,0,5,0,0,0,0,1,[1]
4582,0,0,3,0,0,0,3,0,0,0,0,1,[1]
4822,0,1,0,0,1,0,8,0,0,0,0,1,[1]
44,0,1,0,4,1,0,8,0,0,0,0,1,[1]
4869,1,1,0,0,0,0,10,0,0,0,0,1,[1]
4185,0,1,0,0,0,0,10,0,0,0,0,1,[1]
4474,0,1,0,0,0,1,3,0,0,0,0,1,[1]
2319,0,0,3,0,0,1,9,0,0,0,0,1,[1]
3854,0,0,0,0,0,0,5,0,0,0,0,1,[1]
3636,0,1,0,0,0,0,7,0,0,0,0,1,[1]
5324,0,1,0,0,1,0,10,0,0,0,0,1,[1]
1437,0,1,0,0,0,0,9,0,0,0,0,1,[1]
2262,1,1,0,4,1,1,7,0,0,0,0,1,[1]
2578,0,2,0,0,3,0,9,0,0,0,0,1,[1]
1370,0,1,0,6,1,0,6,0,0,0,0,1,[1]
5448,0,1,0,0,0,1,10,9,0,0,0,1,[1]
4049,0,1,0,0,0,0,5,0,0,0,0,1,[1]
4879,0,1,0,1,0,1,2,0,0,0,0,1,[1]
1179,0,1,0,0,1,0,9,0,0,0,0,1,[1]
3878,0,1,0,0,0,1,3,0,0,0,0,1,[1]
1385,0,2,0,0,1,1,4,0,0,0,0,1,[1]
5498,0,2,0,5,1,0,7,0,0,0,0,1,[1]
4749,0,1,0,0,0,0,10,0,0,0,0,1,[1]
3126,0,2,0,0,1,0,6,0,0,0,0,1,[1]
4414,0,1,1,0,0,0,9,0,0,0,0,1,[1]
4908,0,1,0,0,0,0,8,0,0,0,0,1,[1]
5832,0,1,0,0,1,1,6,0,0,0,0,1,[1]
1794,1,1,0,0,0,1,3,0,0,0,0,1,[1]
5758,0,1,0,0,2,0,9,0,0,0,0,1,[1]
2438,0,1,0,0,1,0,5,0,0,0,0,1,[1]
5605,0,1,3,0,0,0,8,0,0,0,0,1,[1]
1064,0,1,0,0,0,1,3,0,0,0,0,1,[1]
4846,0,1,0,0,1,0,9,0,0,0,0,1,[1]
3976,0,1,2,5,0,0,1,0,0,0,0,1,[1]
503,0,1,0,0,0,1,3,0,0,0,0,1,[1]
5213,0,1,2,0,0,0,5,0,0,0,0,1,[1]
331,0,1,0,0,1,0,9,0,0,0,0,1,[1]
3230,0,1,0,0,0,0,10,0,0,0,0,1,[1]
4954,0,1,0,0,0,0,5,0,0,0,0,1,[1]
4899,0,1,0,0,3,1,10,0,0,1,0,1,[1]
5424,0,1,0,0,0,0,6,0,0,0,0,1,[1]
2247,0,1,1,1,0,1,8,0,0,0,0,1,[1]
5083,0,1,0,4,2,0,7,0,0,0,0,1,[1]
2463,0,0,0,0,0,0,4,0,0,0,0,1,[1]
366,0,1,0,0,0,0,8,0,0,0,0,1,[1]
3234,1,1,0,0,0,1,3,0,0,0,0,1,[1]
2644,0,1,0,0,1,0,10,0,0,0,0,1,[1]
5047,0,1,0,4,0,1,2,0,0,0,0,1,[1]
724,1,2,0,0,2,0,10,0,0,0,0,1,[1]
1967,0,1,0,0,1,0,6,0,0,0,0,1,[1]
5760,0,1,2,0,0,0,6,0,0,0,0,1,[1]
407,0,2,0,0,2,1,7,0,0,0,0,1,[1]
552,0,1,1,0,1,0,6,0,0,0,0,1,[1]
4506,0,1,0,0,0,0,8,0,0,0,0,1,[1]
3422,0,1,0,0,0,0,4,0,0,0,0,1,[1]
4147,0,2,0,0,0,0,5,0,0,0,0,1,[1]
1615,1,1,1,0,0,0,6,0,0,0,0,1,[1]
5149,0,1,1,0,0,0,6,0,0,0,0,1,[1]
2653,0,1,1,0,0,0,8,0,0,0,0,1,[1]
115,0,1,0,0,2,0,10,0,0,0,0,1,[1]
101,0,1,1,0,0,1,4,0,0,0,0,1,[1]
1331,0,1,0,0,2,0,10,0,0,0,0,1,[1]
1399,0,2,1,1,0,1,2,9,0,0,0,1,[1]
4637,0,1,0,0,0,0,6,0,0,0,0,1,[1]
2048,0,1,0,0,0,0,9,0,0,0,0,1,[1]
623,0,1,0,0,0,0,4,0,0,0,0,1,[1]
5706,0,1,0,0,1,0,9,0,0,0,0,1,[1]
2534,0,1,0,1,0,0,3,1,0,0,0,1,[1]
4870,0,1,1,0,0,1,7,0,0,0,0,1,[1]
2358,0,1,1,0,0,0,6,0,0,0,0,1,[1]
2407,0,2,0,1,0,1,9,0,0,0,0,1,[1]
4078,1,1,1,1,1,0,6,0,0,0,0,1,[1]
2941,0,1,0,0,1,1,6,0,0,0,0,1,[1]
4904,0,1,0,0,0,1,9,0,0,0,0,1,[1]
3251,0,2,0,0,1,1,4,0,0,0,0,1,[1]
2491,0,2,0,0,0,0,7,0,0,0,0,1,[1]
259,0,3,0,5,1,0,6,0,0,0,0,1,[1]
2577,0,2,1,0,0,0,6,0,0,0,0,1,[1]
927,0,1,0,0,0,1,7,0,0,0,0,1,[1]
5452,1,0,0,0,0,1,7,0,0,0,0,1,[1]
81,0,1,0,0,1,0,7,0,0,0,0,1,[1]
1342,0,1,0,0,0,0,8,0,0,0,0,1,[1]
416,1,1,0,0,0,0,10,0,0,0,0,1,[1]
3434,0,1,0,0,0,0,8,0,0,0,0,1,[1]
1309,0,1,0,0,0,0,4,0,0,0,0,1,[1]
3196,0,1,0,0,1,0,9,0,1,0,0,1,[1]
4893,0,1,0,0,0,0,6,0,0,0,0,1,[1]
3361,0,0,3,0,0,1,2,0,0,0,0,1,[1]
5306,0,1,0,0,0,0,10,0,0,0,0,1,[1]
5186,1,1,1,0,0,0,6,0,0,0,0,1,[1]
3741,1,1,0,0,1,0,10,0,0,0,0,1,[1]
2023,0,2,1,0,0,0,6,0,0,0,0,1,[1]
447,0,1,0,2,1,0,7,0,0,0,0,1,[1]
1011,0,1,0,0,0,0,8,0,0,0,0,1,[1]
1515,0,1,0,0,1,0,10,0,0,0,0,1,[1]
325,0,1,3,0,0,0,2,0,0,0,0,1,[1]
1513,0,2,1,0,1,0,7,0,0,0,0,1,[1]
4642,0,1,0,0,0,1,9,0,0,0,0,1,[1]
3957,0,1,0,0,2,0,10,0,0,0,0,1,[1]
2128,1,1,0,0,1,1,8,0,0,0,0,1,[1]
929,0,1,0,4,0,1,2,0,0,0,0,1,[1]
2640,0,1,0,0,1,1,6,0,0,0,0,1,[1]
3530,0,2,2,0,0,1,1,9,0,0,0,1,[1]
82,0,1,1,0,0,0,8,0,0,0,0,1,[1]
1676,0,1,0,0,0,0,8,0,0,0,0,1,[1]
846,0,1,2,0,0,0,6,0,0,0,0,1,[1]
1410,0,1,0,0,0,1,3,0,0,0,0,1,[1]
1081,1,1,2,0,0,0,3,0,0,0,0,1,[1]
5491,0,1,0,0,2,1,6,0,0,0,0,1,[1]
4936,0,1,0,0,0,0,9,0,0,0,0,1,[1]
2624,0,1,0,5,3,0,10,0,0,0,0,1,[1]
342,0,1,0,0,0,1,10,0,0,0,0,1,[1]
2451,0,1,0,0,1,0,8,0,0,0,0,1,[1]
993,0,2,0,0,2,0,10,0,0,0,0,1,[1]
3015,1,1,1,0,1,0,7,0,0,0,0,1,[1]
2634,0,1,0,0,0,1,8,0,0,0,0,1,[1]
3211,0,2,0,0,0,1,6,0,0,0,0,1,[1]
3257,0,1,0,0,0,0,4,0,0,0,0,1,[1]
4912,0,1,0,0,1,1,3,0,0,0,0,1,[1]
3420,0,1,0,0,1,0,9,0,0,0,0,1,[1]
1832,0,1,0,1,0,1,2,1,0,0,0,1,[1]
3670,1,1,1,0,0,0,7,0,0,0,0,1,[1]
5879,0,2,1,1,0,1,5,0,0,0,0,1,[1]
1117,0,1,0,0,1,0,8,0,0,0,0,1,[1]
2336,0,1,0,0,0,0,6,0,0,0,0,1,[1]
2583,0,1,1,0,0,0,6,0,0,0,0,1,[1]
3405,1,1,0,0,0,0,6,0,0,0,0,1,[1]
3600,0,2,0,0,1,0,6,0,0,0,0,1,[1]
2360,0,1,0,0,0,0,8,0,0,0,0,1,[1]
4776,0,1,0,0,0,0,10,0,0,0,0,1,[1]
3672,0,1,2,0,0,0,5,0,0,0,0,1,[1]
5320,0,1,0,0,0,0,10,0,0,0,0,1,[1]
3396,0,1,0,0,0,0,5,0,0,0,0,1,[1]
5675,0,1,2,0,0,0,4,0,0,0,0,1,[1]
4934,0,0,0,0,0,0,4,0,0,0,0,1,[1]
1242,0,1,0,6,0,0,9,0,0,0,0,1,[1]
2742,0,1,0,0,0,0,9,0,0,0,0,1,[1]
5473,0,1,1,0,0,0,9,0,0,0,0,1,[1]
1653,0,1,0,0,1,0,6,0,0,0,0,1,[1]
589,0,1,2,0,0,0,5,0,0,0,0,1,[1]
4694,0,1,0,0,0,0,8,0,0,0,0,1,[1]
313,0,2,1,0,4,0,6,0,0,0,0,1,[1]
3306,0,1,1,0,0,0,9,0,0,0,0,1,[1]
3076,0,1,0,0,0,0,8,0,0,0,0,1,[1]
5888,1,1,0,0,0,0,10,0,0,0,0,1,[1]
2316,0,1,0,0,0,0,7,0,0,0,0,1,[1]
5135,0,1,3,0,1,0,8,0,0,0,0,1,[1]
4552,0,1,0,0,0,1,3,0,0,0,0,1,[1]
3897,0,1,0,0,0,0,10,0,0,0,0,1,[1]
4035,0,2,0,0,1,1,5,0,0,0,0,1,[1]
67,0,1,1,0,0,0,6,0,0,0,0,1,[1]
2116,0,2,2,0,1,0,7,0,0,0,0,1,[1]
4553,0,1,0,0,2,1,6,0,0,0,0,1,[1]
5835,1,1,1,0,0,0,6,0,0,0,0,1,[1]
238,0,1,1,2,1,0,7,0,0,0,0,1,[1]
2497,0,1,2,0,2,0,6,0,0,0,0,1,[1]
4099,0,2,0,0,1,0,5,0,0,0,0,1,[1]
5858,0,1,0,2,1,0,7,0,0,0,0,1,[1]
2889,0,1,1,0,0,0,7,0,0,0,0,1,[1]
5866,0,2,0,0,1,0,3,0,0,0,0,1,[1]
3169,1,1,0,0,0,0,6,0,0,0,0,1,[1]
5968,0,1,0,0,0,0,5,0,0,0,0,1,[1]
5011,0,1,0,0,1,0,9,0,0,0,0,1,[1]
779,0,1,0,0,1,0,7,0,0,0,0,1,[1]
5969,0,0,0,0,0,0,8,0,0,0,0,1,[1]
3259,0,1,1,0,1,0,9,0,0,0,0,1,[1]
1971,0,1,0,4,0,0,5,0,0,0,0,1,[1]
1304,0,2,1,0,2,0,6,0,0,0,0,1,[1]
4346,0,1,0,0,0,1,8,0,0,0,0,1,[1]
1655,0,2,0,0,1,0,9,0,0,0,0,1,[1]
4397,0,1,0,0,1,0,9,0,0,0,0,1,[1]
3183,0,1,0,0,0,0,9,0,0,0,0,1,[1]
4914,0,1,0,0,0,1,3,0,0,0,0,1,[1]
3983,0,1,0,0,1,0,10,0,0,0,0,1,[1]
2632,0,1,0,0,1,0,6,0,0,0,0,1,[1]
3271,0,1,0,0,0,0,8,0,0,0,0,1,[1]
1424,0,1,0,0,1,1,10,0,0,0,0,1,[1]
2573,0,1,0,0,1,1,10,0,0,0,0,1,[1]
367,0,1,0,0,0,0,9,0,0,0,0,1,[1]
5984,0,1,1,0,0,0,8,0,0,0,0,1,[1]
2229,0,0,1,0,0,0,6,0,0,0,0,1,[1]
98,0,2,0,0,1,0,9,0,0,0,0,1,[1]
5098,0,1,0,0,2,0,8,0,0,1,0,1,[1]
1714,0,1,3,0,3,0,10,0,3,0,0,1,[1]
5981,0,1,1,0,0,0,7,0,0,0,0,1,[1]
4393,0,1,0,0,0,0,10,0,0,0,0,1,[1]
2361,0,2,0,0,2,1,10,0,0,0,0,1,[1]
2362,0,1,0,0,0,0,6,0,0,0,0,1,[1]
3220,0,1,0,0,0,0,10,0,0,0,0,1,[1]
3391,1,1,0,0,0,0,9,0,0,0,0,1,[1]
1546,0,1,1,2,1,0,6,0,0,0,0,1,[1]
1381,0,1,0,0,0,0,5,0,0,0,0,1,[1]
2399,0,1,0,0,0,0,5,0,0,0,0,1,[1]
2379,0,1,0,0,2,0,10,0,0,0,0,1,[1]
3355,0,2,1,0,2,0,9,0,0,0,0,1,[1]
1159,1,1,0,0,0,1,3,0,0,0,0,1,[1]
4177,1,1,3,1,0,1,7,0,0,0,0,1,[1]
5860,0,1,0,4,0,0,8,0,0,0,0,1,[1]
2603,0,0,0,0,0,0,10,0,0,0,0,1,[1]
2961,0,1,0,0,1,0,8,0,0,0,0,1,[1]
3641,0,1,1,0,0,1,5,0,0,0,0,1,[1]
4835,0,1,1,0,0,0,8,0,0,0,0,1,[1]
2289,0,1,1,0,1,0,7,0,0,0,0,1,[1]
2874,0,1,1,0,0,1,7,0,0,0,0,1,[1]
5910,0,1,0,0,2,0,8,0,0,0,0,1,[1]
575,0,1,0,0,1,0,10,0,0,0,0,1,[1]
4865,0,1,3,0,0,0,8,0,0,0,0,1,[1]
639,0,1,3,0,0,1,9,0,0,0,0,1,[1]
1554,0,1,0,0,0,0,5,0,0,0,0,1,[1]
1657,0,1,1,0,0,0,8,0,0,0,0,1,[1]
5904,0,1,0,0,1,0,7,0,0,0,0,1,[1]
513,0,1,1,0,1,1,10,0,0,0,0,1,[1]
4796,0,1,0,0,0,0,7,0,0,0,0,1,[1]
3249,0,1,3,0,0,1,2,0,0,0,0,1,[1]
432,0,0,3,0,0,0,8,0,0,0,0,1,[1]
3194,0,0,0,0,0,0,9,0,0,0,0,1,[1]
1817,0,1,0,0,1,0,7,0,0,0,0,1,[1]
108,0,1,0,5,3,0,8,0,0,2,0,1,[1]
517,0,1,0,0,0,0,9,0,0,0,0,1,[1]
5304,0,1,0,0,0,0,4,0,0,0,0,1,[1]
3985,0,1,0,0,1,0,9,0,0,0,0,1,[1]
3178,0,1,2,0,0,1,10,9,0,0,0,1,[1]
4962,0,1,0,0,1,0,8,0,0,0,0,1,[1]
2159,0,1,0,0,3,0,10,0,0,0,0,1,[1]
808,0,0,0,0,0,1,7,0,0,0,0,1,[1]
5281,0,1,0,0,0,0,8,0,0,0,0,1,[1]
5497,0,2,1,1,0,1,4,0,0,0,0,1,[1]
3295,0,1,0,0,0,0,8,0,0,0,0,1,[1]
5696,0,1,1,0,1,0,7,0,0,0,0,1,[1]
701,0,1,0,0,0,0,9,0,0,0,0,1,[1]
4955,0,0,0,0,0,0,9,0,0,0,0,1,[1]
4921,0,1,2,0,0,0,2,0,0,0,0,1,[1]
2838,1,1,0,0,0,0,6,0,0,0,0,1,[1]
1723,0,1,0,0,1,0,10,0,0,0,0,1,[1]
94,0,1,1,0,1,0,6,0,0,0,0,1,[1]
5162,0,0,0,0,0,0,10,0,0,0,0,1,[1]
2039,1,2,3,0,1,0,10,0,0,0,0,1,[1]
1078,0,1,0,0,1,0,9,0,0,0,0,1,[1]
5398,0,1,0,0,0,0,8,0,0,0,0,1,[1]
349,0,1,0,0,0,0,10,0,0,0,0,1,[1]
244,0,1,2,0,0,0,6,0,0,0,0,1,[1]
3712,0,1,0,0,0,1,3,0,0,0,0,1,[1]
711,0,1,0,0,0,0,10,0,0,0,0,1,[1]
3588,0,1,1,0,1,0,6,0,0,0,0,1,[1]
2318,0,2,0,0,1,0,1,0,0,0,0,1,[1]
600,0,0,0,0,0,0,9,0,0,0,0,1,[1]
3539,0,1,0,0,0,0,9,0,0,0,0,1,[1]
1764,0,1,0,1,0,1,2,0,0,0,0,1,[1]
4574,0,1,1,0,0,0,8,0,0,0,0,1,[1]
5819,1,1,0,0,0,0,9,0,0,0,0,1,[1]
1379,0,1,0,0,0,0,7,0,0,0,0,1,[1]
563,0,1,0,0,0,0,8,0,0,0,0,1,[1]
4733,0,1,2,0,0,0,5,0,0,0,0,1,[1]
1163,0,1,0,0,0,0,6,0,0,0,0,1,[1]
839,0,1,0,0,0,0,10,0,0,0,0,1,[1]
5607,0,0,3,0,0,0,9,0,0,0,0,1,[1]
3105,0,1,1,0,0,1,4,0,0,0,0,1,[1]
4084,0,1,0,0,0,0,6,0,0,0,0,1,[1]
5717,0,1,1,0,0,0,9,0,0,0,1,1,[1]
5152,1,1,0,0,0,0,6,0,0,0,0,1,[1]
2950,0,1,0,0,0,0,4,0,0,0,0,1,[1]
1750,0,1,1,0,1,1,7,0,0,0,0,1,[1]
5188,0,1,0,4,1,1,6,0,0,0,0,1,[1]
796,0,1,0,0,0,1,7,0,0,0,0,1,[1]
4371,1,1,1,0,0,0,9,0,0,0,0,1,[1]
1271,0,1,1,0,0,0,7,0,0,0,0,1,[1]
610,1,2,1,0,0,1,4,0,0,0,0,1,[1]
3834,0,1,0,0,0,0,6,0,0,0,0,1,[1]
5817,0,1,0,0,1,0,6,0,0,0,0,1,[1]
4495,0,1,0,0,0,0,6,0,0,0,0,1,[1]
5390,0,1,0,0,0,0,4,0,0,0,0,1,[1]
4945,0,1,0,0,0,0,7,0,0,0,0,1,[1]
2651,0,1,0,0,2,0,9,0,0,0,0,1,[1]
100,0,1,0,0,0,0,9,0,0,0,0,1,[1]
4567,0,1,0,0,0,0,6,0,0,0,0,1,[1]
3821,0,1,0,4,2,0,10,0,0,0,0,1,[1]
3019,0,1,0,4,0,1,3,0,0,0,0,1,[1]
3819,0,1,1,0,0,0,9,0,0,0,0,1,[1]
4925,1,1,1,0,0,0,7,0,0,0,0,1,[1]
1463,1,1,0,0,0,1,7,0,0,0,0,1,[1]
3239,0,1,0,0,3,0,8,0,0,0,0,1,[1]
4325,0,2,0,1,0,1,5,0,0,0,0,1,[1]
2045,0,1,1,0,0,1,7,0,0,0,0,1,[1]
4880,0,0,0,0,0,0,8,0,0,0,0,1,[1]
3987,0,1,0,0,0,1,10,0,0,0,0,1,[1]
2326,0,1,0,0,0,0,4,0,0,0,0,1,[1]
4485,0,1,0,0,0,0,8,0,0,0,0,1,[1]
3223,0,1,0,0,2,0,10,0,0,0,0,1,[1]
5337,0,1,2,0,1,0,9,0,0,0,0,1,[1]
4668,1,1,0,0,0,1,7,0,0,0,0,1,[1]
5892,0,1,0,0,2,0,9,0,0,0,0,1,[1]
5609,0,1,0,0,2,1,4,0,0,0,0,1,[1]
3135,0,1,2,0,1,0,9,0,0,0,0,1,[1]
2068,0,2,1,0,1,0,7,0,0,0,0,1,[1]
57,0,1,0,0,1,0,10,0,0,0,0,1,[1]
1851,0,0,1,0,0,0,5,0,0,0,0,1,[1]
1528,0,1,0,0,0,0,5,0,0,0,0,1,[1]
2328,0,2,1,0,0,0,8,0,0,0,0,1,[1]
2402,1,1,0,0,0,1,8,0,0,0,0,1,[1]
2155,0,1,0,0,2,0,10,0,0,0,0,1,[1]
1891,0,1,0,0,1,0,8,0,0,0,0,1,[1]
2722,0,1,3,0,1,0,7,0,0,0,0,1,[1]
1077,0,1,0,0,0,0,6,0,0,0,0,1,[1]
1637,0,1,0,0,0,1,3,0,0,0,0,1,[1]
2812,0,1,1,0,0,0,8,0,0,0,0,1,[1]
4052,0,1,0,0,2,0,8,0,0,0,0,1,[1]
5323,0,1,0,0,0,0,7,0,0,0,0,1,[1]
1990,1,1,0,0,0,1,8,0,0,0,0,1,[1]
1793,0,1,0,1,2,0,9,0,0,0,0,1,[1]
3639,0,1,1,0,0,1,8,0,0,0,0,1,[1]
232,0,1,0,0,3,0,8,0,0,0,0,1,[1]
1248,0,1,0,0,0,0,8,0,0,0,0,1,[1]
4580,0,1,1,0,0,0,8,0,0,0,0,1,[1]
3023,0,1,0,0,0,1,8,0,0,0,0,1,[1]
1045,0,1,0,0,0,0,6,0,0,0,0,1,[1]
448,1,1,0,0,0,0,9,0,0,0,0,1,[1]
453,0,0,0,0,0,0,10,0,0,0,0,1,[1]
2382,0,1,0,0,0,0,7,0,0,0,0,1,[1]
5425,0,1,0,0,2,0,8,0,0,0,0,1,[1]
1021,0,2,0,0,1,0,3,0,0,0,0,1,[1]
5033,0,1,1,0,0,0,9,0,0,0,0,1,[1]
1268,0,1,0,1,0,1,5,0,0,0,0,1,[1]
1457,0,1,0,0,0,0,6,0,0,0,0,1,[1]
5055,0,1,1,1,0,0,7,0,0,0,0,1,[1]
4696,1,0,0,0,0,0,6,0,0,0,0,1,[1]
2150,0,1,0,5,0,1,2,0,0,0,0,1,[1]
4198,0,1,0,0,2,0,10,0,0,0,0,1,[1]
3774,0,1,1,0,1,0,8,0,0,0,0,1,[1]
2543,0,1,1,0,0,0,6,0,0,0,0,1,[1]
5232,0,2,1,0,0,0,8,0,0,0,0,1,[1]
3384,0,1,0,0,0,0,6,0,0,0,0,1,[1]
165,0,1,2,0,1,0,9,0,0,0,0,1,[1]
2720,0,2,2,0,2,0,10,0,0,0,0,1,[1]
2287,0,1,0,0,0,0,6,0,0,0,0,1,[1]
2164,0,1,0,0,1,0,8,0,0,0,0,1,[1]
2654,0,1,1,0,0,0,8,0,0,0,0,1,[1]
2916,0,1,0,0,0,0,9,0,0,0,0,1,[1]
2743,0,1,0,1,0,1,3,0,0,0,0,1,[1]
1435,0,1,1,0,0,0,7,0,0,0,0,1,[1]
3709,0,1,0,0,0,1,7,0,0,0,0,1,[1]
5381,0,1,0,0,0,0,7,0,0,0,0,1,[1]
5915,0,1,0,0,1,1,7,0,0,0,0,1,[1]
4380,0,1,0,0,0,1,3,0,0,0,0,1,[1]
1634,0,1,0,0,0,0,6,0,0,0,0,1,[1]
3491,0,1,3,0,1,0,8,0,0,0,0,1,[1]
5831,0,1,0,0,1,0,6,0,0,0,0,1,[1]
2440,1,2,1,0,0,0,3,0,0,0,0,1,[1]
1228,0,1,1,0,0,0,8,0,0,0,0,1,[1]
579,0,1,1,0,0,0,6,0,0,0,0,1,[1]
19,0,1,0,0,0,0,9,0,0,0,0,1,[1]
2878,0,1,0,0,0,1,10,0,0,0,0,1,[1]
3147,0,1,0,0,0,0,4,0,0,0,0,1,[1]
1620,0,1,0,0,0,0,7,0,0,0,0,1,[1]
4949,0,1,1,0,0,1,7,0,0,0,0,1,[1]
2805,0,2,0,0,2,0,8,0,0,0,0,1,[1]
494,0,1,0,0,0,0,5,0,0,0,0,1,[1]
5166,0,1,0,0,1,0,3,0,0,0,0,1,[1]
2420,0,1,0,0,0,0,7,0,0,0,0,1,[1]
324,0,1,0,0,0,0,6,0,0,0,0,1,[1]
90,0,0,0,0,0,1,4,0,0,0,0,1,[1]
3680,1,1,3,0,0,0,7,0,0,0,0,1,[1]
4390,0,1,0,0,0,0,7,0,0,0,0,1,[1]
4158,0,1,0,0,0,1,8,0,0,0,0,1,[1]
5575,0,1,0,0,0,0,4,0,0,0,0,1,[1]
913,0,1,0,0,0,1,8,0,0,0,0,1,[1]
5364,0,2,1,1,0,0,6,0,0,0,0,1,[1]
3206,0,1,1,0,2,0,9,0,0,0,0,1,[1]
3468,0,2,1,2,0,1,3,0,0,0,0,1,[1]
3159,0,1,0,0,0,0,7,0,0,0,0,1,[1]
3675,0,1,1,0,0,0,6,0,0,0,0,1,[1]
4260,0,1,0,0,0,0,9,0,0,0,0,1,[1]
4432,0,1,0,0,1,1,9,0,0,0,0,1,[1]
4444,0,1,0,0,1,0,8,0,0,0,0,1,[1]
1929,0,1,0,1,1,1,10,0,0,0,0,1,[1]
5847,0,0,2,0,0,0,10,0,0,0,0,1,[1]
2274,0,1,0,0,0,1,10,0,0,0,0,1,[1]
4152,0,1,0,0,0,0,4,0,0,0,0,1,[1]
1907,0,1,1,0,0,0,10,0,0,0,0,1,[1]
5957,0,1,0,0,0,0,8,0,0,0,0,1,[1]
4818,1,1,0,0,0,0,7,0,0,0,0,1,[1]
1335,0,0,0,0,0,0,10,0,0,0,0,1,[1]
5362,0,1,0,0,0,0,5,0,0,0,0,1,[1]
3014,0,2,0,0,2,0,8,0,0,0,0,1,[1]
2263,0,1,0,0,1,1,8,0,0,0,0,1,[1]
5257,0,0,0,0,0,0,4,0,0,0,0,1,[1]
4070,0,1,0,0,0,1,3,0,0,0,0,1,[1]
771,1,0,1,0,0,1,6,0,0,0,0,1,[1]
1160,0,1,1,0,0,0,6,0,0,0,0,1,[1]
5767,0,1,1,4,0,0,7,0,0,0,0,1,[1]
2209,0,1,1,2,1,1,9,0,0,0,0,1,[1]
4948,0,2,0,0,1,0,9,0,0,0,0,1,[1]
2188,1,1,0,0,0,0,10,0,0,0,0,1,[1]
2506,0,1,0,0,0,0,7,0,0,0,0,1,[1]
3351,0,1,0,0,0,1,3,0,0,0,0,1,[1]
2704,0,2,0,0,0,0,9,5,0,0,0,1,[1]
5289,0,1,3,0,1,0,9,0,0,0,0,1,[1]
5674,0,1,1,0,1,0,7,0,0,0,0,1,[1]
622,0,1,0,0,0,0,8,0,0,0,0,1,[1]
4929,0,2,0,0,1,0,6,0,0,0,0,1,[1]
804,1,1,0,0,0,1,5,9,0,0,0,1,[1]
587,0,1,0,0,0,0,5,0,0,0,0,1,[1]
4160,0,1,0,0,0,0,8,0,0,0,0,1,[1]
756,0,1,0,0,0,0,5,0,0,0,0,1,[1]
5924,0,1,0,0,0,0,7,0,0,0,0,1,[1]
757,0,1,0,0,2,0,9,0,0,0,0,1,[1]
2292,0,1,0,0,0,0,8,0,0,0,0,1,[1]
5415,0,1,0,0,0,1,7,0,0,0,0,1,[1]
5065,0,1,0,0,0,0,5,0,0,0,0,1,[1]
2030,0,1,0,0,1,0,10,0,0,0,0,1,[1]
3207,0,1,2,0,0,0,5,0,0,0,0,1,[1]
191,1,1,0,0,2,0,9,0,0,0,0,1,[1]
197,1,1,1,0,0,0,9,0,0,0,0,1,[1]
2470,0,1,0,0,0,0,10,0,0,0,0,1,[1]
5358,0,1,0,0,1,0,9,0,0,0,0,1,[1]
1037,0,1,0,0,1,0,10,0,0,0,0,1,[1]
471,0,1,1,6,0,1,4,0,0,0,0,1,[1]
4705,0,0,0,0,0,0,7,0,0,0,0,1,[1]
1042,0,0,1,0,0,1,5,0,0,0,0,1,[1]
3869,0,1,1,0,1,0,9,0,0,0,0,1,[1]
2751,0,1,0,0,0,0,4,0,0,0,0,1,[1]
1364,0,1,1,0,0,1,5,0,0,0,0,1,[1]
891,0,1,0,0,1,0,9,0,0,0,0,1,[1]
5406,0,1,0,0,0,0,5,0,0,0,0,1,[1]
2925,0,1,0,4,0,0,5,0,0,0,0,1,[1]
3272,0,1,0,0,0,0,7,0,0,0,0,1,[1]
1414,0,1,0,0,0,0,8,0,0,0,0,1,[1]
4424,0,2,0,0,1,1,10,0,0,0,0,1,[1]
1121,1,1,0,0,0,0,9,0,0,0,0,1,[1]
5280,0,1,0,0,2,1,9,0,0,0,0,1,[1]
40,0,1,1,1,0,1,2,0,0,0,0,1,[1]
5307,1,1,1,0,0,1,7,0,0,0,0,1,[1]
4905,0,1,0,1,0,1,2,0,0,0,0,1,[1]
2852,0,1,0,4,3,1,8,0,0,0,0,1,[1]
1548,0,1,0,0,1,1,7,0,0,0,0,1,[1]
1731,0,1,1,0,0,0,7,0,0,0,0,1,[1]
4850,0,1,0,1,0,1,2,0,0,0,0,1,[1]
1253,0,0,0,0,0,0,8,0,0,0,0,1,[1]
5825,0,0,0,0,0,1,5,0,0,0,0,1,[1]
1518,0,2,0,1,1,0,1,0,0,0,0,1,[1]
3755,0,1,1,0,0,0,6,0,0,0,0,1,[1]
4884,0,1,0,0,1,0,8,0,0,0,0,1,[1]
4877,1,1,1,0,0,1,10,0,0,0,0,1,[1]
2537,0,2,1,0,2,0,6,0,0,0,0,1,[1]
1012,0,1,0,0,0,0,10,0,0,0,0,1,[1]
1807,0,1,0,0,0,0,9,0,0,0,0,1,[1]
1587,0,0,1,0,0,1,6,0,0,0,0,1,[1]
2723,0,1,0,0,0,0,8,0,0,0,0,1,[1]
4164,1,1,0,0,1,0,7,0,0,0,0,1,[1]
1991,0,1,3,0,0,0,5,0,0,0,0,1,[1]
1877,0,2,0,0,0,0,9,0,0,0,0,1,[1]
2965,0,1,0,0,0,0,5,0,0,0,0,1,[1]
316,0,1,2,0,0,0,5,0,0,0,0,1,[1]
1885,0,0,2,0,0,0,8,0,0,0,0,1,[1]
4923,0,1,1,0,0,1,5,0,0,0,0,1,[1]
2977,0,1,0,0,1,0,7,0,0,0,0,1,[1]
1498,0,2,0,0,1,0,7,0,0,0,0,1,[1]
32,0,2,3,0,0,0,3,0,0,0,0,1,[1]
3231,0,1,3,0,0,0,2,0,0,0,0,1,[1]
4142,0,1,2,6,0,0,2,0,0,0,0,1,[1]
1398,0,1,0,0,0,0,9,0,0,0,0,1,[1]
3381,0,1,0,0,1,0,10,0,0,0,0,1,[1]
3309,0,1,0,0,0,0,5,0,0,0,0,1,[1]
2971,0,1,0,0,0,0,5,0,0,0,0,1,[1]
3889,0,1,1,0,1,1,9,0,0,0,0,1,[1]
5014,0,1,0,0,0,0,6,0,0,0,0,1,[1]
932,0,1,0,0,0,0,7,0,0,0,0,1,[1]
3298,1,1,1,4,0,0,4,0,0,0,0,1,[1]
1608,0,1,0,0,0,1,9,0,0,0,0,1,[1]
4722,0,1,2,2,0,0,1,0,0,0,0,1,[1]
2169,0,1,0,2,2,1,8,0,0,0,0,1,[1]
710,0,1,1,0,2,0,5,0,0,0,0,1,[1]
3112,0,1,0,0,1,0,6,0,0,0,0,1,[1]
854,0,1,1,0,0,0,10,0,0,0,0,1,[1]
5572,0,0,1,0,0,0,10,0,0,0,0,1,[1]
1392,0,1,0,0,1,1,9,0,0,1,0,1,[1]
5670,0,1,0,0,0,1,7,0,0,0,0,1,[1]
2243,0,1,0,0,1,0,7,0,0,0,0,1,[1]
128,0,1,0,0,0,0,7,0,0,0,0,1,[1]
3268,1,2,1,0,1,0,5,0,0,0,0,1,[1]
4972,1,2,0,0,1,0,8,0,0,0,0,1,[1]
4277,0,2,0,0,1,0,3,0,0,0,0,1,[1]
1545,0,1,0,0,1,0,8,0,0,0,0,1,[1]
111,0,1,1,0,1,0,10,0,0,0,0,1,[1]
2702,0,1,0,0,1,1,7,0,0,0,0,1,[1]
2036,0,3,1,0,1,0,1,0,0,0,0,1,[1]
4697,0,2,1,0,0,1,8,0,0,0,0,1,[1]
1558,1,1,0,0,0,0,7,0,0,0,0,1,[1]
910,1,1,2,0,0,1,7,0,0,0,0,1,[1]
3466,0,1,0,0,0,0,8,0,0,0,0,1,[1]
5334,0,1,0,0,0,1,3,0,0,0,0,1,[1]
4525,0,1,0,0,0,0,6,0,0,0,0,1,[1]
4018,0,1,0,0,1,1,9,0,0,0,0,1,[1]
4096,0,1,2,0,0,0,5,0,0,0,0,1,[1]
107,0,1,0,0,0,0,4,0,0,0,0,1,[1]
5642,1,1,0,0,0,1,8,9,0,0,0,1,[1]
5383,0,1,1,0,0,0,7,0,0,0,0,1,[1]
3586,0,1,1,0,0,1,7,0,0,0,0,1,[1]
1277,0,1,0,0,1,0,9,0,0,0,0,1,[1]
4223,1,0,0,0,0,1,4,0,0,0,0,1,[1]
5283,0,1,3,0,0,0,5,0,0,0,0,1,[1]
5176,0,1,0,0,0,0,7,0,0,0,0,1,[1]
4241,1,2,0,1,2,1,9,0,0,0,0,1,[1]
2054,0,1,1,0,1,0,9,0,0,0,0,1,[1]
3990,0,1,1,1,0,0,7,0,0,0,0,1,[1]
2334,0,0,0,0,0,0,7,0,0,0,0,1,[1]
3881,0,1,0,0,0,0,9,0,0,0,0,1,[1]
2606,0,1,0,0,0,0,9,0,0,0,0,1,[1]
4079,0,1,0,0,0,0,4,0,0,0,0,1,[1]
2162,0,1,0,0,0,1,8,0,0,0,0,1,[1]
5039,0,1,0,0,0,0,7,0,0,0,0,1,[1]
1727,0,1,0,0,1,0,3,0,0,0,0,1,[1]
1325,0,0,0,0,0,0,4,0,0,0,0,1,[1]
2752,0,1,0,0,0,1,9,0,0,0,0,1,[1]
5779,0,1,0,0,0,0,4,0,0,0,0,1,[1]
2458,0,2,0,0,1,0,1,0,0,0,0,1,[1]
5623,0,1,0,0,1,0,9,0,0,0,0,1,[1]
3160,0,1,0,2,0,1,4,0,0,0,0,1,[1]
2270,0,2,0,1,1,0,7,0,0,0,0,1,[1]
1802,0,1,0,0,0,0,4,0,0,0,0,1,[1]
3658,0,1,0,0,2,0,10,0,0,0,0,1,[1]
4512,0,1,0,0,0,0,6,0,0,0,0,1,[1]
3818,0,0,0,0,0,1,9,0,0,0,0,1,[1]
3665,0,1,0,0,0,0,4,0,0,0,0,1,[1]
1571,0,1,0,0,1,0,10,0,0,0,0,1,[1]
1995,0,1,1,0,0,0,8,0,0,0,0,1,[1]
5001,0,1,0,0,0,0,7,0,0,0,0,1,[1]
5419,0,1,1,0,0,0,6,0,0,0,0,1,[1]
3923,0,1,1,5,0,0,3,0,0,0,0,1,[1]
4165,0,1,0,4,0,0,4,0,0,0,0,1,[1]
1646,0,1,0,0,3,0,9,0,0,0,0,1,[1]
1925,0,1,0,0,0,0,7,0,0,0,0,1,[1]
5327,0,1,0,0,0,1,9,0,0,0,0,1,[1]
4724,0,1,0,0,0,0,8,0,0,0,0,1,[1]
4768,0,1,1,0,1,1,6,0,0,0,0,1,[1]
5487,0,1,0,4,1,1,4,0,0,0,0,1,[1]
2275,0,1,0,0,0,0,7,0,0,0,0,1,[1]
4638,1,1,1,0,1,1,10,0,0,0,0,1,[1]
4301,0,2,0,0,2,0,8,0,0,0,0,1,[1]
4092,0,1,1,0,0,1,1,9,0,0,0,1,[1]
3725,0,1,1,0,0,0,7,0,0,0,0,1,[1]
3142,0,1,0,0,1,0,9,0,0,0,0,1,[1]
2366,0,2,0,0,0,0,5,0,0,0,0,1,[1]
5585,0,1,2,0,0,0,2,0,0,0,0,1,[1]
4297,0,1,0,0,2,0,9,0,0,0,0,1,[1]
3376,0,1,0,0,0,0,7,0,0,0,0,1,[1]
5586,0,1,0,0,1,1,8,0,0,0,0,1,[1]
1195,0,0,1,0,0,1,10,0,0,0,0,1,[1]
4034,0,1,1,0,0,1,6,0,0,0,0,1,[1]
4621,0,1,0,0,0,0,7,0,0,0,0,1,[1]
5720,0,1,0,0,2,0,10,0,0,0,0,1,[1]
3687,0,1,0,0,0,0,7,0,0,0,0,1,[1]
3986,0,1,0,0,0,0,6,0,0,0,0,1,[1]
4795,0,1,0,0,1,0,8,0,0,0,0,1,[1]
5336,0,1,0,0,0,0,6,0,0,0,0,1,[1]
2661,0,1,2,0,0,0,2,0,0,0,0,1,[1]
650,1,1,1,0,1,0,9,0,0,0,0,1,[1]
1772,0,1,0,0,1,1,10,0,0,0,0,1,[1]
3765,0,1,0,0,1,0,10,0,0,0,0,1,[1]
5088,0,1,1,0,0,1,7,0,0,0,0,1,[1]
794,0,1,0,0,0,0,8,0,0,0,0,1,[1]
3276,0,1,1,0,0,0,7,0,0,0,0,1,[1]
1525,0,1,0,0,1,0,9,0,0,0,0,1,[1]
430,1,2,0,0,0,0,10,0,0,0,0,1,[1]
4926,0,1,3,0,1,0,6,0,0,0,0,1,[1]
1128,1,1,1,0,0,0,5,0,0,0,0,1,[1]
3407,0,1,0,0,3,1,9,0,0,0,0,1,[1]
3398,0,2,1,1,1,1,1,0,0,0,0,1,[1]
3887,0,0,0,0,0,0,8,0,0,0,0,1,[1]
2684,1,1,0,0,0,1,7,0,0,0,0,1,[1]
632,0,3,0,0,0,1,2,0,0,0,0,1,[1]
1080,0,2,1,0,0,0,6,0,0,0,0,1,[1]
5160,0,1,1,0,0,1,7,0,0,0,0,1,[1]
3499,0,1,0,0,0,0,7,0,0,0,0,1,[1]
2983,0,2,0,0,4,0,7,0,0,0,0,1,[1]
3667,0,1,0,0,2,0,9,0,0,0,0,1,[1]
1361,0,1,0,0,2,0,9,0,0,0,0,1,[1]
292,0,1,0,0,0,1,8,0,0,0,0,1,[1]
93,1,1,1,1,0,0,1,0,0,0,0,1,[1]
4490,0,1,1,0,0,1,4,0,0,0,0,1,[1]
4323,0,1,0,0,0,0,9,0,0,0,0,1,[1]
2078,1,1,1,0,0,1,8,0,0,0,0,1,[1]
3835,0,1,0,0,1,0,8,0,0,0,0,1,[1]
1956,0,1,0,0,0,0,6,0,0,0,0,1,[1]
3707,0,1,0,0,2,1,9,0,0,0,0,1,[1]
938,1,1,1,0,0,0,9,0,0,0,0,1,[1]
2698,0,1,0,0,0,0,10,0,0,0,0,1,[1]
436,0,1,0,0,0,0,5,0,0,0,0,1,[1]
5437,0,2,0,0,2,0,8,0,0,0,0,1,[1]
1358,0,1,0,0,0,0,4,0,0,0,0,1,[1]
5629,0,1,0,0,0,0,10,0,0,0,0,1,[1]
2279,0,1,0,0,0,0,7,0,0,0,0,1,[1]
25,0,1,0,0,1,0,3,0,0,0,0,1,[1]
1823,0,1,1,0,0,0,7,0,0,0,0,1,[1]
5928,0,1,0,0,2,0,8,0,0,0,0,1,[1]
5376,0,1,3,0,0,0,2,0,0,0,0,1,[1]
1815,0,1,0,0,1,0,8,0,0,0,0,1,[1]
4808,0,1,0,0,0,0,7,0,0,0,0,1,[1]
4350,0,1,0,0,1,0,6,0,0,0,0,1,[1]
2070,1,1,1,0,0,0,5,0,0,0,0,1,[1]
3832,0,2,0,0,0,1,6,0,0,0,0,1,[1]
5624,0,1,1,0,1,0,9,0,0,0,0,1,[1]
4579,0,1,1,0,0,1,4,0,0,0,0,1,[1]
790,0,1,0,0,1,0,8,0,0,0,0,1,[1]
139,1,1,0,0,0,0,9,0,0,0,0,1,[1]
36,0,1,0,0,2,0,9,0,0,0,0,1,[1]
719,0,0,0,0,0,0,5,0,0,0,0,1,[1]
3635,0,2,0,0,1,1,5,0,0,0,0,1,[1]
376,0,1,0,0,1,0,8,0,0,0,0,1,[1]
2608,0,0,0,0,0,0,10,0,0,0,0,1,[1]
1075,0,2,0,0,1,0,6,0,0,0,0,1,[1]
4679,0,1,0,0,0,0,6,0,0,0,0,1,[1]
5204,0,1,0,0,0,0,7,0,0,0,0,1,[1]
4862,0,1,1,0,0,0,7,0,0,0,0,1,[1]
4008,0,1,0,0,0,0,4,0,0,0,0,1,[1]
2905,1,0,0,0,0,0,6,0,0,0,0,1,[1]
2879,0,1,0,0,0,0,7,0,0,0,0,1,[1]
3470,0,1,1,0,0,0,8,0,0,0,0,1,[1]
130,0,1,0,1,0,1,2,0,0,0,0,1,[1]
4315,0,0,2,0,0,1,4,0,0,0,0,1,[1]
4706,0,1,0,0,0,0,6,0,0,0,0,1,[1]
2234,0,1,0,0,0,0,7,0,0,0,0,1,[1]
4136,0,1,1,0,0,0,9,0,0,0,0,1,[1]
4461,0,1,0,0,0,0,4,0,0,0,0,1,[1]
4287,0,1,0,0,0,0,4,0,0,0,0,1,[1]
1100,1,2,1,1,0,0,2,0,0,0,0,1,[1]
963,0,1,0,0,0,0,9,0,0,0,0,1,[1]
4699,0,0,0,0,0,0,8,0,0,0,0,1,[1]
2303,0,1,0,0,1,0,6,0,0,0,0,1,[1]
2618,0,1,1,0,0,0,9,0,0,0,0,1,[1]
2903,0,1,0,0,0,0,10,0,0,0,0,1,[1]
5189,1,1,1,0,0,1,7,0,0,0,0,1,[1]
5734,1,0,1,0,0,0,8,0,0,0,0,1,[1]
1458,0,0,0,0,0,0,9,0,0,0,0,1,[1]
3977,0,2,0,0,0,0,6,0,0,0,0,1,[1]
5952,0,1,0,0,0,0,5,0,0,0,0,1,[1]
664,0,1,0,0,0,0,8,0,0,0,0,1,[1]
5943,0,1,0,0,1,0,7,0,0,0,0,1,[1]
1742,0,1,0,0,0,0,7,0,0,0,0,1,[1]
2646,0,1,3,0,0,1,4,9,0,0,0,1,[1]
598,0,1,0,0,0,0,10,0,0,0,0,1,[1]
4040,0,2,0,1,1,1,6,0,0,0,0,1,[1]
2434,0,1,0,0,1,0,10,0,0,0,0,1,[1]
3095,0,2,0,0,1,0,9,0,0,0,0,1,[1]
2738,0,1,0,0,0,0,8,0,0,0,0,1,[1]
498,0,0,0,0,0,0,4,0,0,0,0,1,[1]
902,0,1,0,0,0,0,7,0,0,0,0,1,[1]
3293,0,0,0,0,0,0,10,0,0,0,0,1,[1]
4317,0,1,0,0,1,0,7,0,0,0,0,1,[1]
4803,1,2,1,0,3,0,9,0,0,0,0,1,[1]
3225,0,1,0,0,1,0,7,0,0,0,0,1,[1]
4709,0,1,0,1,0,1,8,0,0,0,0,1,[1]
4659,1,1,1,0,2,0,10,0,0,0,0,1,[1]
2307,1,2,1,0,1,0,7,0,0,0,0,1,[1]
911,0,1,0,0,0,0,6,0,0,0,0,1,[1]
3465,1,1,0,0,0,1,8,0,0,0,0,1,[1]
3671,0,2,0,0,1,0,1,0,0,0,0,1,[1]
4352,0,1,0,0,0,0,9,0,0,0,0,1,[1]
1829,0,1,0,0,0,0,6,0,0,0,0,1,[1]
3941,1,1,1,0,0,0,6,0,0,0,0,1,[1]
4304,0,0,0,0,0,0,4,0,0,0,0,1,[1]
4314,0,1,0,0,2,0,7,0,0,0,0,1,[1]
4924,0,2,0,5,0,1,2,0,0,0,0,1,[1]
3477,0,2,0,0,2,0,8,0,0,0,0,1,[1]
3118,0,1,1,5,2,0,7,0,1,0,0,1,[1]
3204,0,0,0,0,0,0,5,0,0,0,0,1,[1]
5023,0,1,0,0,0,1,8,0,0,0,0,1,[1]
4670,0,1,0,0,1,0,9,0,0,0,0,1,[1]
3626,0,1,1,0,0,1,4,0,0,0,0,1,[1]
1725,0,1,0,0,1,0,8,0,0,0,0,1,[1]
5403,0,1,0,0,1,0,8,0,0,0,0,1,[1]
5555,0,0,0,0,0,0,4,0,0,0,0,1,[1]
2046,0,1,0,0,0,0,10,0,0,0,0,1,[1]
3401,0,1,3,0,0,1,8,0,0,0,0,1,[1]
5556,0,1,0,0,2,0,10,0,0,0,0,1,[1]
4108,0,1,0,0,1,0,9,0,0,0,0,1,[1]
3003,0,1,0,0,1,0,7,0,0,0,0,1,[1]
3372,0,1,0,0,0,0,9,0,0,0,0,1,[1]
3587,1,1,0,0,2,0,10,0,0,0,0,1,[1]
1614,0,1,1,0,0,0,7,0,0,0,0,1,[1]
1071,0,1,0,0,1,1,9,0,0,0,0,1,[1]
4616,0,2,0,1,1,1,7,0,0,0,0,1,[1]
1896,0,1,0,0,0,0,7,0,0,0,0,1,[1]
262,0,1,0,0,1,0,7,0,0,0,0,1,[1]
171,0,1,0,0,2,0,8,0,0,0,0,1,[1]
1900,1,2,0,0,1,0,8,0,0,0,0,1,[1]
5216,1,1,0,0,1,0,9,0,0,0,0,1,[1]
3044,0,1,0,0,0,0,8,0,0,0,0,1,[1]
2820,0,1,1,0,1,0,7,0,0,0,0,1,[1]
4464,1,1,0,0,0,1,8,0,0,0,0,1,[1]
5834,0,0,0,0,0,0,10,0,0,0,0,1,[1]
882,0,1,0,0,0,0,10,0,0,0,0,1,[1]
4630,0,0,0,0,0,1,10,0,0,0,0,1,[1]
5796,0,1,0,0,0,0,7,0,0,0,0,1,[1]
5909,0,1,0,0,0,0,8,0,0,0,0,1,[1]
2665,0,1,2,0,1,0,9,0,0,0,0,1,[1]
945,0,2,2,0,2,0,3,0,0,0,0,1,[1]
3300,0,1,0,0,0,1,9,0,0,0,0,1,[1]
3514,0,1,0,0,0,0,8,0,0,0,0,1,[1]
2677,0,1,0,0,1,0,9,0,0,0,0,1,[1]
4665,0,1,0,0,0,0,5,0,0,0,0,1,[1]
572,0,1,0,0,0,1,7,0,0,0,0,1,[1]
4120,0,1,0,0,0,0,9,0,0,0,0,1,[1]
278,0,1,0,0,0,1,8,0,0,0,0,1,[1]
5260,0,1,1,0,0,0,8,0,0,0,0,1,[1]
5075,0,0,0,0,0,0,10,0,0,0,0,1,[1]
5400,0,1,1,0,1,0,8,0,0,0,0,1,[1]
5247,0,1,2,1,0,0,7,0,0,0,0,1,[1]
5687,0,1,0,0,0,0,8,0,0,0,0,1,[1]
1836,0,1,1,0,0,1,4,0,0,0,0,1,[1]
2453,0,1,1,0,1,0,8,0,0,0,0,1,[1]
2201,1,1,0,0,1,0,10,0,0,0,0,1,[1]
3872,0,1,1,0,0,0,7,0,0,0,0,1,[1]
2612,0,1,0,0,1,0,10,0,0,0,0,1,[1]
3092,0,0,0,0,0,0,8,0,0,0,0,1,[1]
5386,0,1,0,0,0,0,7,0,0,0,0,1,[1]
4594,0,0,0,0,0,0,10,0,0,0,0,1,[1]
1434,0,1,1,0,0,0,8,0,0,0,0,1,[1]
5092,0,1,0,0,2,0,10,0,0,0,0,1,[1]
3632,0,1,0,0,1,0,8,0,0,0,0,1,[1]
802,0,1,0,0,0,0,4,0,0,0,0,1,[1]
3954,0,1,0,0,1,0,3,0,0,0,0,1,[1]
4086,0,1,0,0,0,1,9,0,0,0,0,1,[1]
1737,0,1,0,0,0,0,9,0,0,0,0,1,[1]
5241,0,2,0,0,2,0,8,0,0,0,0,1,[1]
4447,0,1,0,1,0,1,2,0,0,0,0,1,[1]
564,0,1,0,0,0,1,3,0,0,0,0,1,[1]
74,0,1,0,0,1,1,10,0,0,0,0,1,[1]
309,0,0,0,0,0,0,9,0,0,0,0,1,[1]
1570,0,1,0,0,2,0,7,0,0,0,0,1,[1]
1680,0,1,0,4,0,0,8,0,0,0,0,1,[1]
291,0,1,0,0,0,0,5,0,0,0,0,1,[1]
3286,0,1,1,0,0,0,7,0,0,0,0,1,[1]
1047,0,1,1,0,0,1,7,0,0,0,0,1,[1]
60,0,1,0,0,0,0,9,0,0,0,0,1,[1]
1599,0,1,0,0,0,0,6,0,0,0,0,1,[1]
5524,0,1,2,0,3,0,10,0,0,0,0,1,[1]
4726,1,3,0,0,1,0,8,0,0,0,0,1,[1]
535,0,1,0,0,2,0,8,0,1,0,0,1,[1]
3643,0,1,1,0,0,0,7,0,0,0,0,1,[1]
172,0,1,0,0,0,0,5,0,0,0,0,1,[1]
2569,0,1,0,2,1,1,10,0,0,0,0,1,[1]
2750,0,2,1,0,2,1,2,0,0,0,0,1,[1]
2597,0,1,1,0,0,1,8,0,0,0,0,1,[1]
5153,0,1,0,0,0,0,9,0,0,0,0,1,[1]
3329,0,1,1,0,0,1,4,0,0,0,0,1,[1]
3192,0,1,0,0,0,0,4,0,0,0,0,1,[1]
4587,0,1,0,0,0,0,6,0,0,0,0,1,[1]
4583,0,2,0,0,2,0,5,0,0,0,0,1,[1]
982,0,1,0,0,0,1,3,0,0,0,0,1,[1]
2908,0,1,0,0,1,0,10,0,0,0,0,1,[1]
4625,0,1,0,0,0,0,7,0,0,0,0,1,[1]
1811,1,1,0,0,0,1,8,0,0,0,0,1,[1]
812,0,1,0,0,0,0,9,0,0,0,0,1,[1]
1949,0,1,1,0,0,1,4,0,0,0,0,1,[1]
5637,0,0,2,0,0,0,8,0,0,0,0,1,[1]
220,0,2,1,0,1,0,4,0,0,0,0,1,[1]
1065,0,1,0,0,0,0,8,0,0,0,0,1,[1]
4655,0,0,1,0,0,1,8,0,0,0,0,1,[1]
2013,0,1,0,0,0,0,6,0,0,0,0,1,[1]
305,0,0,0,0,0,0,10,0,0,0,0,1,[1]
439,1,1,3,0,0,0,7,0,0,0,0,1,[1]
4639,0,1,0,0,0,0,9,0,0,0,0,1,[1]
3551,0,1,0,0,1,0,6,0,0,0,0,1,[1]
2293,0,1,0,0,0,0,4,0,0,0,0,1,[1]
734,0,1,0,0,0,0,6,0,0,0,0,1,[1]
1674,1,2,1,0,1,0,7,0,0,0,0,1,[1]
3909,0,1,1,0,0,1,5,0,0,0,0,1,[1]
2113,0,1,0,0,0,0,9,0,0,0,0,1,[1]
1610,0,2,0,0,1,0,9,0,0,0,0,1,[1]
357,0,1,0,0,0,0,5,0,0,0,0,1,[1]
3817,0,1,0,0,1,1,10,0,0,0,0,1,[1]
5827,1,2,1,0,0,0,3,0,0,0,0,1,[1]
3071,0,1,0,0,2,0,9,0,0,0,0,1,[1]
3939,0,1,0,0,0,0,9,0,0,0,0,1,[1]
5051,0,1,0,0,0,0,9,0,0,0,0,1,[1]
137,0,1,0,0,1,1,5,0,0,0,0,1,[1]
1648,0,1,0,0,0,1,9,0,0,0,0,1,[1]
3443,0,1,0,0,0,0,4,0,0,0,0,1,[1]
5087,0,2,0,0,0,0,6,0,0,0,0,1,[1]
4226,0,1,0,0,1,0,9,0,0,0,0,1,[1]
3137,0,1,0,0,2,0,9,0,0,0,0,1,[1]
1366,0,1,0,0,0,1,3,0,0,0,0,1,[1]
