,age,workclass,education,educational-num,marital-status,occupation,relationship,race,gender,capital-gain,capital-loss,hours-per-week,native-country,act,pred
43704,2,2,9,13,2,0,5,4,0,1,0,0,38,0,[1]
8420,1,2,15,10,4,3,1,4,0,0,1,0,38,0,[1]
33916,1,1,5,4,0,5,1,4,1,0,0,0,38,0,[1]
38565,1,2,5,4,2,6,0,3,1,0,0,0,26,0,[1]
32565,1,2,11,9,2,13,0,1,1,0,0,1,38,0,[1]
28213,0,2,11,9,0,11,4,4,1,1,0,0,38,0,[1]
9586,1,3,9,13,4,11,1,4,1,0,0,1,38,0,[1]
31695,2,3,11,9,2,3,0,4,1,0,0,0,38,0,[1]
4800,0,2,11,9,4,9,1,4,0,1,0,0,38,0,[1]
34306,1,2,11,9,2,11,0,4,1,0,1,1,38,0,[1]
42908,0,2,9,13,2,11,0,4,1,0,0,0,38,0,[1]
40650,2,4,14,15,2,9,0,4,1,0,0,0,38,0,[1]
34115,1,4,9,13,2,9,0,4,1,0,0,0,38,0,[1]
16075,1,3,6,5,2,3,0,4,1,0,1,0,25,0,[1]
6257,2,2,15,10,4,3,1,4,1,0,0,0,38,0,[1]
10155,2,2,11,9,2,3,0,4,1,0,0,0,38,0,[1]
38990,1,4,9,13,2,4,0,4,1,0,0,0,38,0,[1]
25429,2,2,12,14,2,9,0,4,1,1,0,0,38,0,[1]
45209,2,4,14,15,4,9,1,4,1,1,0,1,38,0,[1]
34034,1,0,9,13,2,9,0,4,1,0,0,0,38,0,[1]
15467,1,1,15,10,2,0,5,4,0,0,0,0,38,0,[1]
32542,2,2,15,10,2,3,0,4,1,0,1,0,38,0,[1]
39777,1,2,9,13,2,11,0,4,1,0,0,1,38,0,[1]
15233,1,4,9,13,0,3,1,4,0,0,0,0,38,0,[1]
42686,1,3,9,13,5,9,1,4,0,0,0,1,38,0,[1]
8287,0,2,9,13,2,3,5,4,0,0,0,0,38,0,[1]
41750,1,2,10,16,4,9,1,4,1,0,0,0,38,0,[1]
26891,0,5,10,16,4,9,1,4,0,0,0,1,8,0,[1]
12161,1,1,9,13,5,9,4,4,0,1,0,0,38,0,[1]
27615,1,2,9,13,2,2,0,4,1,0,0,0,38,0,[1]
16684,2,2,11,9,2,10,0,4,1,1,0,0,38,0,[1]
3423,1,2,9,13,2,0,5,1,0,0,0,0,29,0,[1]
4159,1,1,15,10,2,0,5,4,0,0,0,0,38,0,[1]
21917,1,2,9,13,2,0,5,2,0,0,0,0,38,0,[1]
6294,1,4,14,15,4,9,1,4,1,0,1,0,38,0,[1]
37253,1,2,8,11,2,12,0,4,1,0,0,0,38,0,[1]
11816,1,4,14,15,2,11,0,4,1,0,0,0,38,0,[1]
30397,1,2,13,1,2,6,5,4,0,0,0,0,25,0,[1]
40923,2,1,9,13,6,9,1,2,0,0,1,0,38,0,[1]
27721,2,4,15,10,2,3,0,4,1,0,0,0,38,0,[1]
25412,1,5,7,12,4,3,1,4,1,0,0,1,38,0,[1]
844,0,2,11,9,2,11,2,4,0,0,0,0,38,0,[1]
43898,1,2,15,10,2,11,5,4,0,0,0,0,38,0,[1]
4274,0,2,11,9,5,13,4,4,0,0,0,0,38,0,[1]
28022,1,2,9,13,2,3,0,4,1,0,0,0,38,0,[1]
38740,0,5,9,13,4,7,1,4,0,1,0,1,38,0,[1]
40080,2,2,11,9,0,6,1,4,1,1,0,0,38,0,[1]
32092,1,1,15,10,2,10,0,4,1,0,0,0,38,0,[1]
39003,2,0,15,10,0,4,1,4,1,0,0,0,38,0,[1]
29827,2,2,8,11,2,3,0,4,1,1,0,0,38,0,[1]
31347,1,1,15,10,2,10,0,4,1,0,0,0,38,0,[1]
24239,0,4,15,10,2,2,0,4,1,0,0,0,38,0,[1]
20145,1,4,9,13,4,7,1,2,0,0,0,1,38,0,[1]
44633,1,2,9,13,2,9,0,4,1,0,0,1,38,0,[1]
34021,1,1,9,13,2,0,5,4,0,0,0,0,38,0,[1]
17155,0,2,15,10,2,6,0,4,1,0,1,0,38,0,[1]
34486,1,2,12,14,4,9,1,4,1,0,1,1,38,0,[1]
40746,1,2,15,10,2,3,0,4,1,0,0,1,38,0,[1]
12307,2,0,11,9,2,13,0,2,1,0,0,0,38,0,[1]
16182,2,2,15,10,2,2,0,4,1,0,0,0,38,0,[1]
36818,1,4,11,9,0,3,1,2,1,0,0,1,38,0,[1]
9746,1,2,15,10,0,9,1,4,1,0,0,0,38,0,[1]
9528,1,4,12,14,0,3,4,4,0,0,0,1,38,0,[1]
35772,2,2,11,9,2,6,0,4,1,1,0,0,38,0,[1]
43521,1,2,9,13,2,11,0,4,1,0,0,1,38,0,[1]
20616,2,2,11,9,2,2,0,4,1,1,0,0,11,0,[1]
40437,1,0,11,9,2,0,0,4,1,0,0,0,38,0,[1]
29930,2,2,14,15,4,9,2,4,0,0,0,1,38,0,[1]
25039,2,0,15,10,2,9,0,4,1,0,0,0,38,0,[1]
42594,1,2,9,13,2,9,5,4,0,0,0,0,38,0,[1]
41548,1,5,9,13,2,3,0,4,1,0,0,0,38,0,[1]
17520,2,1,9,13,2,3,0,4,1,0,0,0,38,0,[1]
30561,1,2,9,13,2,9,0,4,1,0,0,0,38,0,[1]
27338,1,2,9,13,2,0,0,4,1,0,0,0,38,0,[1]
3094,2,3,11,9,2,11,0,4,1,0,0,0,38,0,[1]
26978,2,2,11,9,0,0,1,4,1,0,0,0,38,0,[1]
23825,0,2,9,13,2,3,0,4,1,0,0,0,38,0,[1]
30817,1,0,15,10,2,3,0,2,1,0,0,0,38,0,[1]
18615,1,2,11,9,2,6,0,4,1,1,0,0,38,0,[1]
11861,1,0,9,13,4,10,1,4,1,0,1,1,38,0,[1]
24151,2,5,10,16,2,9,1,1,1,1,0,0,2,0,[1]
18813,1,1,12,14,2,9,0,4,1,0,0,0,38,0,[1]
1144,1,2,9,13,2,11,0,4,1,0,0,0,38,0,[1]
825,2,2,11,9,2,2,0,4,1,1,0,0,38,0,[1]
36775,1,2,11,9,2,6,0,4,1,1,0,0,38,0,[1]
8307,1,2,9,13,4,9,1,1,1,0,0,0,29,0,[1]
33079,1,1,7,12,2,9,0,4,1,0,0,0,38,0,[1]
11569,2,2,0,6,2,10,0,4,1,0,1,0,38,0,[1]
44498,0,2,11,9,2,11,2,4,0,0,0,0,38,0,[1]
39333,1,2,15,10,2,12,0,4,1,0,0,0,38,0,[1]
30424,2,2,15,10,2,3,0,4,1,0,0,1,38,0,[1]
9046,1,2,11,9,4,9,4,4,0,0,0,0,38,0,[1]
28865,2,5,12,14,2,9,0,4,1,0,0,1,38,0,[1]
22049,1,4,8,11,2,9,0,4,1,0,0,1,38,0,[1]
33523,1,2,11,9,2,13,0,4,1,1,0,0,38,0,[1]
38015,2,2,9,13,2,3,0,4,1,0,0,0,38,0,[1]
22370,1,5,10,16,4,9,1,4,1,0,0,0,38,0,[1]
32686,1,2,11,9,2,3,0,4,1,0,0,1,38,0,[1]
5118,1,2,8,11,0,9,1,4,1,1,0,1,38,0,[1]
33101,1,3,9,13,2,3,0,4,1,0,0,1,38,0,[1]
10128,1,1,12,14,2,9,5,4,0,1,0,0,38,0,[1]
13245,1,2,9,13,2,3,0,4,1,0,0,1,38,0,[1]
40139,2,4,15,10,6,13,1,4,1,0,0,0,38,0,[1]
22610,1,2,15,10,2,0,0,4,1,1,0,0,38,0,[1]
36218,1,2,2,8,2,0,5,4,0,0,0,0,38,0,[1]
6013,2,3,11,9,2,11,0,4,1,0,0,1,4,0,[1]
5497,2,2,5,4,2,6,0,4,1,0,0,0,25,0,[1]
34387,2,4,11,9,6,11,1,4,1,0,0,0,38,0,[1]
10274,2,2,7,12,2,3,0,4,1,0,0,0,38,0,[1]
7341,2,2,15,10,6,11,1,4,1,1,0,0,38,0,[1]
10124,1,2,7,12,2,2,0,4,1,0,0,0,29,0,[1]
43261,1,3,9,13,2,3,0,4,1,0,0,1,38,0,[1]
29695,1,1,15,10,0,3,1,4,1,0,0,1,38,0,[1]
27861,1,2,8,11,0,11,1,0,0,0,0,0,38,0,[1]
10171,1,3,14,15,4,3,1,4,1,0,0,0,38,0,[1]
34151,1,2,7,12,2,12,5,4,0,0,0,0,38,0,[1]
7443,1,4,9,13,2,11,0,4,1,0,0,1,38,0,[1]
18753,1,3,11,9,2,3,0,4,1,1,0,1,11,0,[1]
18391,1,2,11,9,2,9,0,4,1,0,1,0,38,0,[1]
9091,1,2,12,14,2,3,0,4,1,0,0,0,38,0,[1]
34466,1,2,8,11,2,12,0,4,1,0,0,0,38,0,[1]
42951,2,4,0,6,6,4,4,4,1,0,0,0,38,0,[1]
30920,1,2,12,14,2,3,0,4,1,1,0,0,38,0,[1]
16804,1,2,9,13,2,11,0,4,1,0,0,1,38,0,[1]
27682,1,3,8,11,2,4,0,4,1,0,0,1,38,0,[1]
20969,1,2,0,6,2,7,5,2,0,0,0,0,38,0,[1]
14707,2,2,15,10,2,9,0,4,1,0,0,0,38,0,[1]
31256,2,1,10,16,2,3,0,4,1,1,0,0,38,0,[1]
6023,2,2,15,10,6,0,4,1,0,0,0,0,38,0,[1]
1267,2,2,15,10,2,2,0,4,1,0,0,0,38,0,[1]
7367,0,2,11,9,2,10,3,4,1,0,0,0,38,0,[1]
440,1,2,9,13,2,0,5,4,0,0,0,0,38,0,[1]
5490,2,2,8,11,2,2,0,4,1,0,0,0,38,0,[1]
14192,1,1,15,10,2,0,5,4,0,0,0,0,38,0,[1]
14519,1,2,9,13,2,3,0,4,1,0,0,0,38,0,[1]
25519,2,2,9,13,2,2,0,1,1,0,0,0,29,0,[1]
20278,2,2,9,13,0,3,1,4,1,0,0,0,38,0,[1]
8636,0,2,12,14,2,11,0,4,1,0,0,0,38,0,[1]
7597,1,2,11,9,2,6,0,4,1,1,0,0,38,0,[1]
27995,1,2,1,7,4,9,4,4,0,0,0,0,32,0,[1]
44337,2,2,12,14,2,12,0,4,1,0,0,0,19,0,[1]
7172,1,2,10,16,2,3,0,4,1,0,0,0,38,0,[1]
12765,2,2,15,10,2,3,0,4,1,0,1,0,38,0,[1]
42416,1,2,15,10,2,11,0,4,1,0,0,1,38,0,[1]
19343,1,5,10,16,4,9,1,2,0,0,0,0,38,0,[1]
9260,1,2,11,9,0,2,4,2,1,0,0,0,38,0,[1]
9595,2,3,15,10,0,11,3,4,0,0,0,1,38,0,[1]
23241,1,2,9,13,2,9,0,4,1,0,0,0,38,0,[1]
9498,1,2,15,10,2,12,5,4,0,0,0,0,38,0,[1]
25430,0,5,15,10,2,0,0,4,1,0,0,0,38,0,[1]
7587,1,2,9,13,2,0,0,4,1,0,0,0,38,0,[1]
37587,1,2,11,9,2,6,0,4,1,0,1,0,38,0,[1]
18900,1,2,11,9,2,13,0,4,1,1,0,0,38,0,[1]
28527,1,0,15,10,2,0,0,4,1,0,0,0,38,0,[1]
25688,1,2,9,13,2,0,0,4,1,0,0,0,38,0,[1]
8725,1,2,11,9,2,11,0,4,1,1,0,0,38,0,[1]
31440,1,2,15,10,2,3,0,4,1,0,0,1,38,0,[1]
21775,1,3,9,13,2,9,0,4,1,0,0,0,38,0,[1]
39957,1,4,9,13,2,3,0,1,1,0,0,0,23,0,[1]
7496,1,2,15,10,2,7,0,4,1,0,0,1,38,0,[1]
40518,1,2,14,15,0,11,1,4,1,0,0,0,38,0,[1]
22105,1,1,9,13,4,9,1,2,0,0,0,1,38,0,[1]
24593,2,0,11,9,2,0,0,4,1,0,0,0,38,0,[1]
17706,2,2,9,13,2,3,0,2,1,0,0,0,38,0,[1]
12238,1,1,7,12,2,3,0,4,1,0,0,0,38,0,[1]
23718,2,2,15,10,2,3,5,4,0,1,0,0,38,0,[1]
16167,1,2,15,10,2,2,0,2,1,0,0,0,38,0,[1]
18621,2,3,8,11,2,3,0,4,1,0,0,0,38,0,[1]
35522,1,2,15,10,2,11,0,4,1,1,0,1,38,0,[1]
10346,1,2,11,9,2,0,0,4,1,0,0,1,38,0,[1]
11004,1,2,9,13,2,11,0,4,1,0,0,1,38,0,[1]
10540,0,2,9,13,2,4,0,4,1,0,0,0,38,0,[1]
38426,2,0,15,10,2,0,0,4,1,0,0,0,38,0,[1]
45175,1,2,9,13,2,9,0,4,1,0,0,0,38,0,[1]
22265,1,2,15,10,2,11,0,1,1,0,0,0,29,0,[1]
24250,1,2,7,12,0,11,1,4,0,0,0,0,38,0,[1]
8560,1,2,9,13,2,3,0,4,1,0,0,1,38,0,[1]
43356,1,2,11,9,2,2,0,2,1,0,1,0,13,0,[1]
12967,2,2,9,13,2,3,5,4,0,1,0,0,8,0,[1]
3182,0,2,9,13,2,0,0,4,1,0,0,0,38,0,[1]
7643,1,2,7,12,0,9,1,4,0,1,0,0,38,0,[1]
12137,2,2,11,9,2,12,0,4,1,0,0,0,38,0,[1]
44113,1,5,12,14,2,9,0,4,1,0,0,1,38,0,[1]
5921,2,1,9,13,2,9,5,4,0,0,0,0,38,0,[1]
31425,1,2,9,13,2,9,0,4,1,0,0,0,38,0,[1]
24402,2,2,9,13,2,6,0,4,1,0,0,0,38,0,[1]
9209,1,3,7,12,2,3,0,4,1,0,0,0,38,0,[1]
7935,1,2,15,10,2,13,0,4,1,0,1,1,38,0,[1]
41406,1,4,12,14,4,3,1,4,0,0,0,1,38,0,[1]
13183,2,2,15,10,0,12,1,4,1,0,1,1,38,0,[1]
14101,1,2,9,13,2,9,0,4,1,0,0,1,38,0,[1]
15262,1,2,9,13,2,11,0,4,1,0,0,1,30,0,[1]
19081,2,2,15,10,2,2,0,4,1,0,0,0,38,0,[1]
1939,2,2,11,9,2,3,0,4,1,0,0,1,38,0,[1]
12013,1,2,9,13,2,6,5,4,0,0,0,0,38,0,[1]
12647,1,2,8,11,2,12,0,4,1,0,0,0,38,0,[1]
15303,2,2,15,10,2,11,0,4,1,1,0,0,38,0,[1]
44047,2,4,11,9,6,9,4,4,0,0,0,0,38,0,[1]
42362,2,1,9,13,2,12,0,4,1,0,0,0,38,0,[1]
8559,2,4,15,10,2,3,0,4,1,0,1,0,38,0,[1]
10082,2,3,15,10,2,3,0,4,1,0,0,1,38,0,[1]
38372,1,2,9,13,2,9,0,4,1,0,0,1,38,0,[1]
4143,1,4,11,9,2,11,0,4,1,1,0,1,38,0,[1]
20159,1,1,15,10,2,10,0,4,1,0,0,1,38,0,[1]
40346,1,0,15,10,2,3,0,2,1,0,0,0,38,0,[1]
15487,1,2,9,13,2,9,0,4,1,0,0,1,38,0,[1]
6888,2,5,15,10,2,7,0,2,1,0,0,0,38,0,[1]
3310,1,2,9,13,2,3,0,4,1,0,0,1,38,0,[1]
41243,1,3,11,9,5,3,4,4,1,0,0,0,38,0,[1]
35019,1,4,8,11,2,4,0,4,1,0,0,1,38,0,[1]
14746,1,4,11,9,2,3,0,4,1,1,0,0,38,0,[1]
5988,2,4,9,13,2,3,0,4,1,0,0,0,38,0,[1]
7921,2,2,9,13,0,3,1,4,1,0,0,0,38,0,[1]
38158,2,1,6,5,2,3,0,4,1,0,0,0,38,0,[1]
34653,1,4,5,4,2,4,0,4,1,1,0,0,4,0,[1]
43324,1,0,12,14,2,5,0,4,1,1,0,0,38,0,[1]
9396,0,2,11,9,2,6,0,4,1,0,1,0,38,0,[1]
16484,1,2,9,13,2,0,0,4,1,0,0,0,38,0,[1]
4145,1,5,7,12,2,9,0,4,1,0,0,0,38,0,[1]
5902,1,2,9,13,2,0,0,4,1,0,0,0,38,0,[1]
16906,1,2,9,13,5,11,1,4,1,0,0,1,38,0,[1]
14926,1,0,12,14,2,7,0,2,1,1,0,0,37,0,[1]
19583,1,2,15,10,2,0,5,4,0,0,1,0,38,0,[1]
13441,1,2,12,14,2,3,0,4,1,0,0,1,38,0,[1]
9427,1,2,10,16,2,9,0,4,1,0,0,1,38,0,[1]
15258,2,2,11,9,2,2,0,1,1,0,0,0,38,0,[1]
33405,2,2,7,12,2,11,0,4,1,0,0,0,38,0,[1]
5873,0,2,9,13,4,11,3,2,1,1,0,1,38,0,[1]
18196,2,2,15,10,2,2,0,4,1,0,0,0,38,0,[1]
30470,1,3,7,12,2,0,5,4,0,0,0,0,38,0,[1]
34454,2,2,0,6,2,5,0,4,1,1,0,0,38,0,[1]
25788,1,2,9,13,4,11,1,2,1,0,0,0,38,0,[1]
543,1,1,9,13,2,0,0,4,1,1,0,0,38,0,[1]
19858,1,3,15,10,2,11,0,4,1,0,0,1,38,0,[1]
43795,2,1,11,9,2,3,5,4,0,0,0,0,38,0,[1]
35636,2,2,15,10,0,10,1,4,1,0,0,0,38,0,[1]
43857,1,3,12,14,2,11,0,4,1,0,0,1,38,0,[1]
21355,1,2,12,14,0,9,4,4,0,0,0,1,38,0,[1]
2349,1,2,9,13,2,3,0,4,1,0,0,0,38,0,[1]
2445,2,4,9,13,2,9,0,4,1,0,0,0,38,0,[1]
42942,2,2,11,9,0,9,4,4,1,0,0,0,38,0,[1]
44208,1,1,9,13,2,9,0,4,1,0,0,0,38,0,[1]
33064,0,2,9,13,2,3,5,4,0,0,0,0,38,0,[1]
24862,1,2,12,14,2,9,0,4,1,0,0,1,38,0,[1]
12472,1,2,11,9,4,9,1,4,1,0,0,1,38,0,[1]
9848,2,2,9,13,0,9,4,2,0,0,1,0,38,0,[1]
20047,1,2,4,3,2,2,5,4,0,0,0,0,21,0,[1]
22468,1,0,11,9,2,0,0,4,1,0,0,0,38,0,[1]
2942,2,1,15,10,0,10,1,4,1,0,0,0,38,0,[1]
21425,1,1,9,13,2,9,0,4,1,0,0,0,38,0,[1]
42548,2,2,15,10,2,3,0,4,1,0,0,0,38,0,[1]
69,2,3,11,9,2,11,0,4,1,0,0,0,38,0,[1]
44855,1,5,9,13,2,11,0,4,1,0,0,0,38,0,[1]
21465,1,2,9,13,2,3,0,4,1,0,0,0,38,0,[1]
40584,1,3,15,10,2,2,0,4,1,0,0,1,38,0,[1]
23008,2,1,12,14,0,9,1,4,0,0,0,0,38,0,[1]
19258,2,2,4,3,0,13,4,4,1,1,0,0,38,0,[1]
24917,2,1,12,14,2,9,0,4,1,0,1,0,11,0,[1]
32258,1,3,12,14,0,3,1,4,0,0,0,1,38,0,[1]
16917,1,2,12,14,4,9,1,4,1,1,0,1,38,0,[1]
505,0,2,8,11,2,2,2,4,1,0,0,1,38,0,[1]
15669,1,2,12,14,4,11,1,4,1,0,0,1,38,0,[1]
7659,1,4,8,11,2,4,0,4,1,0,0,1,38,0,[1]
15190,2,3,11,9,2,2,0,4,1,0,0,0,38,0,[1]
18525,2,2,8,11,2,13,0,4,1,0,0,1,38,0,[1]
23518,0,2,1,7,2,3,0,4,1,0,0,1,38,0,[1]
8028,0,1,11,9,2,10,0,4,1,0,0,0,38,0,[1]
766,2,5,11,9,2,6,5,4,0,1,0,0,38,0,[1]
31997,2,2,10,16,2,9,0,4,1,0,0,0,38,0,[1]
13355,2,2,11,9,4,8,1,4,1,0,1,0,38,0,[1]
38190,1,2,8,11,2,0,0,4,1,1,0,0,38,0,[1]
34405,2,2,11,9,2,3,0,4,1,0,0,0,38,0,[1]
26176,0,2,9,13,2,3,5,4,0,0,0,0,38,0,[1]
15183,1,2,9,13,2,11,0,4,1,0,0,1,38,0,[1]
12646,1,2,9,13,4,11,2,4,0,0,0,0,38,0,[1]
851,1,2,9,13,2,2,0,4,1,0,0,0,38,0,[1]
14831,1,5,11,9,2,10,0,0,1,0,0,1,38,0,[1]
35826,2,2,11,9,2,12,0,4,1,0,0,0,38,0,[1]
26823,1,2,15,10,2,11,0,4,1,0,0,1,38,0,[1]
19641,2,2,9,13,4,12,2,4,0,0,1,0,38,0,[1]
25343,1,0,9,13,4,9,1,4,0,0,0,1,38,0,[1]
1771,2,2,8,11,6,0,1,4,0,1,0,1,38,0,[1]
40896,2,2,11,9,2,7,5,2,0,1,0,0,38,0,[1]
3143,1,2,11,9,2,6,0,4,1,0,1,0,38,0,[1]
36602,2,2,11,9,2,3,0,4,1,0,0,0,38,0,[1]
45014,0,2,9,13,4,9,1,1,1,0,0,1,20,0,[1]
32043,1,2,9,13,2,3,5,4,0,0,0,0,38,0,[1]
29257,1,1,12,14,2,9,0,4,1,0,0,0,38,0,[1]
42446,1,2,15,10,2,2,0,1,1,0,0,0,29,0,[1]
24173,1,4,9,13,2,3,0,1,1,0,0,1,29,0,[1]
12208,2,2,11,9,2,6,0,4,1,0,0,1,38,0,[1]
44735,1,5,9,13,2,3,5,4,0,0,0,0,38,0,[1]
42695,1,2,14,15,2,11,5,4,0,0,0,0,38,0,[1]
31468,1,2,8,11,2,9,5,4,0,0,0,0,38,0,[1]
9070,1,2,11,9,0,7,4,1,1,1,0,0,29,0,[1]
41070,2,2,15,10,2,3,0,4,1,0,0,0,38,0,[1]
7819,1,0,11,9,2,2,0,2,1,0,0,0,38,0,[1]
4331,1,1,15,10,2,10,0,4,1,0,0,0,38,0,[1]
28016,1,2,15,10,2,12,0,4,1,0,0,0,38,0,[1]
43293,1,2,9,13,2,11,0,4,1,0,0,0,38,0,[1]
15735,1,2,15,10,2,2,0,4,1,1,0,0,38,0,[1]
43501,0,1,9,13,2,10,0,4,1,0,0,1,38,0,[1]
13062,1,1,9,13,2,2,0,4,1,0,0,1,38,0,[1]
16751,1,2,9,13,2,0,0,1,1,0,0,0,29,0,[1]
14938,1,2,8,11,2,9,0,4,1,0,0,0,38,0,[1]
25983,1,2,11,9,2,3,0,4,1,0,0,1,38,0,[1]
2486,1,2,15,10,2,12,5,4,0,0,0,0,38,0,[1]
18073,0,2,14,15,2,0,0,4,1,0,0,0,38,0,[1]
10182,1,2,4,3,2,0,5,4,0,0,0,0,21,0,[1]
33286,2,2,15,10,2,9,0,4,1,0,0,0,38,0,[1]
24244,1,3,11,9,2,3,0,4,1,0,0,0,38,0,[1]
31675,2,5,15,10,2,10,0,4,1,0,0,1,38,0,[1]
40608,2,2,15,10,2,3,0,4,1,0,0,0,38,0,[1]
13977,1,2,15,10,4,0,2,3,1,0,0,0,18,0,[1]
17060,2,2,15,10,2,2,0,4,1,0,0,0,38,0,[1]
28394,2,4,9,13,4,3,1,4,0,0,0,1,38,0,[1]
8236,1,2,9,13,2,0,0,4,1,0,0,0,38,0,[1]
11432,1,1,14,15,5,9,1,2,1,1,0,0,38,0,[1]
38442,1,2,9,13,5,9,1,4,1,1,0,0,38,0,[1]
35689,1,2,10,16,2,9,0,4,1,0,0,0,9,0,[1]
26670,1,2,9,13,2,11,0,4,1,0,0,0,38,0,[1]
39795,1,3,11,9,2,3,0,4,1,0,1,0,38,0,[1]
21267,2,2,15,10,2,3,0,4,1,0,1,0,38,0,[1]
37885,1,3,11,9,2,4,0,4,1,0,0,0,38,0,[1]
31658,0,4,9,13,2,3,0,4,1,0,0,0,38,0,[1]
17652,1,2,9,13,2,9,0,2,1,0,0,0,38,0,[1]
3991,1,2,11,9,0,2,4,2,1,0,0,0,38,0,[1]
18098,2,2,9,13,2,9,0,4,1,0,0,1,38,0,[1]
12911,2,3,11,9,2,0,5,4,0,0,0,0,38,0,[1]
33881,1,2,11,9,2,2,0,4,1,0,1,1,38,0,[1]
30610,1,2,15,10,4,11,1,4,0,0,1,0,38,0,[1]
21254,1,4,15,10,2,9,0,4,1,0,0,1,38,0,[1]
630,1,0,8,11,0,0,3,2,1,0,0,1,38,0,[1]
25358,0,3,9,13,2,3,0,4,1,1,0,1,38,0,[1]
20437,2,2,12,14,2,11,0,4,1,0,0,1,38,0,[1]
8673,2,2,11,9,2,6,0,2,1,0,0,1,38,0,[1]
35007,0,3,15,10,0,0,3,4,0,0,0,1,38,0,[1]
33624,0,2,7,12,2,12,0,4,1,0,0,0,38,0,[1]
22493,1,2,11,9,2,3,0,4,1,0,0,1,38,0,[1]
2788,1,1,0,6,2,7,5,0,0,0,0,0,38,0,[1]
21873,0,2,9,13,2,2,0,4,1,1,0,0,38,0,[1]
22735,2,2,15,10,2,13,0,4,1,0,1,0,38,0,[1]
12509,1,4,11,9,2,0,0,2,1,0,0,0,38,0,[1]
7487,0,2,9,13,2,2,0,4,1,0,0,1,38,0,[1]
44938,1,4,9,13,2,11,5,4,0,0,0,1,38,0,[1]
39531,1,2,9,13,2,11,0,4,1,0,0,1,38,0,[1]
2675,1,2,15,10,2,13,0,2,1,0,0,0,38,0,[1]
38479,1,1,9,13,2,9,5,4,0,0,0,0,38,0,[1]
838,1,2,10,16,2,9,0,4,1,0,0,1,38,0,[1]
6718,1,2,15,10,2,11,0,4,1,0,0,1,38,0,[1]
27350,1,4,9,13,2,9,0,4,1,0,0,0,38,0,[1]
33755,2,1,8,11,0,2,1,4,1,0,0,0,38,0,[1]
36419,2,2,9,13,4,3,1,4,1,0,0,0,38,0,[1]
23974,1,2,9,13,2,3,5,4,0,0,0,0,38,0,[1]
9189,2,2,15,10,2,2,0,4,1,0,0,0,38,0,[1]
18630,1,4,11,9,5,2,4,4,1,0,0,0,38,0,[1]
39865,1,2,12,14,2,11,0,4,1,0,0,0,38,0,[1]
13808,1,2,9,13,2,2,0,4,1,0,0,0,38,0,[1]
34430,1,2,15,10,2,2,0,4,1,1,0,1,38,0,[1]
41539,2,2,12,14,2,5,0,4,1,0,0,0,38,0,[1]
38484,1,1,9,13,2,13,0,2,1,0,0,0,38,0,[1]
13826,1,1,12,14,2,9,0,4,1,0,0,0,38,0,[1]
43656,2,4,12,14,2,11,0,4,1,1,0,1,38,0,[1]
28954,0,2,15,10,2,13,0,4,1,0,0,1,38,0,[1]
38216,0,2,15,10,2,0,5,4,0,0,1,0,38,0,[1]
42060,1,0,15,10,2,3,0,2,1,0,0,0,38,0,[1]
31584,1,2,7,12,2,6,0,2,1,0,0,1,38,0,[1]
3497,1,2,11,9,2,0,5,4,0,0,0,0,38,0,[1]
28329,1,2,9,13,2,7,0,4,1,1,0,1,38,0,[1]
41148,1,4,8,11,2,4,0,4,1,0,0,1,38,0,[1]
44158,2,2,11,9,3,2,1,4,1,0,0,0,38,0,[1]
31197,1,2,9,13,2,11,0,4,1,0,0,0,38,0,[1]
7771,2,1,8,11,2,10,0,4,1,0,0,0,38,0,[1]
25747,1,3,7,12,2,3,0,4,1,0,0,1,38,0,[1]
36583,0,2,8,11,2,11,0,4,1,1,0,0,38,0,[1]
44759,1,2,9,13,2,0,0,4,1,0,0,0,38,0,[1]
21419,1,2,9,13,2,3,0,4,1,0,0,1,38,0,[1]
35902,2,4,9,13,2,9,0,4,1,0,0,0,38,0,[1]
27268,1,3,7,12,2,3,5,4,0,0,0,0,38,0,[1]
15361,2,4,12,14,2,2,0,4,1,0,0,0,38,0,[1]
33635,1,2,9,13,2,0,0,4,1,0,0,0,38,0,[1]
5669,2,1,12,14,2,9,0,4,1,0,0,0,38,0,[1]
12668,1,2,3,2,2,2,0,3,1,0,0,0,25,0,[1]
14151,2,2,0,6,3,2,1,4,1,0,0,1,38,0,[1]
43856,0,2,12,14,2,9,0,4,1,0,0,0,38,0,[1]
22150,1,2,15,10,2,3,0,4,1,1,0,0,38,0,[1]
38910,1,4,9,13,0,3,4,4,0,0,0,1,38,0,[1]
10250,0,2,9,13,2,11,0,4,1,1,0,0,38,0,[1]
20660,2,2,11,9,5,6,1,4,1,0,1,0,38,0,[1]
39255,1,2,14,15,4,3,3,4,1,0,0,1,38,0,[1]
15261,1,2,7,12,0,11,1,4,0,0,0,0,38,0,[1]
11645,1,5,11,9,0,10,4,4,0,0,0,0,38,0,[1]
23400,1,1,11,9,2,3,0,4,1,0,0,1,38,0,[1]
16786,1,4,9,13,2,11,0,4,1,0,0,1,38,0,[1]
21876,1,2,15,10,0,9,1,4,1,0,0,0,38,0,[1]
13866,1,2,8,11,4,11,1,0,1,1,0,0,38,0,[1]
16373,1,2,8,11,2,6,5,4,0,0,0,0,28,0,[1]
14357,2,2,10,16,4,9,1,4,1,0,0,0,38,0,[1]
16036,2,2,11,9,2,6,0,4,1,1,0,0,38,0,[1]
9995,2,4,14,15,2,3,0,4,1,0,0,0,38,0,[1]
28187,1,3,11,9,2,3,0,4,1,0,0,0,38,0,[1]
11802,1,2,15,10,2,12,0,4,1,0,0,0,38,0,[1]
28285,1,2,6,5,2,3,0,4,1,0,0,0,25,0,[1]
14898,2,2,8,11,4,3,1,4,1,0,0,0,38,0,[1]
29069,2,4,10,16,2,9,0,4,1,0,0,0,38,0,[1]
27954,2,3,15,10,2,3,0,4,1,0,0,0,38,0,[1]
30769,1,2,12,14,2,3,0,4,1,0,0,0,38,0,[1]
26692,0,4,9,13,4,9,1,4,1,0,0,1,38,0,[1]
4667,2,2,12,14,2,3,0,4,1,0,0,0,38,0,[1]
33933,1,2,9,13,2,3,0,4,1,1,0,1,38,0,[1]
15291,1,2,9,13,2,0,5,2,0,0,0,0,38,0,[1]
35073,1,1,15,10,6,13,1,2,0,0,0,0,38,0,[1]
21288,2,2,11,9,2,0,5,4,0,1,0,0,38,0,[1]
8811,1,0,9,13,0,12,4,4,0,0,0,1,38,0,[1]
24069,1,2,9,13,4,12,1,4,1,1,0,1,38,0,[1]
6700,1,3,11,9,2,11,0,4,1,0,0,0,38,0,[1]
17744,2,2,11,9,0,2,4,2,1,0,0,0,38,0,[1]
10430,1,2,11,9,2,7,0,4,1,0,1,1,38,0,[1]
16479,2,2,14,15,2,9,0,4,1,0,1,1,38,0,[1]
38466,1,3,11,9,2,7,0,2,1,0,0,0,38,0,[1]
43067,2,2,15,10,2,9,0,4,1,1,0,0,38,0,[1]
21674,0,2,9,13,2,9,0,4,1,0,0,0,38,0,[1]
26955,2,0,15,10,0,7,1,4,1,0,0,0,38,0,[1]
38741,1,4,9,13,2,3,0,4,1,1,0,0,38,0,[1]
18855,1,2,9,13,2,3,0,4,1,0,0,1,38,0,[1]
44082,0,2,9,13,4,12,1,4,0,1,0,0,38,0,[1]
12295,1,2,10,16,2,9,0,4,1,0,0,0,38,0,[1]
14943,1,3,9,13,2,3,0,4,1,0,0,1,38,0,[1]
5601,1,1,11,9,2,6,0,4,1,0,1,0,38,0,[1]
43569,1,3,15,10,0,11,1,4,1,0,0,0,38,0,[1]
25952,0,2,9,13,2,9,0,4,1,0,0,0,38,0,[1]
16259,0,2,8,11,2,3,0,4,1,0,0,0,38,0,[1]
3566,2,2,11,9,2,9,3,4,0,0,0,0,38,0,[1]
6465,1,2,9,13,2,3,0,4,1,0,0,1,38,0,[1]
1898,1,5,9,13,0,3,4,4,1,0,0,0,38,0,[1]
33800,1,1,12,14,2,9,0,4,1,0,0,1,38,0,[1]
25816,1,2,4,3,2,7,0,3,1,1,0,0,25,0,[1]
7290,1,2,11,9,2,0,0,0,1,0,0,0,38,0,[1]
38714,2,3,9,13,2,11,0,2,1,0,0,0,22,0,[1]
16692,2,1,11,9,6,4,4,4,1,0,1,0,38,0,[1]
39789,1,1,7,12,2,10,0,4,1,0,0,0,38,0,[1]
5609,1,1,15,10,2,0,5,0,0,1,0,0,38,0,[1]
6728,2,4,8,11,2,4,0,4,1,1,0,1,38,0,[1]
44965,1,2,9,13,2,9,0,4,1,0,0,1,38,0,[1]
15095,0,2,11,9,1,0,5,4,0,0,0,0,38,0,[1]
44542,1,2,15,10,2,3,0,4,1,0,0,1,38,0,[1]
2260,1,2,7,12,2,9,0,4,1,0,0,0,38,0,[1]
41194,0,2,9,13,4,6,3,4,0,0,1,0,38,0,[1]
41371,1,3,15,10,2,4,0,4,1,0,0,0,38,0,[1]
40846,2,0,11,9,2,13,0,4,1,0,1,1,38,0,[1]
10362,2,5,10,16,0,3,1,4,0,0,0,0,38,0,[1]
9998,1,2,11,9,2,3,0,4,1,0,0,1,38,0,[1]
34499,2,1,7,12,0,7,1,4,0,1,0,0,38,0,[1]
28293,2,0,0,6,0,2,4,4,1,0,0,0,38,0,[1]
15910,1,2,15,10,2,0,5,2,0,0,0,0,38,0,[1]
4873,1,5,12,14,2,9,0,2,1,1,0,1,38,0,[1]
5854,2,3,11,9,2,3,0,4,1,0,0,0,38,0,[1]
13352,1,2,15,10,2,13,0,4,1,0,1,0,38,0,[1]
39844,1,2,12,14,4,3,1,4,1,0,0,0,38,0,[1]
5642,1,4,14,15,2,9,0,4,1,0,0,1,38,0,[1]
30818,1,2,12,14,4,3,1,4,0,1,0,0,38,0,[1]
3245,2,1,6,5,2,3,0,4,1,0,0,0,38,0,[1]
29600,1,2,15,10,2,3,0,4,1,0,0,1,38,0,[1]
4339,1,2,15,10,2,3,5,4,0,0,0,0,38,0,[1]
32148,1,1,12,14,2,9,0,4,1,0,0,1,38,0,[1]
36402,1,2,9,13,4,9,1,4,0,0,0,1,38,0,[1]
40402,0,2,9,13,2,11,0,4,1,0,0,0,28,0,[1]
15883,1,2,12,14,2,9,0,4,1,0,0,0,38,0,[1]
28280,0,3,11,9,2,3,0,4,1,0,0,0,38,0,[1]
427,1,5,1,7,4,10,3,4,1,0,0,0,38,0,[1]
4451,1,2,9,13,2,9,0,4,1,0,0,1,38,0,[1]
20477,0,4,11,9,2,11,0,4,1,0,0,1,38,0,[1]
17552,2,2,9,13,0,3,1,0,1,0,0,1,38,0,[1]
15098,2,4,9,13,2,9,0,4,1,0,0,0,38,0,[1]
26715,1,2,9,13,2,3,0,4,1,1,0,0,38,0,[1]
2641,1,4,15,10,2,4,0,4,1,0,1,1,38,0,[1]
38800,0,2,9,13,2,9,0,4,1,0,0,0,38,0,[1]
31189,1,0,9,13,4,3,1,4,0,0,0,1,38,0,[1]
38898,2,1,9,13,0,9,1,4,0,0,1,1,38,0,[1]
721,1,2,11,9,2,0,0,4,1,1,0,0,38,0,[1]
9749,1,3,11,9,2,3,0,4,1,0,0,1,38,0,[1]
18040,1,3,9,13,2,11,0,4,1,0,0,0,38,0,[1]
29576,1,2,11,9,2,6,0,4,1,1,0,0,38,0,[1]
44357,1,2,10,16,2,11,0,4,1,0,0,1,38,0,[1]
18169,1,2,11,9,2,11,0,4,1,1,0,0,3,0,[1]
19255,2,5,9,13,2,10,0,4,1,0,0,0,38,0,[1]
9633,2,2,11,9,0,11,1,4,1,1,0,0,38,0,[1]
25495,0,2,9,13,2,3,0,4,1,0,0,0,38,0,[1]
14587,1,2,7,12,2,6,0,4,1,0,0,1,38,0,[1]
27555,2,2,9,13,0,11,1,4,1,0,0,1,38,0,[1]
24921,1,2,7,12,2,9,0,4,1,0,0,0,38,0,[1]
10236,1,2,9,13,2,11,0,4,1,0,0,1,38,0,[1]
2562,2,4,12,14,0,3,1,4,0,0,0,1,17,0,[1]
15234,1,2,12,14,2,9,5,4,0,0,0,1,38,0,[1]
918,1,4,9,13,2,3,0,4,1,1,0,0,38,0,[1]
40097,0,2,9,13,2,11,2,4,1,0,0,0,38,0,[1]
26963,2,2,12,14,2,2,5,1,0,0,0,0,29,0,[1]
39781,2,1,11,9,2,2,0,4,1,1,0,0,38,0,[1]
26801,1,2,9,13,2,11,0,4,1,0,0,1,38,0,[1]
4775,1,1,9,13,2,10,0,4,1,0,1,0,38,0,[1]
20147,2,1,12,14,2,9,0,4,1,0,0,0,38,0,[1]
31593,2,1,9,13,2,3,0,4,1,0,0,0,38,0,[1]
33188,2,2,0,6,2,7,5,2,0,0,0,0,38,0,[1]
35884,1,2,15,10,2,7,0,2,1,0,0,1,38,0,[1]
7146,2,4,15,10,2,3,0,4,1,0,0,1,38,0,[1]
33021,2,4,2,8,2,2,0,4,1,0,0,0,38,0,[1]
41681,2,4,11,9,2,7,0,4,1,1,0,0,38,0,[1]
44770,1,5,11,9,2,3,0,4,1,0,0,0,38,0,[1]
19755,1,2,9,13,2,11,0,3,1,0,0,0,32,0,[1]
24532,1,2,8,11,2,2,0,2,1,0,0,0,38,0,[1]
37886,2,2,11,9,2,2,0,4,1,1,0,0,38,0,[1]
27591,1,4,9,13,2,11,0,4,1,0,0,1,38,0,[1]
25523,0,3,11,9,2,3,0,4,1,0,0,1,38,0,[1]
30939,0,4,11,9,2,2,0,4,1,0,0,1,17,0,[1]
33873,0,2,11,9,5,2,1,4,1,0,1,0,38,0,[1]
12426,1,2,12,14,2,3,0,4,1,0,0,0,38,0,[1]
40431,1,5,9,13,2,3,0,1,1,0,0,0,38,0,[1]
10057,1,2,12,14,2,3,0,4,1,0,0,1,38,0,[1]
28747,1,4,8,11,5,3,1,4,1,0,0,0,38,0,[1]
15903,1,2,12,14,2,9,5,1,0,0,0,1,34,0,[1]
29361,0,2,7,12,0,11,4,4,0,1,0,0,38,0,[1]
4511,0,2,9,13,2,9,0,4,1,0,0,0,38,0,[1]
25467,1,2,11,9,2,0,5,4,0,0,0,0,38,0,[1]
757,1,2,15,10,4,7,1,4,0,0,1,0,38,0,[1]
15240,1,0,9,13,2,12,0,4,1,0,0,0,38,0,[1]
31572,2,3,14,15,2,9,0,4,1,0,0,0,38,0,[1]
39410,0,2,9,13,2,11,0,4,1,0,0,1,38,0,[1]
10133,2,2,11,9,2,3,0,4,1,0,0,1,38,0,[1]
41350,1,2,11,9,2,0,5,4,0,0,0,0,38,0,[1]
16823,1,2,9,13,2,11,0,4,1,0,0,1,38,0,[1]
7299,1,4,9,13,2,3,0,4,1,0,0,1,38,0,[1]
34039,2,4,8,11,2,4,0,4,1,0,0,1,38,0,[1]
17885,1,2,9,13,2,11,0,4,1,0,0,0,38,0,[1]
2301,1,1,9,13,4,7,1,2,1,0,0,1,38,0,[1]
36377,1,2,9,13,2,9,0,4,1,0,0,1,38,0,[1]
34169,1,2,7,12,2,4,0,1,1,0,0,0,38,0,[1]
6741,1,2,15,10,2,6,0,2,1,0,1,0,38,0,[1]
12920,2,4,6,5,2,2,5,0,0,0,1,0,38,0,[1]
34838,2,2,9,13,2,11,0,4,1,0,0,0,38,0,[1]
21934,2,2,8,11,2,3,0,4,1,0,1,0,38,0,[1]
23629,1,1,12,14,2,9,0,4,1,0,0,1,38,0,[1]
21494,2,2,15,10,2,2,0,4,1,1,0,0,38,0,[1]
35453,2,5,10,16,2,9,0,4,1,0,0,0,38,0,[1]
30950,1,2,15,10,2,11,0,4,1,0,0,1,38,0,[1]
26048,1,0,15,10,0,10,3,4,1,0,0,1,38,0,[1]
45060,2,2,15,10,2,2,0,4,1,0,0,0,38,0,[1]
19555,2,1,12,14,6,9,4,4,0,1,0,1,38,0,[1]
41152,2,4,15,10,2,3,0,0,1,0,0,1,38,0,[1]
43280,1,2,15,10,2,3,0,4,1,0,0,1,38,0,[1]
32323,1,4,9,13,2,9,5,4,0,0,0,0,38,0,[1]
14728,1,3,15,10,2,3,0,4,1,0,0,0,38,0,[1]
28172,2,2,11,9,5,2,4,4,1,0,0,0,38,0,[1]
917,2,5,9,13,2,0,5,4,0,0,0,0,38,0,[1]
8400,1,4,8,11,2,11,0,4,1,0,0,0,38,0,[1]
35474,1,2,12,14,4,9,1,4,1,0,0,1,38,0,[1]
20469,0,1,7,12,2,10,0,4,1,1,0,0,38,0,[1]
13259,2,1,15,10,2,3,0,4,1,0,0,0,38,0,[1]
43489,1,2,7,12,4,9,4,2,0,1,0,1,38,0,[1]
32938,1,2,12,14,4,3,1,4,1,0,0,0,38,0,[1]
39451,1,2,0,6,2,7,0,1,1,0,0,1,18,0,[1]
16569,2,4,14,15,2,9,5,4,0,0,0,0,38,0,[1]
23220,1,2,15,10,4,9,1,2,0,0,0,0,38,0,[1]
41547,1,0,12,14,2,2,0,4,1,0,0,0,38,0,[1]
17687,1,2,9,13,2,9,0,4,1,0,0,1,38,0,[1]
25196,2,4,9,13,2,3,0,4,1,0,0,0,38,0,[1]
1228,1,2,8,11,2,12,0,4,1,0,0,0,38,0,[1]
26100,2,3,11,9,2,3,0,4,1,0,0,0,38,0,[1]
28677,1,2,10,16,2,3,0,4,1,0,0,1,38,0,[1]
33109,1,5,14,15,2,9,0,2,1,0,0,0,38,0,[1]
16840,2,2,9,13,2,3,0,4,1,0,0,0,38,0,[1]
7218,1,1,12,14,2,9,0,4,1,0,0,1,38,0,[1]
3621,2,2,15,10,2,3,0,4,1,1,0,0,38,0,[1]
5885,2,2,11,9,2,12,0,4,1,0,0,0,38,0,[1]
31557,2,1,12,14,0,9,1,4,0,0,0,0,38,0,[1]
21122,1,3,15,10,2,3,0,4,1,0,0,0,38,0,[1]
26291,2,2,11,9,2,3,0,4,1,0,0,0,38,0,[1]
18728,0,2,5,4,2,2,0,4,1,0,0,0,38,0,[1]
8930,1,2,15,10,2,11,0,4,1,0,0,1,38,0,[1]
22938,2,3,15,10,2,3,0,4,1,0,0,0,38,0,[1]
35823,1,2,15,10,0,13,1,2,0,0,0,0,38,0,[1]
38794,2,2,15,10,2,2,0,4,1,0,0,0,38,0,[1]
41403,1,2,11,9,2,2,0,4,1,0,1,0,38,0,[1]
22237,0,2,9,13,2,3,0,4,1,0,0,0,38,0,[1]
2223,1,2,15,10,2,12,0,4,1,0,0,0,38,0,[1]
22653,1,2,15,10,2,12,0,4,1,0,0,0,38,0,[1]
31095,2,4,10,16,0,3,1,4,0,0,0,0,38,0,[1]
4117,1,4,11,9,4,7,1,4,0,0,1,0,38,0,[1]
12983,0,0,11,9,2,0,0,4,1,0,0,0,38,0,[1]
34730,1,2,11,9,2,0,5,4,0,0,0,0,38,0,[1]
18729,2,2,9,13,2,11,0,4,1,0,0,0,38,0,[1]
21604,0,2,14,15,2,9,0,4,1,0,0,1,38,0,[1]
11768,0,2,9,13,2,11,0,4,1,0,0,0,38,0,[1]
21329,1,2,15,10,2,2,0,4,1,1,0,0,38,0,[1]
734,1,2,8,11,2,12,0,4,1,0,0,0,38,0,[1]
43860,0,2,9,13,4,3,4,1,1,0,0,1,39,0,[1]
4466,1,2,15,10,2,3,0,4,1,0,0,1,38,0,[1]
11136,1,2,11,9,2,2,0,4,1,0,1,0,38,0,[1]
38988,1,1,12,14,2,9,0,4,1,0,0,1,38,0,[1]
38638,2,3,15,10,2,3,0,4,1,0,1,0,38,0,[1]
2015,1,2,11,9,2,0,0,4,1,0,0,1,38,0,[1]
19967,1,2,15,10,2,5,0,4,1,0,1,0,38,0,[1]
3811,1,2,9,13,2,9,5,4,0,0,0,0,38,0,[1]
6845,2,3,9,13,2,3,0,4,1,1,0,1,38,0,[1]
32006,1,5,11,9,2,0,5,4,0,0,0,0,38,0,[1]
21770,1,2,10,16,2,9,5,4,0,0,0,0,38,0,[1]
13262,0,2,9,13,2,9,0,4,1,0,0,1,38,0,[1]
42213,2,1,12,14,0,3,1,4,0,0,0,0,38,0,[1]
36480,1,1,9,13,2,9,0,4,1,0,0,0,38,0,[1]
1154,1,5,9,13,2,9,5,4,0,0,0,0,38,0,[1]
29054,1,1,9,13,4,3,3,4,1,1,0,0,38,0,[1]
15073,1,2,7,12,4,11,1,2,1,0,0,1,38,0,[1]
30198,1,5,9,13,2,9,0,4,1,0,0,0,38,0,[1]
14980,1,4,15,10,2,2,0,4,1,1,0,0,38,0,[1]
38018,1,2,11,9,2,0,5,4,0,0,0,0,38,0,[1]
23789,1,4,11,9,2,6,5,4,0,0,0,0,38,0,[1]
12483,0,2,9,13,2,11,0,4,1,0,0,0,38,0,[1]
29782,2,0,11,9,2,0,0,4,1,0,0,0,38,0,[1]
11149,1,4,9,13,0,3,1,4,0,0,0,0,38,0,[1]
8736,1,2,15,10,2,6,5,4,0,0,0,0,38,0,[1]
25916,2,3,11,9,2,11,0,4,1,0,0,1,38,0,[1]
4959,1,2,15,10,2,13,0,4,1,1,0,0,38,0,[1]
2051,0,1,15,10,2,10,0,4,1,0,0,1,38,0,[1]
4398,1,2,11,9,0,5,1,4,1,0,1,0,38,0,[1]
36086,1,2,8,11,2,2,0,4,1,1,0,0,38,0,[1]
19828,2,2,9,13,2,11,0,4,1,0,1,0,38,0,[1]
16326,1,2,9,13,0,3,4,4,0,0,0,0,1,0,[1]
42819,1,2,9,13,2,9,0,4,1,0,0,0,38,0,[1]
44051,1,2,15,10,2,11,0,4,1,0,1,1,38,0,[1]
44877,2,4,11,9,4,9,1,4,1,0,0,1,38,0,[1]
43357,1,4,15,10,2,0,5,4,0,0,0,0,38,0,[1]
6895,2,4,15,10,2,11,0,4,1,1,0,0,38,0,[1]
14582,0,1,15,10,2,2,0,4,1,1,0,1,10,0,[1]
19032,1,1,15,10,2,11,0,4,1,0,0,0,38,0,[1]
31035,2,1,15,10,0,2,4,4,1,0,0,0,38,0,[1]
9232,2,4,9,13,0,11,1,4,1,1,0,0,38,0,[1]
20059,1,2,9,13,2,2,0,4,1,0,0,0,38,0,[1]
30444,2,2,9,13,0,3,4,4,1,0,0,0,38,0,[1]
42162,1,3,9,13,2,3,0,4,1,0,0,1,38,0,[1]
39280,0,5,12,14,2,3,5,4,0,0,0,0,38,0,[1]
25847,1,3,8,11,2,11,0,4,1,0,0,1,38,0,[1]
20106,1,2,9,13,4,0,4,2,0,1,0,0,38,0,[1]
11773,2,5,11,9,2,3,0,4,1,1,0,0,38,0,[1]
18802,1,2,11,9,2,11,0,4,1,1,0,0,38,0,[1]
20944,1,2,9,13,2,3,0,4,1,0,0,0,38,0,[1]
33681,2,4,7,12,2,3,0,4,1,0,0,0,38,0,[1]
8344,1,4,12,14,2,3,0,4,1,0,0,0,38,0,[1]
28125,1,0,9,13,2,9,0,4,1,0,0,0,38,0,[1]
11159,1,2,6,5,2,3,5,4,0,0,0,0,38,0,[1]
10833,1,2,15,10,2,0,5,2,0,0,0,0,38,0,[1]
6910,1,1,11,9,2,13,0,4,1,0,0,1,38,0,[1]
11366,2,3,11,9,2,2,5,4,0,0,0,0,38,0,[1]
24815,0,2,9,13,2,9,0,4,1,0,0,0,38,0,[1]
40587,0,2,5,4,2,2,0,4,1,0,0,0,38,0,[1]
43071,1,2,15,10,5,2,1,4,1,0,1,1,38,0,[1]
40207,2,4,9,13,4,4,3,4,1,0,0,1,38,0,[1]
6938,1,2,11,9,2,2,0,4,1,1,0,0,38,0,[1]
34325,2,2,15,10,2,3,0,4,1,0,0,0,38,0,[1]
42116,1,4,11,9,2,9,0,4,1,0,0,0,38,0,[1]
13951,1,2,12,14,0,11,1,4,1,0,0,1,38,0,[1]
34078,0,2,11,9,0,7,1,4,1,1,0,0,38,0,[1]
12325,1,4,9,13,2,3,0,4,1,0,0,1,38,0,[1]
16135,2,4,14,15,2,9,0,4,1,0,0,0,38,0,[1]
15329,1,2,9,13,2,9,0,4,1,0,0,0,38,0,[1]
20039,1,2,14,15,0,9,1,4,0,1,0,1,38,0,[1]
7009,2,3,15,10,2,3,5,4,0,0,0,0,38,0,[1]
30185,1,2,12,14,2,9,5,4,0,0,0,0,38,0,[1]
42239,1,3,11,9,2,3,0,4,1,0,0,1,38,0,[1]
37523,1,2,8,11,2,12,0,4,1,0,0,0,38,0,[1]
4650,2,5,15,10,0,2,1,4,1,0,0,0,10,0,[1]
5726,2,2,11,9,2,6,0,0,1,0,0,0,38,0,[1]
19689,2,2,11,9,2,3,0,4,1,0,0,0,38,0,[1]
32294,2,2,8,11,2,12,0,4,1,0,0,0,38,0,[1]
27607,2,2,9,13,2,11,5,4,0,0,0,0,38,0,[1]
8035,2,2,15,10,2,3,0,4,1,0,1,0,38,0,[1]
41851,1,2,9,13,2,9,0,4,1,0,0,0,38,0,[1]
42549,0,0,15,10,4,9,1,4,0,0,1,0,38,0,[1]
23106,1,2,11,9,2,3,0,4,1,0,1,0,38,0,[1]
4484,1,4,15,10,2,6,5,4,0,0,0,0,38,0,[1]
30257,1,2,15,10,2,0,0,2,1,0,0,0,38,0,[1]
29467,1,2,9,13,2,7,5,4,0,0,0,0,38,0,[1]
6252,2,2,12,14,2,9,0,4,1,0,0,0,38,0,[1]
32449,1,2,11,9,4,9,3,4,1,0,0,0,38,0,[1]
25765,0,2,15,10,2,0,5,2,0,0,1,0,38,0,[1]
44927,1,5,9,13,0,10,1,4,1,0,0,0,38,0,[1]
19292,1,2,12,14,4,3,1,4,1,0,0,0,38,0,[1]
15714,0,2,9,13,2,9,0,4,1,0,0,0,38,0,[1]
38320,2,1,12,14,0,9,1,4,0,0,0,0,38,0,[1]
33230,1,1,8,11,2,10,0,4,1,0,0,0,38,0,[1]
19418,2,2,9,13,0,11,1,2,0,0,0,1,38,0,[1]
17932,0,2,9,13,4,3,3,4,1,0,0,1,38,0,[1]
2970,1,2,9,13,2,9,0,4,1,0,0,0,38,0,[1]
40682,1,2,9,13,4,11,3,1,1,0,1,0,34,0,[1]
14622,2,1,9,13,2,10,0,1,1,0,0,1,29,0,[1]
5172,1,2,10,16,2,9,0,4,1,0,0,1,38,0,[1]
24133,2,0,11,9,2,0,0,4,1,0,0,0,38,0,[1]
23685,0,2,5,4,2,6,0,4,1,0,0,0,25,0,[1]
39845,2,2,15,10,2,11,0,4,1,1,0,1,38,0,[1]
6144,2,4,10,16,0,9,1,4,0,0,0,0,38,0,[1]
22257,1,4,9,13,2,9,0,1,1,0,0,0,34,0,[1]
11365,1,1,15,10,2,10,0,4,1,0,0,0,38,0,[1]
15939,2,2,15,10,2,3,0,4,1,0,0,0,38,0,[1]
15373,1,2,12,14,4,9,1,4,1,0,0,1,38,0,[1]
41342,2,1,15,10,0,7,1,4,1,0,0,0,38,0,[1]
17411,1,2,15,10,2,0,5,4,0,1,0,0,38,0,[1]
8834,1,2,12,14,2,11,0,4,1,0,0,1,38,0,[1]
30580,1,2,8,11,2,2,0,2,1,0,0,0,38,0,[1]
43146,2,2,15,10,0,11,1,4,1,0,0,1,38,0,[1]
25585,1,3,11,9,2,3,0,4,1,0,0,1,38,0,[1]
37107,2,1,6,5,2,7,5,4,0,0,0,0,38,0,[1]
24827,1,0,11,9,2,13,0,4,1,0,1,0,38,0,[1]
8385,1,3,11,9,2,11,0,4,1,0,0,0,38,0,[1]
12850,1,5,7,12,2,12,0,4,1,0,0,0,38,0,[1]
19339,2,4,15,10,2,3,0,4,1,0,0,0,38,0,[1]
29121,2,2,9,13,2,3,0,4,1,0,0,0,38,0,[1]
9197,1,2,12,14,4,9,1,4,1,0,0,1,38,0,[1]
37070,2,2,15,10,2,3,5,4,0,0,0,0,38,0,[1]
27803,2,4,11,9,2,4,0,4,1,0,1,0,38,0,[1]
16763,0,2,9,13,0,2,4,4,1,0,0,1,38,0,[1]
25477,1,0,11,9,2,0,0,4,1,0,0,0,38,0,[1]
28941,2,2,11,9,4,6,1,4,0,0,1,0,38,0,[1]
41381,1,2,11,9,2,6,5,4,0,0,0,0,25,0,[1]
27674,1,2,15,10,2,0,5,4,0,0,0,0,5,0,[1]
19138,0,3,15,10,4,11,1,4,1,0,0,0,38,0,[1]
727,1,5,11,9,2,10,2,4,0,0,0,0,38,0,[1]
33833,1,2,11,9,2,3,0,4,1,1,0,0,38,0,[1]
21391,1,2,12,14,4,3,1,1,1,0,0,0,38,0,[1]
14849,2,2,15,10,0,3,4,4,1,0,0,1,38,0,[1]
2575,0,2,0,6,1,7,5,4,0,0,0,0,38,0,[1]
10714,2,5,11,9,3,13,1,4,0,0,0,1,38,0,[1]
41553,2,2,15,10,2,2,0,4,1,1,0,0,38,0,[1]
21608,1,2,12,14,0,9,4,4,0,1,0,1,38,0,[1]
20912,2,2,9,13,2,6,0,4,1,0,0,0,38,0,[1]
27792,1,2,11,9,2,2,0,2,1,1,0,0,38,0,[1]
42893,2,2,11,9,6,9,4,4,0,0,0,0,38,0,[1]
43979,1,2,8,11,2,9,0,4,1,0,0,0,38,0,[1]
42683,1,1,9,13,2,9,5,4,0,0,0,0,38,0,[1]
36551,2,5,1,7,2,13,0,4,1,0,0,0,38,0,[1]
9273,2,1,3,2,6,4,1,1,1,1,0,0,29,0,[1]
6272,1,1,15,10,2,10,0,4,1,0,0,0,38,0,[1]
7283,1,2,8,11,2,9,0,4,1,0,0,0,38,0,[1]
42925,1,2,15,10,2,2,0,4,1,1,0,1,7,0,[1]
22580,2,1,11,9,2,3,5,4,0,0,0,0,38,0,[1]
17221,1,4,8,11,2,12,0,4,1,0,0,1,38,0,[1]
32459,1,4,11,9,0,11,1,4,1,1,0,0,38,0,[1]
3719,1,2,15,10,2,11,0,1,1,0,0,1,38,0,[1]
16616,1,2,15,10,2,11,0,4,1,0,0,1,38,0,[1]
4105,1,5,9,13,2,3,0,1,1,0,0,0,29,0,[1]
29543,1,2,15,10,2,2,0,2,1,0,0,0,38,0,[1]
40620,1,2,8,11,2,0,0,4,1,1,0,0,38,0,[1]
44746,1,2,3,2,2,7,5,1,0,0,0,0,39,0,[1]
13462,0,2,9,13,2,11,0,4,1,0,0,1,38,0,[1]
3715,2,2,12,14,2,9,0,4,1,0,0,0,38,0,[1]
29294,0,2,8,11,2,12,0,4,1,0,0,0,38,0,[1]
26075,1,2,9,13,2,9,1,4,1,0,0,1,38,0,[1]
41135,1,1,9,13,2,9,0,4,1,0,0,0,38,0,[1]
36847,2,2,9,13,4,9,1,4,0,0,0,1,1,0,[1]
22892,0,2,8,11,2,12,0,4,1,0,0,0,38,0,[1]
33660,2,6,11,9,2,13,0,4,1,1,0,0,38,0,[1]
38327,1,5,11,9,2,9,0,4,1,0,0,0,38,0,[1]
30659,1,2,12,14,2,9,0,4,1,0,0,1,38,0,[1]
16444,2,5,11,9,2,3,0,4,1,0,0,0,38,0,[1]
27955,2,4,9,13,6,9,1,4,0,0,1,0,17,0,[1]
42374,1,2,15,10,2,11,0,4,1,0,0,1,38,0,[1]
44313,2,2,9,13,2,3,0,4,1,0,0,1,38,0,[1]
4682,1,2,12,14,2,9,0,4,1,0,0,1,38,0,[1]
42181,1,3,15,10,2,11,0,4,1,0,0,1,38,0,[1]
1830,2,4,7,12,2,3,0,4,1,0,0,1,38,0,[1]
16424,1,2,0,6,2,4,0,4,1,1,0,0,25,0,[1]
40581,1,3,9,13,2,11,0,4,1,0,0,1,38,0,[1]
31156,0,2,9,13,2,3,0,4,1,0,0,0,38,0,[1]
13407,1,2,10,16,2,9,0,4,1,0,0,0,38,0,[1]
35674,1,4,15,10,2,3,0,4,1,0,0,0,38,0,[1]
21423,2,2,11,9,2,9,0,4,1,1,0,0,38,0,[1]
33107,1,2,9,13,2,3,0,4,1,0,0,0,38,0,[1]
42193,1,2,9,13,2,3,0,4,1,0,0,1,38,0,[1]
14829,1,2,11,9,2,11,0,2,1,0,0,0,38,0,[1]
938,0,2,9,13,2,11,0,4,1,0,0,0,38,0,[1]
6314,1,2,11,9,2,6,0,4,1,1,0,0,38,0,[1]
29485,1,2,11,9,5,2,4,4,1,0,0,0,38,0,[1]
6236,2,2,11,9,2,6,0,4,1,0,0,1,38,0,[1]
23687,1,2,11,9,2,11,0,4,1,0,0,0,6,0,[1]
36030,1,2,9,13,4,3,1,4,1,1,0,0,38,0,[1]
10395,1,2,11,9,2,0,5,4,0,0,0,0,38,0,[1]
17342,1,2,15,10,2,11,0,4,1,0,0,1,38,0,[1]
22964,0,2,5,4,5,7,3,4,1,0,0,1,25,0,[1]
44752,1,2,11,9,2,11,0,4,1,1,0,0,38,0,[1]
21039,1,1,9,13,2,9,0,4,1,0,0,0,38,0,[1]
33729,2,4,15,10,2,3,0,2,1,0,0,0,38,0,[1]
34961,0,2,11,9,2,9,0,4,1,0,0,0,38,0,[1]
23757,2,2,15,10,2,3,0,4,1,0,0,0,38,0,[1]
5692,2,3,11,9,2,2,0,4,1,0,0,0,1,0,[1]
33369,1,2,11,9,2,2,0,4,1,1,0,0,38,0,[1]
1296,1,2,15,10,4,2,2,0,1,0,0,0,38,0,[1]
7678,1,2,9,13,2,3,0,4,1,0,0,1,8,0,[1]
15880,0,2,8,11,2,0,5,1,0,0,0,0,18,0,[1]
25045,0,2,15,10,4,9,2,2,0,1,0,0,38,0,[1]
20071,1,2,15,10,4,0,2,4,1,0,0,0,38,0,[1]
38558,1,2,9,13,2,3,0,4,1,0,0,0,38,0,[1]
29406,2,4,14,15,2,9,0,4,1,0,0,0,38,0,[1]
9351,2,2,11,9,2,3,0,4,1,0,0,0,38,0,[1]
32682,2,4,4,3,2,4,0,4,1,1,0,0,38,0,[1]
25030,1,2,15,10,0,13,1,4,1,1,0,0,38,0,[1]
1686,2,0,8,11,6,0,4,2,0,0,0,0,38,0,[1]
1796,1,2,11,9,2,2,0,4,1,1,0,0,38,0,[1]
28075,0,2,11,9,2,0,5,4,0,1,0,0,38,0,[1]
20656,2,2,6,5,2,12,5,4,0,0,0,0,38,0,[1]
8967,1,5,9,13,2,9,0,4,1,0,0,0,38,0,[1]
2769,2,2,15,10,0,11,1,4,1,0,0,1,38,0,[1]
1407,1,2,11,9,2,2,0,4,1,1,0,0,38,0,[1]
18431,1,2,12,14,2,9,0,3,1,0,0,1,38,0,[1]
16346,2,2,7,12,2,12,0,4,1,0,0,0,38,0,[1]
42147,1,5,14,15,2,9,0,4,1,0,0,1,38,0,[1]
42873,0,4,9,13,4,3,1,4,1,0,0,1,38,0,[1]
5987,1,2,9,13,2,11,0,4,1,0,0,1,38,0,[1]
8684,1,3,11,9,4,9,4,4,0,0,0,0,38,0,[1]
43772,0,4,9,13,3,2,1,4,1,1,0,1,38,0,[1]
37614,1,2,15,10,0,3,4,2,1,0,0,1,38,0,[1]
31242,1,2,11,9,2,6,5,4,0,0,0,0,26,0,[1]
822,1,2,9,13,2,3,0,4,1,0,0,0,38,0,[1]
3185,1,3,9,13,2,9,0,4,1,0,0,0,38,0,[1]
20010,1,2,9,13,2,3,0,4,1,0,0,0,38,0,[1]
8205,1,2,12,14,2,2,0,4,1,0,0,1,30,0,[1]
41190,1,2,11,9,2,9,0,4,1,1,0,0,38,0,[1]
28084,1,2,9,13,2,12,0,4,1,0,0,0,38,0,[1]
28000,1,2,11,9,2,3,0,4,1,0,0,1,38,0,[1]
3028,1,2,12,14,4,9,1,2,1,0,0,1,38,0,[1]
13177,1,2,11,9,2,0,5,4,0,0,0,0,38,0,[1]
14110,1,2,15,10,2,11,0,4,1,0,0,1,38,0,[1]
30976,2,2,11,9,5,6,1,4,1,1,0,0,4,0,[1]
11585,2,1,12,14,4,9,1,4,0,0,0,1,38,0,[1]
5007,0,2,9,13,2,9,0,4,1,0,0,0,38,0,[1]
41177,1,3,15,10,2,3,0,4,1,0,0,1,38,0,[1]
25193,2,1,15,10,2,2,0,4,1,0,0,0,38,0,[1]
3440,1,2,1,7,2,2,0,4,1,1,0,0,38,0,[1]
2328,0,5,9,13,2,10,0,4,1,0,0,0,38,0,[1]
5451,2,4,11,9,2,2,5,4,0,0,0,0,38,0,[1]
36185,2,4,11,9,2,7,0,4,1,0,0,1,38,0,[1]
25009,1,2,11,9,2,0,5,4,0,0,0,0,38,0,[1]
36492,0,2,14,15,0,9,1,4,0,0,0,0,38,0,[1]
19,0,2,9,13,2,9,0,4,1,0,0,0,38,0,[1]
39434,1,2,8,11,2,0,0,4,1,1,0,0,38,0,[1]
30741,1,4,7,12,0,2,3,0,1,0,0,0,38,0,[1]
14429,2,2,5,4,6,8,1,4,0,0,1,1,32,0,[1]
24795,2,1,7,12,2,3,0,4,1,0,0,0,38,0,[1]
28607,0,2,11,9,2,11,5,4,0,1,0,0,38,0,[1]
44178,0,2,11,9,2,12,5,4,0,0,0,0,38,0,[1]
34667,1,3,9,13,0,9,4,4,1,1,0,0,38,0,[1]
10944,2,2,10,16,2,9,0,4,1,0,0,0,38,0,[1]
20872,0,2,9,13,2,9,0,4,1,1,0,0,10,0,[1]
42896,1,2,7,12,2,9,0,4,1,0,0,0,38,0,[1]
16320,1,3,9,13,2,11,0,4,1,0,0,1,38,0,[1]
29454,0,3,15,10,4,3,1,4,1,0,0,0,38,0,[1]
36924,0,2,15,10,2,10,2,4,1,0,0,0,38,0,[1]
7079,1,1,15,10,2,10,0,4,1,0,0,0,38,0,[1]
24379,0,4,5,4,2,4,0,4,1,0,0,1,38,0,[1]
25877,2,2,15,10,2,2,0,4,1,0,0,0,38,0,[1]
18002,1,2,9,13,2,11,5,4,0,0,0,0,38,0,[1]
42130,1,3,7,12,2,11,0,4,1,0,0,1,38,0,[1]
33448,1,0,15,10,2,0,5,4,0,0,0,0,38,0,[1]
25151,0,3,15,10,2,3,0,4,1,0,0,1,38,0,[1]
30451,1,2,9,13,4,12,1,1,0,1,0,0,38,0,[1]
27082,0,2,8,11,2,7,2,4,0,1,0,0,38,0,[1]
42326,1,1,11,9,2,6,0,4,1,0,0,0,38,0,[1]
11392,1,2,9,13,4,0,1,2,0,0,0,0,38,0,[1]
43654,2,2,11,9,2,6,0,4,1,1,0,0,38,0,[1]
2578,2,3,15,10,2,2,0,4,1,0,0,1,38,0,[1]
13949,0,2,9,13,2,11,0,4,1,0,0,0,38,0,[1]
31100,1,1,15,10,2,10,0,4,1,0,0,0,38,0,[1]
15172,1,2,9,13,2,3,0,4,1,0,0,1,38,0,[1]
13143,0,2,7,12,4,9,3,4,0,1,0,0,38,0,[1]
39155,1,0,15,10,2,0,0,4,1,0,0,0,38,0,[1]
42680,2,4,9,13,2,3,0,4,1,0,0,0,38,0,[1]
37872,1,2,1,7,2,0,5,4,0,0,0,0,38,0,[1]
43080,2,4,15,10,2,3,0,4,1,0,0,0,38,0,[1]
18197,1,1,11,9,5,3,4,4,1,0,0,0,38,0,[1]
27632,1,3,9,13,4,9,1,3,1,0,0,1,38,0,[1]
22696,2,1,10,16,4,9,1,4,0,0,0,1,38,0,[1]
27998,1,1,9,13,2,9,3,4,1,0,0,0,38,0,[1]
36136,0,2,9,13,2,3,0,4,1,0,0,0,38,0,[1]
40745,1,2,15,10,4,7,1,4,1,1,0,0,38,0,[1]
13909,1,2,15,10,2,2,0,4,1,0,0,0,28,0,[1]
25666,0,2,9,13,2,9,0,4,1,0,0,1,38,0,[1]
1359,1,1,12,14,2,9,0,4,1,0,0,0,38,0,[1]
44686,1,2,11,9,2,13,3,4,1,0,0,0,38,0,[1]
6811,1,2,9,13,2,9,0,4,1,0,0,0,38,0,[1]
41218,1,2,9,13,0,3,4,2,0,0,0,1,38,0,[1]
9585,1,0,7,12,0,9,4,2,0,0,0,0,38,0,[1]
389,0,2,8,11,5,0,4,2,0,1,0,0,38,0,[1]
37701,2,5,7,12,0,0,3,1,1,0,0,0,38,0,[1]
22934,2,2,8,11,2,5,0,4,1,0,0,0,11,0,[1]
9714,0,2,9,13,2,3,0,4,1,0,0,0,38,0,[1]
37483,1,2,9,13,2,9,0,4,1,0,0,0,38,0,[1]
38639,2,2,11,9,2,3,0,4,1,0,0,0,38,0,[1]
1308,2,3,10,16,2,9,0,4,1,0,1,1,38,0,[1]
28359,1,2,15,10,2,11,0,4,1,0,0,1,38,0,[1]
19089,1,2,11,9,4,9,1,4,1,0,0,1,38,0,[1]
27475,1,2,11,9,2,0,0,4,1,1,0,0,38,0,[1]
25965,1,1,11,9,2,13,0,4,1,0,0,1,38,0,[1]
31840,2,2,15,10,6,3,1,4,1,1,0,1,38,0,[1]
27828,2,2,9,13,2,3,0,4,1,0,1,1,38,0,[1]
22500,1,2,9,13,0,11,4,2,1,0,0,0,38,0,[1]
42495,2,2,7,12,2,3,0,4,1,0,0,0,38,0,[1]
33040,2,3,15,10,6,11,1,4,0,0,0,0,38,0,[1]
11756,1,2,11,9,2,2,0,4,1,0,0,0,21,0,[1]
662,1,2,9,13,2,12,0,4,1,0,0,0,38,0,[1]
7974,1,1,15,10,2,10,0,4,1,0,0,0,38,0,[1]
39516,1,1,11,9,2,7,0,2,1,1,0,0,38,0,[1]
12046,1,2,10,16,2,0,0,4,1,0,0,0,38,0,[1]
33431,2,2,12,14,6,0,4,4,0,0,0,0,38,0,[1]
10364,1,2,11,9,2,3,0,4,1,0,0,1,38,0,[1]
32412,1,2,9,13,2,9,0,2,1,0,0,0,38,0,[1]
36046,1,3,9,13,0,11,1,4,1,0,0,1,38,0,[1]
2491,2,5,12,14,2,9,5,4,0,0,0,0,38,0,[1]
26561,1,3,15,10,2,3,0,4,1,0,0,1,38,0,[1]
13601,1,2,15,10,0,13,4,4,1,0,0,0,8,0,[1]
7586,2,2,9,13,2,0,0,4,1,0,1,0,38,0,[1]
12893,0,2,9,13,2,11,0,4,1,0,0,0,38,0,[1]
20805,2,2,11,9,2,3,0,4,1,0,0,1,38,0,[1]
2920,2,2,11,9,0,5,1,4,1,0,1,0,38,0,[1]
8836,2,2,15,10,2,2,0,4,1,0,0,0,38,0,[1]
42885,2,4,15,10,2,12,0,4,1,0,0,0,38,0,[1]
74,0,2,15,10,5,7,1,4,1,0,1,0,38,0,[1]
29837,1,2,11,9,2,0,5,4,0,0,0,0,38,0,[1]
6921,2,2,9,13,4,3,1,4,1,0,0,0,38,0,[1]
4737,1,4,9,13,2,3,0,4,1,0,0,1,38,0,[1]
21295,0,2,15,10,0,0,3,4,0,0,0,1,38,0,[1]
38127,1,4,9,13,0,3,4,4,1,0,0,1,38,0,[1]
28653,1,4,11,9,2,9,0,4,1,0,0,1,38,0,[1]
2979,1,1,12,14,2,9,0,4,1,0,0,0,38,0,[1]
14075,0,2,14,15,2,9,0,1,1,0,0,0,35,0,[1]
36045,0,3,8,11,4,2,1,4,1,0,0,1,38,0,[1]
22945,1,2,11,9,2,10,0,4,1,1,0,0,38,0,[1]
4987,1,1,12,14,2,9,0,4,1,0,0,0,38,0,[1]
15853,1,2,1,7,2,3,0,4,1,0,0,1,38,0,[1]
4728,1,2,0,6,2,7,0,4,1,0,0,1,25,0,[1]
22361,1,2,5,4,2,6,0,4,1,0,0,0,25,0,[1]
3271,2,2,11,9,2,9,5,4,0,0,0,0,38,0,[1]
16754,1,2,9,13,2,2,5,4,0,0,0,0,38,0,[1]
3264,0,3,9,13,4,3,3,4,1,0,0,1,38,0,[1]
33795,1,5,10,16,4,9,1,4,0,0,0,1,38,0,[1]
646,1,4,1,7,0,7,1,4,0,0,0,0,38,0,[1]
44597,1,1,9,13,2,9,5,4,0,0,0,0,38,0,[1]
7724,1,2,8,11,2,2,0,4,1,0,0,1,30,0,[1]
39521,1,2,9,13,2,11,0,4,1,0,0,0,38,0,[1]
43363,0,2,12,14,2,11,0,4,1,0,0,0,38,0,[1]
40027,1,2,15,10,2,11,0,4,1,0,0,1,38,0,[1]
15724,1,2,11,9,2,2,0,4,1,0,1,1,38,0,[1]
4099,0,2,9,13,2,12,5,4,0,1,0,0,38,0,[1]
19332,1,2,11,9,2,9,0,0,1,0,0,0,38,0,[1]
20431,1,2,15,10,2,2,0,4,1,1,0,0,38,0,[1]
43478,0,2,9,13,2,11,0,4,1,0,0,0,38,0,[1]
28377,2,3,11,9,2,0,0,4,1,0,0,0,38,0,[1]
40407,2,2,11,9,2,11,0,2,1,0,1,0,38,0,[1]
34695,2,2,9,13,0,11,1,4,1,0,0,1,38,0,[1]
41763,1,4,15,10,2,3,0,4,1,0,0,0,38,0,[1]
43185,1,4,9,13,2,3,0,1,1,0,0,1,34,0,[1]
23516,2,2,15,10,2,11,5,4,0,0,0,0,38,0,[1]
43007,1,1,15,10,2,10,0,4,1,0,0,0,38,0,[1]
22827,1,2,9,13,4,11,1,4,1,1,0,1,38,0,[1]
27663,1,2,0,6,5,3,1,2,1,1,0,1,38,0,[1]
39631,1,2,9,13,2,3,0,4,1,0,0,0,38,0,[1]
36555,1,5,10,16,2,9,0,4,1,0,0,0,38,0,[1]
44400,1,2,11,9,0,9,3,4,0,0,0,0,38,0,[1]
11350,1,2,9,13,2,3,0,4,1,0,0,1,38,0,[1]
25693,2,4,15,10,2,3,0,4,1,0,0,0,38,0,[1]
31882,0,2,11,9,2,6,0,4,1,0,1,0,38,0,[1]
10791,0,2,15,10,0,7,3,4,1,1,0,0,38,0,[1]
2206,2,5,14,15,2,3,0,4,1,1,0,0,38,0,[1]
31996,1,3,11,9,2,11,0,4,1,0,0,0,38,0,[1]
438,1,2,15,10,1,11,5,4,0,0,0,0,38,0,[1]
27887,2,4,15,10,0,2,4,4,1,0,0,0,38,0,[1]
13746,2,5,12,14,2,9,0,4,1,0,0,0,38,0,[1]
22622,1,2,9,13,2,9,0,4,1,0,0,1,38,0,[1]
30191,1,5,9,13,4,9,3,4,1,0,0,1,38,0,[1]
15693,1,2,12,14,4,3,1,4,1,0,0,0,5,0,[1]
25705,1,2,11,9,2,11,0,4,1,1,0,0,38,0,[1]
17590,1,2,15,10,5,3,1,2,1,0,0,0,38,0,[1]
28744,0,2,11,9,2,9,0,4,1,0,0,0,38,0,[1]
18571,1,2,8,11,2,7,5,0,0,0,0,0,25,0,[1]
30221,1,1,12,14,2,9,0,2,1,0,0,0,38,0,[1]
41645,2,1,12,14,0,9,1,4,0,0,0,0,38,0,[1]
9906,1,4,1,7,2,11,5,4,0,0,0,0,38,0,[1]
38174,2,0,11,9,0,0,1,4,1,0,0,0,38,0,[1]
19589,1,1,15,10,2,9,0,4,1,0,0,0,38,0,[1]
8122,1,4,15,10,3,3,1,4,1,0,0,1,9,0,[1]
13765,2,4,9,13,2,3,0,4,1,0,0,0,38,0,[1]
9671,1,2,9,13,2,2,0,2,1,0,0,0,38,0,[1]
22971,1,2,11,9,2,0,5,4,0,0,0,0,38,0,[1]
27993,0,2,1,7,4,13,1,4,1,0,0,1,38,0,[1]
26595,1,0,11,9,2,0,0,4,1,0,0,0,38,0,[1]
33893,2,2,12,14,0,11,1,4,1,0,0,0,38,0,[1]
43542,0,5,9,13,2,9,0,4,1,0,0,0,38,0,[1]
37469,1,0,9,13,2,9,0,1,1,0,0,0,38,0,[1]
31860,1,2,11,9,2,0,0,4,1,0,0,1,38,0,[1]
44103,2,4,15,10,2,3,0,4,1,0,0,1,38,0,[1]
7527,1,0,11,9,2,0,5,4,0,0,0,0,38,0,[1]
483,1,2,9,13,2,3,0,4,1,0,0,0,38,0,[1]
20002,1,5,9,13,2,9,0,4,1,0,0,0,38,0,[1]
5857,1,2,9,13,3,3,1,4,1,1,0,1,38,0,[1]
21018,1,2,11,9,5,9,4,4,0,0,0,0,38,0,[1]
38662,1,2,7,12,2,3,0,4,1,0,0,0,32,0,[1]
36547,0,2,9,13,6,3,1,4,0,0,0,1,38,0,[1]
25815,1,2,9,13,2,11,0,4,1,0,0,0,38,0,[1]
3212,1,2,8,11,2,2,0,2,1,0,0,1,38,0,[1]
19757,1,2,12,14,2,9,0,4,1,0,0,1,38,0,[1]
26873,1,1,12,14,2,9,5,4,0,0,0,0,38,0,[1]
37371,0,2,9,13,2,3,0,4,1,0,0,0,38,0,[1]
964,2,0,0,6,2,5,0,2,1,1,0,0,38,0,[1]
30720,1,2,15,10,2,11,0,4,1,0,0,1,38,0,[1]
36614,1,3,11,9,2,3,0,4,1,0,0,1,38,0,[1]
16101,0,2,9,13,2,9,0,4,1,0,0,0,38,0,[1]
17216,1,2,8,11,2,2,0,4,1,0,0,0,1,0,[1]
12804,1,4,12,14,4,9,3,4,1,0,0,1,4,0,[1]
7083,1,2,11,9,2,3,0,4,1,0,0,1,38,0,[1]
11895,2,5,15,10,2,12,0,4,1,0,0,0,38,0,[1]
16009,1,3,12,14,3,11,1,1,1,0,0,1,18,0,[1]
15593,0,4,15,10,2,2,0,4,1,0,0,0,38,0,[1]
8981,1,2,9,13,2,2,0,4,1,0,0,0,38,0,[1]
1218,1,2,9,13,2,3,0,4,1,0,0,0,38,0,[1]
10939,1,1,12,14,0,9,4,1,0,0,0,1,26,0,[1]
33668,2,2,9,13,2,3,0,4,1,1,0,0,38,0,[1]
35978,2,2,9,13,0,3,4,1,1,0,0,1,38,0,[1]
11985,2,2,11,9,3,2,1,4,1,1,0,0,38,0,[1]
44890,0,2,12,14,2,9,0,4,1,0,0,0,38,0,[1]
39739,2,0,15,10,0,0,1,4,1,0,0,0,38,0,[1]
4546,2,1,9,13,2,3,0,4,1,0,0,0,38,0,[1]
20967,0,2,14,15,2,9,0,2,1,0,1,0,13,0,[1]
5015,1,2,12,14,2,12,5,4,0,0,0,0,38,0,[1]
17526,2,4,9,13,2,0,0,4,1,0,0,0,38,0,[1]
1623,1,2,12,14,0,9,1,4,1,0,0,1,38,0,[1]
19404,2,2,9,13,2,11,0,4,1,0,0,0,38,0,[1]
21795,1,1,9,13,2,9,0,4,1,0,0,0,38,0,[1]
34557,0,2,8,11,4,3,3,4,0,1,0,1,38,0,[1]
13634,1,5,9,13,2,3,0,4,1,0,0,0,38,0,[1]
34894,1,2,11,9,2,0,5,4,0,0,0,0,38,0,[1]
40114,1,2,7,12,1,0,5,4,0,0,0,0,38,0,[1]
11083,1,2,11,9,2,11,0,4,1,1,0,0,38,0,[1]
7878,1,1,9,13,2,9,0,4,1,0,0,0,38,0,[1]
28061,1,1,11,9,0,4,1,4,1,0,0,0,38,0,[1]
42120,0,2,15,10,2,6,0,4,1,0,1,0,38,0,[1]
37432,1,4,12,14,2,3,0,4,1,0,0,0,38,0,[1]
25692,0,2,9,13,2,11,0,4,1,0,0,0,38,0,[1]
23020,1,2,15,10,2,11,0,4,1,1,0,1,38,0,[1]
35287,2,4,14,15,2,3,0,4,1,0,0,0,38,0,[1]
44455,1,2,15,10,2,9,5,4,0,0,0,0,38,0,[1]
29675,1,1,7,12,2,2,0,4,1,0,0,1,38,0,[1]
6610,2,4,11,9,2,4,0,4,1,0,1,0,38,0,[1]
10558,1,2,11,9,2,0,5,4,0,0,0,0,38,0,[1]
15391,1,2,11,9,2,0,5,4,0,0,0,0,38,0,[1]
21514,1,1,9,13,2,9,0,2,1,0,0,0,38,0,[1]
35616,2,2,15,10,2,3,0,4,1,0,0,0,38,0,[1]
19072,2,2,15,10,2,3,0,4,1,0,1,0,38,0,[1]
23107,2,2,8,11,2,9,5,4,0,0,0,0,38,0,[1]
17772,2,2,15,10,2,9,0,4,1,0,0,0,38,0,[1]
28889,1,3,10,16,5,9,1,4,1,0,0,0,38,0,[1]
24659,1,2,7,12,0,0,1,1,1,0,0,0,38,0,[1]
21716,2,2,11,9,6,11,4,4,0,0,1,0,38,0,[1]
39761,0,2,5,4,2,2,0,4,1,0,0,0,38,0,[1]
4194,0,2,9,13,4,9,1,1,1,1,0,0,39,0,[1]
17922,2,3,9,13,2,11,0,4,1,0,0,1,38,0,[1]
44942,2,3,11,9,2,7,0,4,1,0,0,0,38,0,[1]
36888,0,2,11,9,2,3,0,4,1,1,0,0,38,0,[1]
39752,1,2,9,13,2,9,0,4,1,0,0,1,38,0,[1]
40404,1,2,12,14,2,3,0,4,1,0,0,0,38,0,[1]
4712,1,2,9,13,4,0,1,2,0,0,0,0,38,0,[1]
29851,0,2,11,9,2,10,0,1,1,0,0,0,36,0,[1]
3202,2,2,9,13,2,9,0,4,1,0,0,0,38,0,[1]
20977,1,0,15,10,4,2,2,4,1,0,0,0,38,0,[1]
27052,1,1,8,11,4,10,1,4,1,1,0,0,38,0,[1]
30233,0,2,9,13,2,9,0,4,1,0,0,0,38,0,[1]
22568,1,1,9,13,2,9,5,4,0,0,0,0,38,0,[1]
44713,1,2,12,14,2,9,0,4,1,0,0,1,38,0,[1]
16455,2,2,9,13,2,0,5,4,0,1,0,0,38,0,[1]
45132,2,2,9,13,2,3,0,4,1,0,0,0,30,0,[1]
28999,1,0,11,9,2,0,5,4,0,0,0,0,38,0,[1]
6107,2,2,8,11,2,2,0,4,1,0,0,0,38,0,[1]
7492,1,4,8,11,2,4,0,4,1,1,0,1,38,0,[1]
29778,1,0,9,13,2,5,0,4,1,0,0,1,38,0,[1]
20269,2,2,9,13,2,9,0,4,1,0,0,0,38,0,[1]
8396,1,2,11,9,2,3,0,4,1,0,0,1,38,0,[1]
26777,1,2,12,14,4,3,1,4,1,0,0,0,38,0,[1]
6331,1,3,15,10,2,3,0,4,1,0,0,1,38,0,[1]
26986,1,4,8,11,2,4,0,4,1,0,0,1,38,0,[1]
28127,2,2,15,10,2,2,0,4,1,0,0,0,38,0,[1]
424,1,2,9,13,2,11,0,4,1,0,0,1,38,0,[1]
17340,2,3,9,13,2,6,0,4,1,1,0,0,38,0,[1]
27360,1,2,9,13,2,9,5,4,0,0,0,0,38,0,[1]
19004,1,2,3,2,2,2,0,1,1,0,0,0,0,0,[1]
1401,2,2,9,13,2,11,0,4,1,1,0,0,38,0,[1]
12116,1,1,8,11,2,10,0,4,1,0,0,0,38,0,[1]
11962,0,5,11,9,2,10,0,4,1,0,0,1,38,0,[1]
20499,1,2,12,14,0,9,1,4,1,1,0,0,38,0,[1]
17627,1,2,9,13,2,9,0,4,1,0,0,0,38,0,[1]
6160,1,3,15,10,2,3,0,4,1,0,0,1,38,0,[1]
14078,2,4,11,9,2,4,0,4,1,0,1,0,38,0,[1]
2597,2,2,15,10,6,9,1,4,1,0,1,0,38,0,[1]
37864,1,2,8,11,4,12,1,4,0,0,0,1,38,0,[1]
2980,1,4,9,13,2,9,0,4,1,1,0,0,38,0,[1]
20367,1,2,9,13,2,7,5,4,0,0,0,0,38,0,[1]
25812,2,2,11,9,2,11,0,1,1,0,0,1,0,0,[1]
554,2,3,15,10,2,2,0,4,1,0,1,1,38,0,[1]
40430,2,3,15,10,2,3,0,4,1,0,0,0,38,0,[1]
33388,1,4,15,10,2,3,0,4,1,0,0,0,38,0,[1]
20050,1,2,9,13,2,11,0,4,1,0,0,0,38,0,[1]
28173,2,1,7,12,2,0,0,1,1,0,0,0,29,0,[1]
24612,1,1,9,13,5,9,1,4,0,0,0,1,38,0,[1]
12349,0,5,9,13,3,5,1,4,0,0,1,0,38,0,[1]
13054,1,4,8,11,0,2,1,4,1,0,0,0,0,0,[1]
42117,1,4,9,13,2,4,5,4,0,0,0,1,38,0,[1]
167,1,2,12,14,4,3,3,4,1,1,0,0,38,0,[1]
19676,0,2,9,13,2,3,0,4,1,0,0,0,38,0,[1]
40197,2,2,12,14,4,9,1,4,1,1,0,1,38,0,[1]
22408,1,2,11,9,2,2,0,4,1,0,1,0,38,0,[1]
38788,1,2,9,13,2,9,5,4,0,0,0,0,38,0,[1]
8774,1,2,11,9,3,3,1,4,1,0,0,0,38,0,[1]
32336,1,2,9,13,2,3,0,4,1,0,0,0,38,0,[1]
35575,2,0,15,10,0,0,3,4,1,0,0,0,38,0,[1]
43214,2,2,11,9,0,2,1,4,1,1,0,0,38,0,[1]
16412,2,5,12,14,2,9,0,4,1,0,0,0,38,0,[1]
34521,1,2,11,9,2,7,5,2,0,1,0,0,38,0,[1]
11356,0,2,9,13,2,11,0,4,1,0,0,0,0,0,[1]
11699,2,2,9,13,2,11,0,4,1,0,0,0,38,0,[1]
23943,2,2,15,10,0,9,4,4,1,1,0,0,38,0,[1]
23782,1,3,9,13,2,3,0,4,1,0,0,0,38,0,[1]
8720,1,2,7,12,2,9,0,4,1,0,0,0,38,0,[1]
16382,1,3,11,9,2,2,0,4,1,0,1,1,38,0,[1]
33029,1,2,8,11,2,2,0,4,1,1,0,0,38,0,[1]
9572,1,2,12,14,2,9,0,4,1,0,0,0,38,0,[1]
43429,0,2,9,13,2,9,0,4,1,0,0,1,38,0,[1]
12439,2,2,12,14,6,3,1,4,0,0,0,0,38,0,[1]
43854,1,2,15,10,2,3,0,4,1,0,0,1,38,0,[1]
21691,2,1,11,9,2,2,0,4,1,1,0,0,38,0,[1]
34020,2,3,11,9,2,2,0,4,1,1,0,0,38,0,[1]
4561,1,2,15,10,2,3,0,2,1,0,0,0,38,0,[1]
6378,1,2,15,10,2,3,0,4,1,0,0,1,38,0,[1]
39326,1,2,9,13,2,9,5,4,0,1,0,0,38,0,[1]
20102,0,2,9,13,2,11,0,4,1,0,0,1,38,0,[1]
38077,0,2,7,12,2,9,0,4,1,0,0,0,38,0,[1]
28199,0,2,5,4,2,2,0,4,1,0,0,0,25,0,[1]
23964,1,2,10,16,2,9,0,4,1,0,0,0,38,0,[1]
8408,1,1,8,11,2,3,0,4,1,0,0,0,38,0,[1]
12279,2,0,9,13,2,3,0,2,1,0,0,1,38,0,[1]
10831,2,4,9,13,6,3,4,4,1,0,0,1,38,0,[1]
34666,0,2,12,14,2,3,0,4,1,0,0,0,10,0,[1]
37899,1,2,8,11,2,12,0,1,1,0,0,0,29,0,[1]
5363,1,2,9,13,2,11,0,4,1,0,0,1,38,0,[1]
402,1,2,11,9,2,0,0,4,1,1,0,0,38,0,[1]
40541,1,2,12,14,2,9,5,4,0,0,0,0,8,0,[1]
27340,1,1,9,13,4,9,1,0,1,0,0,1,38,0,[1]
4739,1,2,9,13,2,0,5,4,0,0,0,0,38,0,[1]
19388,1,2,15,10,2,13,0,4,1,0,1,0,7,0,[1]
30685,1,2,15,10,0,5,3,4,1,0,1,0,38,0,[1]
13527,1,4,15,10,2,3,0,4,1,0,0,0,38,0,[1]
11643,2,4,15,10,2,9,0,4,1,0,0,0,38,0,[1]
29656,1,2,8,11,2,6,0,4,1,1,0,0,38,0,[1]
26942,2,2,7,12,2,3,0,4,1,0,0,0,38,0,[1]
23018,0,2,9,13,2,3,0,4,1,0,0,0,38,0,[1]
24832,1,1,9,13,2,9,0,4,1,0,0,0,38,0,[1]
24168,2,2,11,9,3,2,1,4,1,0,0,0,38,0,[1]
8979,2,2,9,13,2,11,0,4,1,0,0,1,38,0,[1]
23663,2,2,15,10,2,3,0,4,1,0,0,0,38,0,[1]
11195,1,2,11,9,2,2,0,4,1,1,0,0,38,0,[1]
553,1,3,15,10,2,11,0,4,1,0,0,1,38,0,[1]
9737,2,2,15,10,6,13,1,4,1,0,0,0,38,0,[1]
30108,2,4,7,12,2,11,0,4,1,0,0,1,38,0,[1]
3763,1,2,12,14,4,11,1,4,1,0,0,1,38,0,[1]
22068,1,5,15,10,4,9,1,2,0,0,0,0,38,0,[1]
17710,0,0,11,9,1,11,5,4,0,0,0,0,38,0,[1]
7141,2,2,11,9,2,9,0,2,1,0,0,1,38,0,[1]
5111,1,4,8,11,2,11,0,4,1,0,0,1,38,0,[1]
188,1,3,9,13,2,11,0,4,1,0,0,1,38,0,[1]
36521,2,1,11,9,2,3,0,4,1,1,0,0,38,0,[1]
25864,0,2,9,13,2,3,0,4,1,0,0,0,38,0,[1]
42121,2,2,8,11,2,11,0,4,1,0,1,1,38,0,[1]
43176,1,5,10,16,2,9,0,1,1,0,0,1,16,0,[1]
421,1,2,15,10,2,6,0,4,1,0,0,0,10,0,[1]
23502,1,2,15,10,2,11,0,4,1,1,0,0,38,0,[1]
40894,1,2,11,9,2,13,0,4,1,1,0,0,38,0,[1]
18032,1,2,9,13,2,3,0,3,1,0,0,0,32,0,[1]
1543,1,2,11,9,5,2,4,4,1,0,0,0,38,0,[1]
18543,2,0,7,12,2,0,0,4,1,0,0,0,38,0,[1]
5113,2,0,15,10,2,0,0,4,1,0,0,0,38,0,[1]
3171,1,2,9,13,2,3,0,4,1,0,0,0,38,0,[1]
14056,1,2,11,9,2,2,0,4,1,1,0,0,38,0,[1]
42800,1,2,9,13,2,3,0,4,1,0,0,0,38,0,[1]
1596,0,2,11,9,2,10,0,4,1,0,0,1,38,0,[1]
39221,0,2,9,13,2,11,0,2,1,0,0,0,38,0,[1]
503,1,2,9,13,2,9,0,4,1,0,0,0,38,0,[1]
13057,1,1,15,10,2,10,0,4,1,0,0,1,38,0,[1]
5711,2,2,5,4,0,5,1,4,0,0,0,0,4,0,[1]
18160,1,2,9,13,2,11,0,4,1,0,0,0,38,0,[1]
22122,1,0,9,13,2,9,0,4,1,1,0,0,38,0,[1]
27314,0,2,12,14,2,9,0,4,1,0,0,0,38,0,[1]
27596,1,2,7,12,2,6,0,4,1,0,0,1,38,0,[1]
18458,2,2,11,9,0,6,1,4,1,1,0,0,38,0,[1]
20983,1,2,15,10,2,11,0,4,1,0,0,1,38,0,[1]
31579,2,1,9,13,2,3,0,4,1,0,0,0,38,0,[1]
17077,1,2,9,13,2,11,0,4,1,0,0,0,38,0,[1]
383,1,5,15,10,2,9,2,1,1,0,0,0,0,0,[1]
34357,1,2,12,14,4,9,1,2,1,0,0,1,38,0,[1]
2164,1,2,12,14,2,9,0,4,1,0,0,1,38,0,[1]
27939,2,3,11,9,2,11,0,4,1,0,0,0,38,0,[1]
2278,1,0,15,10,2,0,0,4,1,0,0,0,38,0,[1]
32228,2,2,12,14,2,3,0,4,1,0,0,0,38,0,[1]
20604,0,4,5,4,2,13,0,4,1,0,0,1,38,0,[1]
776,2,2,6,5,2,3,0,4,1,0,0,0,38,0,[1]
38248,1,2,9,13,2,2,0,4,1,0,0,0,38,0,[1]
28183,2,1,10,16,0,9,1,4,0,1,0,0,38,0,[1]
40417,1,2,9,13,2,11,0,4,1,1,0,1,38,0,[1]
6189,1,2,9,13,2,3,0,4,1,0,1,0,38,0,[1]
44460,2,5,10,16,2,9,0,4,1,0,0,1,38,0,[1]
27600,1,2,8,11,2,0,0,4,1,1,0,0,38,0,[1]
41657,2,3,7,12,2,11,0,4,1,0,0,1,38,0,[1]
22577,1,2,9,13,2,11,0,4,1,0,0,1,38,0,[1]
10148,0,2,8,11,4,0,3,4,1,1,0,0,38,0,[1]
18245,1,2,15,10,2,11,0,4,1,0,0,1,38,0,[1]
9629,1,2,8,11,0,11,1,4,0,0,0,0,38,0,[1]
10264,2,2,15,10,5,2,2,1,1,0,0,0,29,0,[1]
21741,1,2,8,11,2,3,0,2,1,0,0,0,38,0,[1]
23633,1,4,15,10,2,2,0,4,1,0,0,0,7,0,[1]
24228,1,3,15,10,4,3,1,4,1,0,0,1,4,0,[1]
9538,2,4,15,10,2,9,0,4,1,0,0,0,38,0,[1]
30942,1,2,9,13,2,9,5,4,0,0,0,0,38,0,[1]
3964,1,1,9,13,2,3,0,4,1,0,0,0,38,0,[1]
31863,1,4,8,11,2,4,0,4,1,0,0,1,38,0,[1]
42003,1,2,15,10,2,11,0,4,1,0,0,1,38,0,[1]
30265,1,0,7,12,0,3,1,4,0,1,0,0,38,0,[1]
21602,1,4,8,11,2,4,0,4,1,0,0,1,38,0,[1]
24036,2,2,9,13,2,6,0,4,1,0,0,0,38,0,[1]
16188,2,4,14,15,2,9,0,4,1,0,0,0,38,0,[1]
15581,1,3,12,14,2,3,0,4,1,1,0,0,38,0,[1]
5834,1,3,8,11,2,4,0,4,1,0,0,1,38,0,[1]
17237,1,2,8,11,4,0,1,4,1,0,0,0,38,0,[1]
31992,1,2,15,10,2,0,5,4,0,1,0,0,38,0,[1]
8500,2,2,12,14,2,3,0,4,1,0,0,1,38,0,[1]
19346,1,4,15,10,2,3,0,4,1,0,0,0,38,0,[1]
10701,1,2,9,13,2,2,0,1,1,0,0,0,29,0,[1]
3663,2,2,11,9,6,12,1,4,1,0,0,0,38,0,[1]
22253,1,2,11,9,2,2,0,4,1,0,1,0,38,0,[1]
22315,1,2,11,9,2,2,0,4,1,1,0,1,38,0,[1]
16406,1,2,12,14,0,3,1,4,0,0,0,1,38,0,[1]
31672,1,4,11,9,2,9,0,4,1,0,0,1,38,0,[1]
14206,1,2,9,13,2,9,0,4,1,0,0,0,38,0,[1]
37210,1,0,9,13,2,9,0,1,1,0,0,0,39,0,[1]
17365,2,4,14,15,2,11,0,4,1,0,0,0,38,0,[1]
19919,1,2,11,9,2,0,5,4,0,0,1,0,38,0,[1]
44303,0,2,9,13,2,9,0,4,1,0,0,1,38,0,[1]
24686,1,2,11,9,2,2,0,4,1,1,0,0,38,0,[1]
455,2,2,15,10,2,3,0,4,1,0,0,0,38,0,[1]
27492,1,4,11,9,2,9,0,4,1,0,0,0,3,0,[1]
31008,0,2,15,10,2,13,0,4,1,0,0,1,38,0,[1]
5100,2,2,11,9,2,2,0,4,1,1,0,0,38,0,[1]
9375,2,4,11,9,0,0,4,4,0,0,0,1,38,0,[1]
18339,1,2,5,4,2,6,0,4,1,0,0,0,25,0,[1]
26982,2,5,2,8,2,2,0,4,1,0,0,0,38,0,[1]
16819,2,3,14,15,2,3,0,4,1,0,0,0,38,0,[1]
29748,1,4,9,13,2,9,0,4,1,0,1,0,38,0,[1]
21121,1,2,15,10,2,11,0,4,1,0,0,1,38,0,[1]
22831,1,3,11,9,2,3,0,4,1,0,0,1,38,0,[1]
39832,2,2,15,10,2,2,0,4,1,0,0,0,38,0,[1]
26202,2,2,9,13,0,11,1,4,0,0,1,0,38,0,[1]
21480,1,2,14,15,2,9,0,4,1,1,0,0,38,0,[1]
37934,0,2,11,9,2,2,0,4,1,0,1,0,38,0,[1]
10847,0,2,12,14,4,0,1,1,1,0,0,1,18,0,[1]
8729,0,2,9,13,2,0,0,4,1,0,0,0,38,0,[1]
40360,0,2,9,13,2,9,0,4,1,0,0,1,38,0,[1]
7569,2,4,12,14,2,2,0,4,1,0,0,0,38,0,[1]
14430,0,2,8,11,2,11,0,4,1,1,0,0,38,0,[1]
33443,0,4,15,10,2,13,0,4,1,0,0,1,38,0,[1]
41382,2,0,15,10,0,5,1,4,1,0,0,0,38,0,[1]
35785,1,4,9,13,2,3,0,4,1,0,0,1,38,0,[1]
7434,1,2,14,15,2,9,0,4,1,0,0,1,38,0,[1]
11515,2,2,2,8,2,13,0,4,1,1,0,0,38,0,[1]
34221,2,2,10,16,4,9,1,4,1,0,0,0,38,0,[1]
34978,1,2,15,10,2,7,0,4,1,0,0,1,38,0,[1]
36877,1,2,15,10,2,3,0,4,1,0,0,1,38,0,[1]
42323,1,2,8,11,2,12,0,2,1,0,0,0,22,0,[1]
45181,1,2,8,11,2,2,0,2,1,0,0,0,38,0,[1]
25855,1,4,15,10,2,7,0,2,1,0,0,0,38,0,[1]
40493,1,2,9,13,2,0,0,4,1,0,0,0,25,0,[1]
45144,1,2,12,14,2,9,0,4,1,0,0,1,38,0,[1]
22421,1,0,9,13,4,3,4,1,1,1,0,0,0,0,[1]
34132,1,2,9,13,2,9,0,4,1,0,0,1,21,0,[1]
7279,1,2,11,9,3,2,4,2,1,0,0,0,38,0,[1]
24482,1,2,7,12,2,9,0,2,1,0,0,0,38,0,[1]
23570,1,1,9,13,2,2,0,1,1,0,0,0,29,0,[1]
3014,0,5,9,13,2,9,0,4,1,0,0,0,38,0,[1]
40454,0,2,12,14,4,0,1,4,0,0,0,0,9,0,[1]
10858,1,0,9,13,4,0,1,2,1,1,0,1,38,0,[1]
1295,2,4,15,10,2,13,0,2,1,0,0,1,38,0,[1]
1849,0,2,14,15,2,9,0,4,1,0,0,1,38,0,[1]
1522,1,3,11,9,2,3,0,4,1,0,0,0,38,0,[1]
33827,2,5,0,6,2,4,0,4,1,0,0,0,38,0,[1]
45010,0,2,11,9,2,2,0,4,1,0,0,1,25,0,[1]
13438,0,2,9,13,2,9,0,4,1,0,0,1,38,0,[1]
11867,1,2,12,14,4,9,1,4,1,0,0,1,38,0,[1]
28919,1,2,14,15,2,9,5,4,0,0,0,0,38,0,[1]
6410,1,1,9,13,2,9,0,4,1,0,0,0,38,0,[1]
7008,2,2,10,16,6,3,4,4,1,0,0,0,38,0,[1]
19947,2,2,9,13,4,3,3,4,1,0,0,0,4,0,[1]
37919,1,2,11,9,2,2,0,4,1,1,0,0,38,0,[1]
7414,1,4,11,9,2,13,0,4,1,0,1,0,38,0,[1]
11943,1,2,11,9,2,11,3,4,0,0,0,0,38,0,[1]
19571,0,2,15,10,5,12,4,4,0,0,0,0,38,0,[1]
20629,1,4,11,9,2,3,0,1,1,0,0,0,2,0,[1]
31730,1,5,15,10,2,3,0,4,1,1,0,0,38,0,[1]
26659,1,2,14,15,4,3,1,4,0,0,0,0,4,0,[1]
4096,1,5,12,14,2,9,0,4,1,0,0,1,38,0,[1]
14417,1,2,9,13,2,2,0,4,1,0,0,0,38,0,[1]
18193,1,2,11,9,2,6,0,4,1,1,0,0,38,0,[1]
12600,1,2,11,9,2,2,0,4,1,0,0,0,21,0,[1]
7868,2,2,11,9,2,2,0,4,1,1,0,0,38,0,[1]
17798,1,3,15,10,2,3,0,4,1,0,0,0,38,0,[1]
21416,2,4,0,6,3,13,1,4,1,0,0,1,38,0,[1]
21531,1,5,7,12,2,10,0,4,1,0,1,0,38,0,[1]
13176,1,2,15,10,2,3,0,4,1,0,1,0,38,0,[1]
34701,1,2,9,13,2,9,0,4,1,0,0,1,38,0,[1]
18024,1,2,9,13,2,11,0,4,1,1,0,0,38,0,[1]
33086,1,2,12,14,4,11,1,4,1,0,0,1,38,0,[1]
24594,1,2,9,13,2,12,0,4,1,0,0,1,38,0,[1]
11765,2,2,11,9,2,5,0,4,1,1,0,0,38,0,[1]
8189,1,2,12,14,4,9,1,4,1,0,0,1,38,0,[1]
3770,1,3,9,13,2,11,0,4,1,0,0,0,38,0,[1]
7345,2,3,2,8,2,11,0,4,1,0,0,0,38,0,[1]
11006,0,2,9,13,2,9,0,4,1,0,0,0,23,0,[1]
38890,1,2,6,5,3,5,1,4,1,0,0,0,25,0,[1]
7540,0,2,11,9,2,2,0,4,1,0,1,0,38,0,[1]
25016,1,4,9,13,2,11,5,1,0,0,0,1,34,0,[1]
44170,1,0,15,10,2,0,0,2,1,0,0,0,38,0,[1]
39569,0,2,9,13,2,9,0,4,1,0,0,0,38,0,[1]
23651,1,4,9,13,2,9,0,4,1,0,0,0,38,0,[1]
24459,2,3,11,9,2,11,0,4,1,0,0,0,38,0,[1]
14884,0,2,9,13,4,9,1,1,1,0,0,1,18,0,[1]
5257,1,0,11,9,2,0,0,4,1,0,0,0,38,0,[1]
40135,0,1,2,8,2,0,5,4,0,0,0,0,38,0,[1]
17576,0,5,11,9,2,0,0,4,1,0,1,0,38,0,[1]
29050,1,2,11,9,2,2,0,4,1,1,0,0,38,0,[1]
1823,2,1,12,14,2,9,0,4,1,0,0,0,38,0,[1]
28989,0,5,11,9,2,10,3,4,1,0,0,0,38,0,[1]
37001,1,5,15,10,3,4,3,4,1,0,0,1,38,0,[1]
26304,2,3,9,13,2,11,0,4,1,0,0,1,38,0,[1]
24027,2,2,9,13,2,2,0,4,1,0,0,1,38,0,[1]
33339,1,2,15,10,2,11,0,4,1,0,0,1,38,0,[1]
6575,0,2,9,13,2,9,0,4,1,0,0,0,38,0,[1]
38608,1,1,1,7,2,7,5,4,0,0,0,0,38,0,[1]
18437,1,2,9,13,2,0,0,4,1,0,0,0,38,0,[1]
35419,2,2,11,9,2,2,0,1,1,0,0,0,38,0,[1]
41588,2,2,9,13,2,9,0,4,1,0,0,0,38,0,[1]
40888,2,3,12,14,2,9,0,1,1,0,0,0,34,0,[1]
41188,1,2,15,10,2,11,0,4,1,0,0,1,38,0,[1]
20253,1,2,6,5,2,3,5,4,0,0,0,0,38,0,[1]
8363,2,4,12,14,2,11,5,4,0,0,0,1,38,0,[1]
35784,0,2,6,5,4,13,1,4,1,0,0,1,38,0,[1]
6823,2,2,9,13,2,9,0,4,1,0,0,0,38,0,[1]
28470,2,0,15,10,2,0,5,4,0,0,0,0,38,0,[1]
299,1,2,12,14,2,9,0,4,1,0,0,1,38,0,[1]
16727,0,2,1,7,6,11,3,2,0,0,0,0,38,0,[1]
25562,1,3,15,10,4,3,1,2,1,1,0,0,38,0,[1]
36008,1,5,15,10,2,10,0,2,1,0,0,0,38,0,[1]
2564,1,2,9,13,2,9,0,4,1,0,0,0,38,0,[1]
24042,2,2,15,10,4,3,1,4,1,0,0,0,38,0,[1]
35946,1,2,11,9,2,11,0,4,1,1,0,0,38,0,[1]
18325,2,4,11,9,0,3,1,4,0,1,0,0,38,0,[1]
42632,1,4,9,13,2,9,0,4,1,0,0,0,38,0,[1]
34500,1,2,11,9,2,2,0,4,1,1,0,0,38,0,[1]
23403,0,5,0,6,2,0,0,4,1,0,0,0,38,0,[1]
43820,1,5,10,16,4,9,1,4,0,0,0,1,38,0,[1]
44589,1,2,9,13,2,2,0,4,1,0,0,1,38,0,[1]
14237,2,2,15,10,2,2,0,4,1,0,0,0,38,0,[1]
21710,1,2,9,13,2,9,0,4,1,0,0,0,38,0,[1]
20605,1,2,11,9,2,7,0,1,1,0,0,1,23,0,[1]
10481,1,2,11,9,2,6,0,2,1,0,1,0,13,0,[1]
783,1,2,12,14,2,12,0,4,1,0,0,0,38,0,[1]
27471,2,5,9,13,0,0,4,4,1,1,0,0,38,0,[1]
32321,2,2,6,5,2,3,0,4,1,0,0,0,38,0,[1]
19781,0,2,11,9,2,11,0,4,1,0,1,1,38,0,[1]
4531,1,2,9,13,0,11,1,4,1,0,0,1,38,0,[1]
40685,0,2,9,13,2,11,0,4,1,0,0,0,38,0,[1]
13311,2,2,9,13,2,3,0,4,1,0,0,0,38,0,[1]
35315,0,4,9,13,2,3,5,4,0,0,0,0,38,0,[1]
22081,1,2,11,9,2,4,0,4,1,0,1,1,38,0,[1]
43557,1,2,14,15,4,9,1,4,0,0,0,1,38,0,[1]
4588,1,2,15,10,2,11,0,4,1,0,0,1,38,0,[1]
5499,1,2,9,13,2,11,0,4,1,0,0,0,38,0,[1]
35948,1,2,14,15,2,9,0,4,1,0,0,1,38,0,[1]
11081,1,2,9,13,2,2,0,4,1,0,0,0,38,0,[1]
6403,1,2,9,13,4,11,1,4,0,0,0,1,38,0,[1]
21952,1,2,9,13,2,0,5,2,0,0,0,0,38,0,[1]
17259,1,2,15,10,2,5,0,4,1,0,1,0,38,0,[1]
32814,2,2,11,9,2,3,0,4,1,0,0,0,38,0,[1]
9916,1,2,11,9,2,2,0,4,1,0,1,1,38,0,[1]
37937,1,3,7,12,6,3,1,4,0,0,0,1,38,0,[1]
17891,2,3,15,10,6,3,4,4,1,0,0,0,38,0,[1]
35526,1,3,11,9,2,4,0,4,1,0,0,0,38,0,[1]
42468,2,1,11,9,2,3,0,4,1,1,0,0,38,0,[1]
5344,0,5,8,11,1,0,5,4,0,0,0,0,38,0,[1]
22085,1,2,1,7,2,7,0,2,1,1,0,0,38,0,[1]
11650,1,2,7,12,2,2,0,2,1,0,0,0,38,0,[1]
7071,2,3,15,10,2,3,0,4,1,0,0,0,38,0,[1]
213,2,2,12,14,4,3,4,1,0,0,0,1,36,0,[1]
6451,1,2,11,9,2,3,5,4,0,0,0,1,38,0,[1]
43078,2,1,12,14,2,9,0,4,1,0,0,0,38,0,[1]
43379,1,2,11,9,2,13,0,3,1,1,0,0,38,0,[1]
29981,1,2,9,13,2,5,0,4,1,0,0,0,10,0,[1]
7330,1,5,12,14,2,3,5,2,0,0,0,0,38,0,[1]
4246,1,2,8,11,0,11,1,4,0,0,0,0,38,0,[1]
24437,1,2,9,13,2,11,5,4,0,0,0,0,32,0,[1]
44305,1,4,15,10,2,3,0,4,1,0,0,0,38,0,[1]
11678,1,2,9,13,4,11,1,4,0,0,0,1,38,0,[1]
7857,1,2,7,12,2,7,0,1,1,0,0,0,36,0,[1]
5641,2,2,9,13,0,3,1,4,1,0,0,0,38,0,[1]
4411,0,2,7,12,4,3,1,4,0,0,0,0,38,0,[1]
7956,1,2,9,13,0,11,1,4,1,0,0,1,38,0,[1]
39205,0,2,9,13,4,3,3,2,1,0,0,1,38,0,[1]
238,2,4,14,15,4,9,1,4,1,0,1,0,38,0,[1]
7364,1,5,10,16,5,3,3,1,1,1,0,0,38,0,[1]
26010,1,1,12,14,2,9,0,4,1,0,0,0,38,0,[1]
1403,2,4,9,13,2,3,0,4,1,0,1,0,38,0,[1]
38957,0,2,14,15,4,9,1,4,1,0,1,0,1,0,[1]
5289,0,2,4,3,4,7,2,4,1,1,0,1,25,0,[1]
235,2,0,15,10,0,12,1,2,1,1,0,0,38,0,[1]
5077,1,1,15,10,2,4,0,4,1,0,1,0,38,0,[1]
24191,1,0,11,9,2,0,0,2,1,0,0,1,38,0,[1]
38326,2,1,11,9,2,6,0,4,1,0,0,0,38,0,[1]
222,2,4,11,9,2,2,0,4,1,0,1,1,38,0,[1]
14657,1,2,11,9,0,3,1,4,1,1,0,1,38,0,[1]
41380,0,3,11,9,2,3,0,4,1,0,0,0,38,0,[1]
25344,1,4,9,13,2,3,0,4,1,0,0,1,38,0,[1]
42428,1,5,10,16,4,9,1,4,0,0,0,0,38,0,[1]
23105,2,4,0,6,2,4,0,4,1,1,0,1,38,0,[1]
31181,2,2,11,9,2,12,0,4,1,0,0,0,38,0,[1]
31524,1,4,15,10,2,7,0,2,1,0,0,0,38,0,[1]
19374,1,0,8,11,2,10,0,4,1,1,0,0,38,0,[1]
44376,1,2,9,13,2,3,5,4,0,0,0,0,38,0,[1]
39501,2,0,7,12,2,0,0,4,1,0,0,0,38,0,[1]
40106,0,4,15,10,2,2,0,4,1,0,0,0,38,0,[1]
9184,2,2,12,14,2,0,0,4,1,0,0,0,38,0,[1]
24894,1,0,9,13,2,3,5,4,0,0,0,0,38,0,[1]
27823,2,2,9,13,2,0,0,1,1,0,0,0,29,0,[1]
26519,1,2,9,13,2,11,0,4,1,0,0,1,38,0,[1]
34174,0,5,9,13,4,9,1,4,0,1,0,0,38,0,[1]
1629,1,5,15,10,2,13,0,2,1,0,0,1,38,0,[1]
15483,1,2,15,10,2,13,0,2,1,0,0,1,38,0,[1]
26063,1,2,11,9,4,2,4,4,1,1,0,0,38,0,[1]
21704,0,1,15,10,2,10,0,4,1,0,0,1,38,0,[1]
14319,1,1,9,13,2,3,0,4,1,0,0,0,38,0,[1]
44529,1,2,9,13,2,3,0,4,1,0,0,0,38,0,[1]
19288,1,2,9,13,0,0,1,4,0,1,0,0,38,0,[1]
2608,0,3,9,13,2,3,0,4,1,0,0,0,38,0,[1]
39284,1,2,9,13,4,2,1,4,1,0,0,1,38,0,[1]
11197,2,2,7,12,2,11,5,1,0,0,0,0,18,0,[1]
13586,0,4,15,10,2,2,0,4,1,0,0,0,38,0,[1]
22312,1,1,15,10,0,10,4,4,1,0,0,0,10,0,[1]
3934,1,0,11,9,2,0,5,4,0,0,0,0,38,0,[1]
11458,2,4,15,10,2,3,0,4,1,0,1,0,38,0,[1]
39646,1,2,12,14,2,3,0,4,1,0,0,0,38,0,[1]
33302,1,2,9,13,2,2,0,4,1,0,0,0,38,0,[1]
25729,1,2,11,9,0,2,1,0,1,0,0,0,38,0,[1]
6901,1,2,12,14,4,9,1,1,0,0,0,0,2,0,[1]
8213,2,5,9,13,0,3,4,2,0,0,0,0,38,0,[1]
13682,1,2,9,13,2,12,5,4,0,0,0,0,38,0,[1]
37008,2,2,9,13,0,3,4,4,0,0,0,0,38,0,[1]
13199,0,2,9,13,2,3,0,4,1,0,0,0,38,0,[1]
8851,0,4,11,9,0,6,1,4,1,0,0,1,38,0,[1]
31836,1,0,15,10,2,0,0,2,1,0,0,0,38,0,[1]
18236,1,2,9,13,2,11,0,4,1,0,0,0,38,0,[1]
42154,0,2,9,13,2,9,0,4,1,1,0,0,38,0,[1]
3950,1,2,3,2,2,0,0,4,1,0,0,1,25,0,[1]
11468,2,2,15,10,2,9,0,4,1,0,0,0,38,0,[1]
37475,1,2,9,13,6,2,4,2,0,1,0,0,38,0,[1]
4707,1,0,15,10,2,2,0,2,1,0,0,0,38,0,[1]
10819,0,3,11,9,2,3,0,4,1,0,0,0,38,0,[1]
39905,1,1,7,12,5,0,4,4,0,0,0,0,38,0,[1]
19113,1,2,11,9,0,2,4,2,1,0,0,0,38,0,[1]
30326,1,5,9,13,2,3,0,4,1,0,0,0,38,0,[1]
12939,2,4,12,14,2,11,0,4,1,0,1,1,38,0,[1]
37171,2,3,11,9,2,11,0,4,1,0,0,1,38,0,[1]
454,1,5,6,5,2,2,0,2,1,0,0,0,38,0,[1]
7626,2,3,15,10,2,11,0,4,1,0,0,1,38,0,[1]
8563,2,4,11,9,6,11,1,4,1,0,0,0,38,0,[1]
25256,1,2,15,10,2,12,0,4,1,0,0,0,38,0,[1]
9445,1,0,11,9,2,0,0,4,1,1,0,0,38,0,[1]
2401,2,4,7,12,6,9,4,4,0,0,0,1,38,0,[1]
29613,1,2,7,12,2,7,0,4,1,0,0,0,7,0,[1]
25491,1,3,12,14,2,3,0,4,1,0,0,1,38,0,[1]
31223,0,2,9,13,2,3,5,4,0,0,0,0,38,0,[1]
44763,2,2,10,16,2,9,0,4,1,0,0,1,38,0,[1]
7627,0,2,9,13,2,3,0,4,1,0,0,0,38,0,[1]
28112,1,2,15,10,0,3,4,4,1,0,0,1,38,0,[1]
3216,2,2,11,9,2,12,0,4,1,0,0,0,21,0,[1]
5262,1,2,9,13,2,2,0,4,1,0,0,1,38,0,[1]
14695,1,2,1,7,4,2,4,4,1,1,0,0,38,0,[1]
15427,1,2,15,10,2,12,0,4,1,0,0,0,38,0,[1]
42550,1,2,15,10,2,12,5,4,0,1,0,0,38,0,[1]
3986,1,2,9,13,2,6,0,4,1,0,0,0,38,0,[1]
7562,0,2,9,13,5,3,1,4,0,0,0,1,38,0,[1]
4814,1,2,9,13,2,3,0,4,1,1,0,0,38,0,[1]
36141,1,4,7,12,2,4,0,4,1,1,0,1,38,0,[1]
36561,1,4,8,11,2,4,0,4,1,1,0,1,38,0,[1]
3447,1,1,15,10,2,10,0,4,1,0,0,1,38,0,[1]
9369,1,2,9,13,0,2,1,4,1,0,0,1,38,0,[1]
27083,2,2,15,10,2,11,0,2,1,0,0,0,38,0,[1]
4314,2,2,9,13,2,11,0,4,1,0,0,0,38,0,[1]
24193,1,2,15,10,0,12,1,4,0,0,0,1,38,0,[1]
43079,1,2,11,9,2,0,0,4,1,0,1,0,38,0,[1]
879,1,2,11,9,5,2,4,4,1,0,0,0,38,0,[1]
3938,2,4,0,6,2,2,0,4,1,0,0,1,38,0,[1]
35979,1,2,5,4,5,5,1,2,1,0,0,0,13,0,[1]
10974,1,2,11,9,2,2,0,2,1,0,0,0,5,0,[1]
11215,2,2,11,9,2,6,0,1,1,0,0,0,39,0,[1]
28412,1,2,8,11,2,6,0,4,1,0,0,0,3,0,[1]
12181,2,5,12,14,2,9,0,4,1,0,0,0,38,0,[1]
41385,0,2,9,13,2,9,0,4,1,0,0,1,38,0,[1]
43564,1,2,11,9,2,2,0,4,1,0,1,0,30,0,[1]
45119,2,2,11,9,6,2,1,2,0,0,1,1,38,0,[1]
24561,1,3,11,9,2,3,0,4,1,0,0,1,38,0,[1]
39666,1,2,9,13,0,3,1,4,1,1,0,1,38,0,[1]
43896,1,2,9,13,2,0,0,4,1,0,0,0,38,0,[1]
9939,1,5,10,16,4,9,1,2,0,0,0,0,38,0,[1]
4490,1,2,9,13,2,9,0,4,1,0,1,0,20,0,[1]
3351,1,2,9,13,2,3,0,4,1,0,0,1,38,0,[1]
3588,1,4,15,10,2,3,0,4,1,0,0,0,38,0,[1]
20191,1,2,9,13,2,9,0,4,1,0,0,0,38,0,[1]
17609,2,2,15,10,2,9,0,4,1,0,0,0,38,0,[1]
19792,1,2,11,9,2,0,5,4,0,0,0,0,38,0,[1]
13683,1,4,15,10,2,9,5,4,0,0,0,0,38,0,[1]
42034,0,2,11,9,2,13,3,4,0,0,0,0,38,0,[1]
34096,2,2,11,9,2,6,0,4,1,0,1,0,38,0,[1]
2232,1,2,9,13,2,11,0,4,1,0,0,0,38,0,[1]
644,1,2,9,13,2,3,0,4,1,0,0,1,38,0,[1]
38382,0,2,9,13,2,11,0,4,1,0,0,0,38,0,[1]
6771,2,3,6,5,2,3,0,2,1,0,0,0,38,0,[1]
6868,2,4,7,12,2,3,0,1,1,0,0,0,23,0,[1]
24780,1,0,11,9,2,0,0,4,1,0,0,0,38,0,[1]
15784,2,4,11,9,2,4,0,4,1,0,1,1,38,0,[1]
37812,1,2,1,7,2,3,0,4,1,0,0,1,38,0,[1]
30567,2,2,9,13,0,11,1,4,0,0,0,1,38,0,[1]
24279,2,2,11,9,2,6,0,4,1,1,0,0,8,0,[1]
42630,1,1,9,13,0,3,4,2,0,0,0,1,38,0,[1]
16481,2,1,15,10,2,2,0,4,1,0,0,0,38,0,[1]
39627,1,2,15,10,2,0,0,4,1,1,0,0,38,0,[1]
15364,2,4,11,9,2,5,0,4,1,0,0,0,38,0,[1]
18650,1,2,9,13,2,9,0,4,1,1,0,0,38,0,[1]
29400,0,5,9,13,2,3,5,4,0,0,0,0,38,0,[1]
15475,2,2,11,9,2,2,0,0,1,0,0,0,38,0,[1]
15620,2,2,12,14,0,9,1,4,0,1,0,1,38,0,[1]
9740,2,1,12,14,2,9,5,4,0,0,0,0,38,0,[1]
33192,2,2,7,12,2,11,0,4,1,0,0,0,38,0,[1]
21782,1,2,9,13,2,11,0,4,1,0,0,0,38,0,[1]
4269,1,2,15,10,2,3,0,4,1,0,0,1,38,0,[1]
29452,2,2,15,10,2,9,0,4,1,0,0,0,38,0,[1]
31645,2,2,15,10,2,2,5,4,0,0,0,0,38,0,[1]
17770,1,2,9,13,2,10,0,2,1,0,0,0,38,0,[1]
23635,2,2,11,9,2,3,0,4,1,0,0,0,38,0,[1]
10263,1,0,11,9,0,2,4,2,1,0,0,1,38,0,[1]
39602,2,3,15,10,5,11,1,4,0,0,0,0,38,0,[1]
36314,1,2,9,13,2,11,0,4,1,0,0,0,38,0,[1]
21230,2,2,12,14,2,0,0,4,1,0,0,0,38,0,[1]
35110,1,2,15,10,2,11,5,4,0,1,0,0,38,0,[1]
42585,1,4,8,11,2,4,0,4,1,1,0,1,38,0,[1]
35806,1,2,5,4,2,4,0,4,1,1,0,1,31,0,[1]
23619,2,1,11,9,2,3,0,0,1,0,0,0,38,0,[1]
3214,1,2,9,13,2,2,0,4,1,0,0,0,38,0,[1]
548,1,1,11,9,5,3,4,2,0,1,0,0,38,0,[1]
1882,1,2,9,13,2,0,5,4,0,0,0,0,38,0,[1]
31547,2,2,3,2,6,6,1,4,0,1,0,0,6,0,[1]
17285,1,4,2,8,2,2,0,4,1,0,0,0,38,0,[1]
19816,1,5,14,15,0,9,1,4,1,0,0,1,38,0,[1]
6677,1,2,8,11,2,9,0,4,1,0,0,0,38,0,[1]
1698,0,2,15,10,2,4,0,4,1,0,0,1,38,0,[1]
30441,2,2,11,9,0,2,3,2,1,0,0,0,38,0,[1]
28956,2,2,8,11,2,2,0,4,1,0,0,0,38,0,[1]
26059,1,2,12,14,2,3,0,4,1,0,0,0,38,0,[1]
27853,1,1,9,13,5,9,1,4,1,0,0,0,38,0,[1]
21017,0,2,9,13,2,11,0,4,1,0,0,0,38,0,[1]
39441,1,5,9,13,2,9,5,4,0,0,1,0,38,0,[1]
28339,1,2,11,9,2,2,0,4,1,1,0,0,38,0,[1]
21833,0,5,15,10,2,7,5,4,0,0,0,0,38,0,[1]
5864,1,2,11,9,4,6,1,2,1,1,0,0,38,0,[1]
5496,1,2,7,12,2,3,0,4,1,0,0,1,38,0,[1]
4299,0,2,7,12,4,3,2,4,0,0,0,0,38,0,[1]
30377,1,2,12,14,2,9,0,4,1,0,0,0,38,0,[1]
28936,1,2,9,13,2,11,0,4,1,0,0,0,38,0,[1]
11359,2,2,15,10,2,2,0,4,1,0,0,0,38,0,[1]
12853,2,2,9,13,2,2,0,2,1,0,0,0,38,0,[1]
5687,2,2,15,10,2,13,0,4,1,0,0,0,38,0,[1]
9210,1,2,15,10,2,2,0,4,1,1,0,0,38,0,[1]
42215,2,3,11,9,2,4,0,4,1,0,0,0,38,0,[1]
5065,2,2,9,13,0,3,1,4,1,0,0,0,25,0,[1]
43049,1,2,14,15,4,9,1,4,1,0,0,0,38,0,[1]
24103,0,2,9,13,2,0,0,4,1,0,0,0,38,0,[1]
34181,1,2,8,11,0,3,1,4,1,1,0,1,38,0,[1]
17846,0,2,11,9,1,0,0,4,1,0,0,1,38,0,[1]
40597,2,2,15,10,2,2,0,4,1,0,0,0,38,0,[1]
38845,2,4,8,11,2,11,0,4,1,0,0,0,38,0,[1]
12144,1,2,15,10,6,3,1,4,0,0,0,0,10,0,[1]
10273,1,2,15,10,6,3,4,1,0,0,0,0,38,0,[1]
17242,2,2,15,10,2,2,0,4,1,0,0,0,30,0,[1]
23264,1,2,12,14,2,3,0,4,1,0,0,0,38,0,[1]
3937,1,5,9,13,2,9,0,4,1,0,0,0,25,0,[1]
23927,0,3,15,10,4,3,1,4,1,0,0,1,38,0,[1]
10901,1,1,15,10,2,0,0,4,1,0,0,0,38,0,[1]
18154,1,2,14,15,2,9,0,4,1,0,0,1,38,0,[1]
6370,1,2,11,9,2,2,0,4,1,1,0,0,38,0,[1]
26033,1,2,12,14,2,9,0,4,1,0,0,0,38,0,[1]
10495,2,4,12,14,2,11,0,4,1,0,0,0,38,0,[1]
26256,1,2,12,14,2,3,0,4,1,0,0,1,9,0,[1]
24734,1,5,9,13,0,3,1,4,0,0,0,0,38,0,[1]
40687,2,2,11,9,2,3,0,4,1,0,0,1,38,0,[1]
8061,1,2,11,9,2,4,0,4,1,0,1,0,38,0,[1]
17921,1,2,15,10,2,12,0,4,1,1,0,1,30,0,[1]
29065,1,2,9,13,2,3,0,4,1,0,0,0,38,0,[1]
30754,1,2,15,10,2,13,0,4,1,1,0,0,38,0,[1]
17829,1,4,11,9,4,3,1,4,1,1,0,1,38,0,[1]
3075,2,5,9,13,2,3,0,3,1,0,1,0,38,0,[1]
19441,1,2,12,14,2,9,0,4,1,0,0,0,38,0,[1]
41357,2,2,11,9,2,7,0,2,1,0,1,0,38,0,[1]
10761,1,2,12,14,0,9,1,4,1,1,0,0,38,0,[1]
39756,1,0,7,12,2,2,0,4,1,0,0,0,38,0,[1]
40311,0,2,9,13,0,3,1,1,0,0,0,0,2,0,[1]
11919,1,1,15,10,2,10,0,4,1,0,0,0,38,0,[1]
36455,1,2,8,11,2,9,5,4,0,0,0,0,38,0,[1]
13251,1,2,11,9,4,9,3,4,0,0,0,0,38,0,[1]
31908,2,0,15,10,4,9,4,4,0,0,0,0,38,0,[1]
31031,2,2,12,14,2,12,0,4,1,0,0,0,38,0,[1]
515,2,2,9,13,2,11,0,4,1,0,0,1,38,0,[1]
14286,1,0,9,13,2,10,0,4,1,0,0,0,38,0,[1]
44434,1,2,11,9,2,2,0,4,1,1,0,0,21,0,[1]
10230,1,2,11,9,4,2,4,4,1,1,0,0,38,0,[1]
17457,2,2,14,15,6,0,1,2,0,0,0,0,38,0,[1]
39568,1,2,15,10,2,2,0,2,1,0,0,0,38,0,[1]
36259,2,2,9,13,2,0,0,1,1,0,0,0,29,0,[1]
17997,2,3,11,9,2,11,0,4,1,0,0,1,38,0,[1]
22997,1,0,7,12,0,10,1,4,1,1,0,0,38,0,[1]
227,0,2,11,9,2,11,3,4,0,0,0,0,38,0,[1]
19136,2,0,15,10,0,0,1,4,1,0,0,0,38,0,[1]
42233,1,2,2,8,2,10,0,4,1,0,0,0,38,0,[1]
2976,1,2,9,13,2,11,0,4,1,0,0,1,38,0,[1]
6806,1,2,9,13,2,9,0,2,1,0,0,0,38,0,[1]
31905,1,5,11,9,2,0,5,4,0,0,0,0,38,0,[1]
21838,2,2,7,12,2,0,0,4,1,0,0,0,38,0,[1]
17617,0,5,12,14,4,9,1,4,0,0,0,1,10,0,[1]
2248,2,4,11,9,2,12,5,4,0,0,0,0,38,0,[1]
14201,2,3,15,10,2,2,0,4,1,0,0,1,38,0,[1]
32260,2,4,10,16,2,9,0,4,1,0,0,1,1,0,[1]
29298,0,4,14,15,4,9,1,4,1,1,0,0,38,0,[1]
11008,1,2,15,10,2,2,0,2,1,0,0,0,38,0,[1]
16853,0,5,9,13,2,9,0,4,1,0,0,0,26,0,[1]
24357,1,2,9,13,2,11,0,4,1,0,0,0,38,0,[1]
8504,1,4,7,12,2,0,0,4,1,0,0,0,38,0,[1]
33923,2,2,11,9,4,6,1,4,1,1,0,0,38,0,[1]
14113,1,2,12,14,2,12,0,4,1,0,0,0,38,0,[1]
23748,2,1,15,10,2,7,0,1,1,0,0,1,29,0,[1]
22313,0,2,12,14,2,9,0,4,1,0,0,0,38,0,[1]
8488,0,2,9,13,2,9,0,4,1,0,0,1,38,0,[1]
13008,1,2,9,13,2,11,0,4,1,0,0,0,38,0,[1]
13646,1,2,7,12,2,0,5,4,0,0,0,1,38,0,[1]
17606,0,4,11,9,0,13,1,4,1,0,0,1,38,0,[1]
6398,0,2,15,10,1,5,5,4,0,0,0,0,38,0,[1]
25731,1,1,9,13,2,9,5,4,0,0,0,0,38,0,[1]
5879,2,3,11,9,2,11,0,4,1,0,0,0,38,0,[1]
42019,1,2,11,9,2,2,0,2,1,1,0,0,38,0,[1]
3439,1,4,11,9,4,4,1,4,1,0,1,0,38,0,[1]
24376,1,2,9,13,2,11,0,4,1,0,0,1,38,0,[1]
10135,1,2,9,13,2,12,0,4,1,0,0,1,38,0,[1]
39950,1,2,9,13,4,11,1,2,0,0,0,1,38,0,[1]
37442,1,4,9,13,2,9,0,4,1,0,0,0,38,0,[1]
31812,2,2,10,16,4,9,1,4,1,0,0,0,38,0,[1]
13554,1,1,12,14,2,9,0,4,1,0,0,0,38,0,[1]
27473,0,2,12,14,2,3,0,4,1,0,0,0,38,0,[1]
22407,1,2,2,8,4,11,1,4,1,1,0,1,38,0,[1]
27583,1,2,11,9,5,2,4,4,1,0,0,0,38,0,[1]
27668,0,2,9,13,2,2,0,4,1,1,0,1,38,0,[1]
4122,1,2,9,13,2,3,0,4,1,0,0,0,38,0,[1]
18175,1,2,8,11,2,4,0,4,1,0,0,0,38,0,[1]
18151,1,2,9,13,2,3,0,4,1,1,0,1,38,0,[1]
5721,1,3,11,9,2,3,0,4,1,0,0,1,38,0,[1]
33400,2,2,9,13,2,6,0,4,1,0,0,0,38,0,[1]
2481,0,2,6,5,2,2,0,3,1,0,0,1,38,0,[1]
11928,2,2,9,13,5,3,1,4,1,0,0,0,38,0,[1]
9181,1,2,15,10,2,11,5,4,0,0,0,0,38,0,[1]
10467,1,2,11,9,2,2,0,4,1,1,0,0,38,0,[1]
648,1,2,9,13,2,0,5,4,0,0,0,0,25,0,[1]
941,1,4,9,13,2,3,5,4,0,0,0,0,38,0,[1]
37894,2,2,9,13,2,2,0,1,1,0,0,0,38,0,[1]
34211,1,0,11,9,2,0,0,4,1,0,0,0,38,0,[1]
13782,1,2,9,13,4,11,1,1,1,1,0,0,35,0,[1]
10208,1,3,11,9,2,2,0,4,1,0,1,0,38,0,[1]
10738,2,0,11,9,2,9,0,4,1,0,0,0,38,0,[1]
32304,1,2,0,6,4,11,4,3,0,0,0,0,5,0,[1]
39279,1,2,9,13,2,11,0,4,1,0,0,0,38,0,[1]
24122,2,2,9,13,4,2,1,4,1,0,0,1,38,0,[1]
22004,0,2,15,10,2,4,0,4,1,0,0,1,38,0,[1]
11341,1,4,10,16,4,9,1,4,1,0,0,0,38,0,[1]
23671,1,2,11,9,2,0,0,4,1,1,0,0,38,0,[1]
41075,1,2,8,11,3,2,4,4,1,0,0,0,38,0,[1]
3691,2,5,10,16,0,9,1,4,1,0,0,0,38,0,[1]
15091,0,0,15,10,2,0,3,4,1,0,0,0,38,0,[1]
21223,1,2,9,13,2,9,0,4,1,0,0,1,38,0,[1]
29137,1,2,8,11,0,13,1,4,1,0,0,1,38,0,[1]
23933,2,4,15,10,0,2,1,4,1,0,0,0,38,0,[1]
24614,1,2,9,13,2,0,0,1,1,0,0,0,39,0,[1]
38124,1,2,11,9,2,2,0,4,1,0,1,0,38,0,[1]
7449,2,1,12,14,2,0,0,4,1,0,0,0,38,0,[1]
12874,1,5,11,9,0,9,3,4,1,0,0,0,38,0,[1]
17136,1,4,9,13,2,4,0,4,1,0,0,0,38,0,[1]
562,1,1,15,10,2,10,0,4,1,0,0,1,4,0,[1]
625,2,4,10,16,0,11,1,4,1,0,0,0,38,0,[1]
37434,1,5,7,12,2,10,0,4,1,0,0,0,38,0,[1]
31141,1,2,12,14,2,9,0,4,1,0,0,1,38,0,[1]
18136,1,2,11,9,2,0,5,4,0,0,0,0,38,0,[1]
16753,1,1,15,10,2,13,0,4,1,0,1,0,38,0,[1]
7252,1,4,12,14,0,9,1,4,1,0,1,1,38,0,[1]
32879,0,1,15,10,4,10,1,2,1,0,1,0,38,0,[1]
38025,1,2,15,10,4,7,1,4,0,0,1,0,38,0,[1]
511,2,2,15,10,2,2,0,4,1,0,0,0,38,0,[1]
19499,1,1,15,10,2,10,0,4,1,0,0,0,38,0,[1]
25837,0,2,14,15,0,9,3,4,0,1,0,1,38,0,[1]
23194,1,1,9,13,2,9,0,4,1,1,0,0,38,0,[1]
43100,1,2,12,14,2,3,0,4,1,0,0,0,38,0,[1]
16458,1,1,9,13,2,10,0,4,1,0,0,0,38,0,[1]
313,1,2,9,13,4,2,1,4,1,1,0,0,38,0,[1]
13006,1,3,7,12,2,2,0,4,1,0,1,0,38,0,[1]
24763,2,4,11,9,2,11,0,4,1,0,1,0,38,0,[1]
42787,1,1,15,10,0,5,1,4,1,0,0,1,38,0,[1]
2139,1,4,9,13,2,11,0,4,1,0,0,1,38,0,[1]
127,1,2,12,14,2,9,0,4,1,0,0,0,38,0,[1]
42331,2,2,14,15,2,3,0,4,1,0,0,1,38,0,[1]
41519,1,2,11,9,2,0,5,4,0,0,0,0,38,0,[1]
30651,1,2,15,10,0,9,1,4,1,0,0,0,38,0,[1]
17475,2,5,12,14,2,9,0,4,1,0,0,0,38,0,[1]
10620,0,5,9,13,2,3,5,4,0,0,0,0,38,0,[1]
24101,1,2,11,9,4,12,1,4,1,1,0,0,38,0,[1]
16660,1,2,5,4,0,2,1,4,0,0,0,0,38,0,[1]
10382,1,2,12,14,2,9,0,4,1,0,0,0,38,0,[1]
22446,1,3,9,13,2,11,0,4,1,0,0,0,38,0,[1]
25353,1,2,9,13,2,3,0,4,1,0,0,1,38,0,[1]
16928,1,0,15,10,2,12,0,4,1,0,0,0,38,0,[1]
27036,2,2,15,10,2,3,0,4,1,0,0,1,38,0,[1]
5869,1,5,10,16,4,9,1,4,1,0,0,0,38,0,[1]
32801,1,2,15,10,0,9,1,4,1,0,0,0,38,0,[1]
30302,2,2,15,10,2,9,0,4,1,0,0,0,38,0,[1]
32776,2,4,3,2,0,2,1,4,0,0,0,0,38,0,[1]
28784,1,2,15,10,2,7,0,4,1,0,0,1,38,0,[1]
7885,0,2,9,13,2,9,0,4,1,1,0,0,1,0,[1]
13112,1,2,1,7,2,7,0,4,1,0,1,0,25,0,[1]
27237,0,2,9,13,4,13,1,4,1,1,0,0,38,0,[1]
4685,0,2,7,12,4,3,1,4,0,0,0,0,38,0,[1]
15854,0,3,15,10,2,3,0,4,1,0,0,1,38,0,[1]
3254,1,2,9,13,2,2,0,4,1,0,0,0,38,0,[1]
44180,2,4,15,10,2,4,0,4,1,0,1,1,38,0,[1]
3258,1,3,8,11,2,4,0,4,1,0,0,0,38,0,[1]
31765,2,1,12,14,2,9,0,4,1,0,0,0,38,0,[1]
2983,1,2,15,10,2,11,0,4,1,0,0,1,38,0,[1]
30025,1,2,9,13,2,11,0,4,1,0,0,0,38,0,[1]
35175,1,1,15,10,2,10,0,4,1,0,0,1,38,0,[1]
5154,1,2,10,16,2,11,0,4,1,0,0,1,38,0,[1]
3578,1,2,9,13,2,9,0,4,1,0,0,0,21,0,[1]
20139,0,3,15,10,4,3,1,4,1,0,0,0,38,0,[1]
36229,2,4,9,13,2,11,0,4,1,1,0,0,38,0,[1]
42707,2,1,9,13,5,9,4,4,0,1,0,1,38,0,[1]
24559,1,2,9,13,2,9,2,4,1,0,0,0,38,0,[1]
38623,2,1,12,14,0,9,1,4,0,0,0,0,38,0,[1]
36210,1,5,11,9,0,10,4,4,0,0,0,0,38,0,[1]
19031,0,3,15,10,4,3,1,4,1,0,0,1,38,0,[1]
28098,2,0,11,9,2,9,0,4,1,0,0,0,38,0,[1]
40773,2,6,11,9,2,7,0,4,1,0,0,1,38,0,[1]
41925,2,2,8,11,2,9,0,4,1,0,1,0,38,0,[1]
13001,0,2,10,16,4,2,2,2,1,0,0,0,38,0,[1]
8374,2,2,11,9,2,5,0,4,1,0,1,0,38,0,[1]
42458,1,2,15,10,2,11,0,4,1,0,0,1,38,0,[1]
8852,1,2,9,13,2,9,0,4,1,0,0,1,38,0,[1]
20349,1,1,11,9,2,13,5,4,0,1,0,0,38,0,[1]
33791,0,2,11,9,2,2,0,4,1,0,1,0,38,0,[1]
17345,2,4,9,13,2,3,0,4,1,0,0,0,38,0,[1]
21078,1,4,15,10,0,6,1,4,1,0,1,0,38,0,[1]
17908,2,3,11,9,2,4,0,4,1,0,1,1,38,0,[1]
4849,2,1,15,10,0,2,4,4,1,0,0,0,38,0,[1]
19422,2,4,14,15,0,9,1,4,1,0,1,0,38,0,[1]
3058,0,2,9,13,2,3,5,4,0,0,1,0,38,0,[1]
42829,1,2,15,10,2,0,5,4,0,0,1,0,38,0,[1]
20024,2,2,15,10,2,11,0,4,1,0,1,1,38,0,[1]
4164,1,2,15,10,2,12,0,4,1,0,0,0,38,0,[1]
15996,1,2,12,14,2,9,0,4,1,0,0,0,38,0,[1]
14444,2,2,7,12,2,3,0,4,1,0,0,0,38,0,[1]
28601,1,2,7,12,2,5,0,4,1,0,0,1,38,0,[1]
40744,1,2,9,13,2,0,0,4,1,0,0,0,38,0,[1]
17231,1,2,9,13,2,3,0,4,1,0,0,1,38,0,[1]
5399,1,2,9,13,0,3,4,4,1,0,0,1,38,0,[1]
25502,2,2,3,2,2,2,0,3,1,0,0,1,32,0,[1]
339,1,4,12,14,2,9,5,4,0,0,0,0,38,0,[1]
33301,0,2,5,4,2,2,0,4,1,0,0,0,38,0,[1]
760,2,2,11,9,2,12,0,4,1,0,0,0,38,0,[1]
10565,1,3,9,13,2,11,0,4,1,1,0,0,38,0,[1]
29544,1,2,14,15,0,3,1,4,1,0,0,1,38,0,[1]
33749,2,2,11,9,2,6,0,4,1,0,0,1,38,0,[1]
42351,1,2,15,10,2,11,5,4,0,0,0,0,38,0,[1]
24930,2,4,15,10,2,2,0,4,1,1,0,0,38,0,[1]
20547,0,2,9,13,2,3,0,4,1,0,0,0,38,0,[1]
2159,1,4,15,10,4,2,3,2,1,1,0,0,38,0,[1]
17951,1,2,15,10,2,3,0,1,1,0,0,0,38,0,[1]
38944,1,3,9,13,2,11,0,4,1,1,0,1,38,0,[1]
36056,2,2,11,9,2,12,0,4,1,0,0,0,38,0,[1]
5877,2,2,15,10,2,11,0,4,1,1,0,0,38,0,[1]
27533,2,2,11,9,6,9,4,4,0,0,0,0,38,0,[1]
32149,2,2,11,9,5,2,4,4,1,0,0,0,38,0,[1]
5740,1,2,11,9,2,3,0,4,1,1,0,0,25,0,[1]
5299,1,3,12,14,2,9,0,2,1,0,0,1,37,0,[1]
16884,2,1,14,15,0,9,1,4,0,0,0,1,38,0,[1]
42349,1,1,8,11,2,3,0,4,1,0,0,0,38,0,[1]
5386,1,4,4,3,2,2,0,4,1,0,0,1,25,0,[1]
8196,1,0,11,9,2,13,0,2,1,0,0,1,38,0,[1]
4645,0,3,9,13,4,3,3,4,1,0,0,1,38,0,[1]
44707,1,2,7,12,2,6,0,4,1,0,0,1,38,0,[1]
16343,2,2,0,6,2,5,0,4,1,1,0,0,38,0,[1]
39926,2,2,11,9,2,3,0,4,1,0,0,0,38,0,[1]
39768,2,2,15,10,2,13,0,4,1,0,1,0,38,0,[1]
936,1,2,11,9,2,6,0,4,1,0,0,0,5,0,[1]
17640,1,2,11,9,2,11,5,4,0,1,0,0,38,0,[1]
