school_C,sex_C,age_C,address_C,famsize_C,Pstatus_C,Medu_C,Fedu_C,Mjob_C,Fjob_C,reason_C,guardian_C,traveltime_C,studytime_C,failures_C,schoolsup_C,famsup_C,paid_C,activities_C,nursery_C,higher_C,internet_C,romantic_C,famrel_C,freetime_C,goout_C,Dalc_C,Walc_C,health_C,absences_C,G1_C,G2_C,G3_C,G1,G2,G3,rank
0,0,0,0,1,0,4,3,1,2,1,0,1,4,0,1,1,1,0,0,0,0,1,4,2,2,1,1,2,0,1,1,1,19,19,20,1.0
0,0,0,0,1,0,0,2,2,2,0,1,3,2,1,0,1,0,0,0,0,1,0,3,3,1,3,5,5,52,1,1,0,11,14,20,2.0
0,1,1,0,1,1,0,1,4,0,1,1,2,2,2,0,1,0,1,1,0,1,0,2,5,2,5,1,4,56,1,1,1,3,17,20,3.0
0,0,0,0,0,1,4,2,4,0,2,0,1,4,3,0,1,0,1,0,1,1,0,4,2,1,2,3,1,41,0,0,0,5,14,20,4.0
0,0,0,0,0,0,1,4,4,3,2,1,4,2,0,0,1,0,1,1,0,0,0,1,3,5,2,3,3,27,0,0,0,4,3,20,5.0
0,1,0,1,0,0,4,0,3,3,2,2,1,2,1,1,1,0,1,0,0,0,0,1,2,2,3,4,3,47,0,1,1,15,3,20,6.0
0,0,1,0,0,0,0,0,0,1,1,0,3,1,0,1,1,0,1,1,1,0,1,5,3,5,2,2,3,24,0,1,0,11,18,20,7.0
1,0,1,0,0,0,1,4,3,4,2,2,4,1,2,1,1,0,1,0,1,0,0,5,1,5,5,4,5,57,1,1,1,10,1,20,8.0
0,0,1,1,1,1,0,2,1,4,0,1,3,3,1,1,1,0,0,1,1,1,0,3,3,2,5,4,4,49,0,1,0,10,18,20,9.0
1,0,0,0,1,1,3,2,3,1,0,0,4,4,0,0,1,1,1,1,1,0,0,1,1,4,5,5,4,73,0,0,1,11,16,20,10.0
0,1,0,1,0,1,3,4,4,4,0,1,1,1,2,1,1,0,0,1,1,1,0,1,2,5,1,3,3,42,1,0,1,18,8,20,11.0
0,0,1,0,1,1,1,3,3,4,0,0,4,4,1,0,1,1,0,0,0,0,0,5,5,5,1,3,1,32,1,1,0,10,15,20,12.0
1,1,0,0,0,0,2,0,0,0,0,2,2,1,1,1,1,1,1,0,0,0,1,5,4,5,3,3,1,63,0,0,1,14,12,20,13.0
1,1,1,1,0,1,1,3,1,0,3,2,2,4,3,0,0,1,1,1,0,1,0,1,4,3,1,4,3,55,0,0,0,11,8,20,14.0
0,0,1,1,0,1,3,4,0,2,2,2,1,1,0,0,1,1,0,1,0,0,1,3,4,3,5,2,4,74,1,0,0,14,16,20,15.0
1,0,1,1,0,0,2,4,1,0,2,0,1,2,3,0,0,1,0,1,0,0,1,3,2,1,1,4,3,74,0,0,0,5,16,20,16.0
1,0,1,0,1,1,2,1,2,1,3,0,2,2,0,1,0,1,0,0,0,1,1,3,5,5,4,5,2,42,0,1,1,3,9,20,17.0
1,1,1,1,1,1,2,4,0,0,0,0,2,3,0,1,1,0,1,1,1,0,1,2,3,5,5,2,5,9,0,0,1,15,11,20,18.0
0,0,0,0,0,0,4,4,0,0,2,0,2,2,3,0,1,0,1,0,1,0,1,2,4,2,4,5,4,58,0,0,0,19,19,20,19.0
1,1,1,1,1,0,3,1,4,3,1,1,1,3,2,0,0,1,1,0,1,1,1,3,1,1,3,4,3,18,0,0,1,12,12,20,20.0
0,0,1,1,1,1,4,4,4,3,1,1,1,2,1,1,0,0,1,1,0,0,0,5,1,2,5,4,5,42,1,0,0,6,6,20,21.0
0,0,0,0,1,1,4,0,3,3,2,0,1,4,0,1,0,1,0,1,1,0,1,5,5,2,4,5,2,28,0,1,0,5,6,20,22.0
0,1,0,1,1,0,2,2,0,3,3,2,3,4,3,0,1,0,1,0,0,0,1,5,3,5,4,5,1,72,0,1,1,9,13,20,23.0
1,1,0,1,0,1,2,1,0,2,2,2,1,1,2,0,1,0,1,0,0,1,1,3,3,1,5,4,1,22,1,1,0,12,7,20,24.0
0,0,0,0,0,1,3,2,2,4,0,0,1,2,0,1,0,0,1,0,0,0,1,4,2,2,1,1,1,0,1,1,1,16,18,19,25.0
0,0,0,0,0,1,4,4,0,0,2,0,1,1,0,1,1,1,0,0,0,0,1,5,5,3,1,1,4,0,1,1,1,18,19,19,26.0
0,0,0,0,0,0,4,2,0,4,2,0,1,1,0,1,1,1,1,0,0,0,1,3,5,2,1,1,3,0,1,1,1,18,19,19,27.0
0,1,0,0,1,0,2,2,3,3,3,0,1,3,0,1,0,0,1,0,0,0,1,4,3,3,1,2,2,0,1,1,1,18,18,19,28.0
1,1,0,1,0,0,4,4,4,4,1,0,2,3,0,1,1,1,1,0,0,0,1,5,4,4,1,1,1,0,1,1,1,19,18,19,29.0
0,0,1,0,0,0,0,3,3,2,2,1,1,1,0,1,1,0,1,0,0,1,0,4,2,1,4,3,3,75,1,0,1,4,9,19,30.0
1,1,0,1,1,1,4,2,2,1,2,2,4,2,3,1,0,0,1,0,1,0,0,5,5,3,2,1,3,53,1,1,0,4,17,19,31.0
0,0,1,0,1,0,1,4,2,2,0,2,2,1,2,0,0,0,1,1,1,0,0,5,5,3,1,1,1,9,1,0,1,7,4,19,32.0
1,0,0,0,1,1,4,4,3,3,1,1,4,1,1,1,1,0,0,0,1,0,0,2,3,1,4,2,3,26,0,0,0,16,12,19,33.0
0,0,1,1,0,1,3,3,4,0,2,2,1,3,2,0,0,0,0,1,0,1,0,1,4,4,5,2,2,16,0,1,1,8,1,19,34.0
1,0,0,1,1,0,1,3,0,0,1,1,1,3,3,0,0,0,1,1,0,0,0,3,1,4,2,4,3,54,1,1,0,15,16,19,35.0
0,0,0,0,0,0,2,1,4,4,2,0,2,3,2,1,1,1,1,0,0,1,1,5,3,2,2,3,4,70,0,0,1,5,3,19,36.0
0,1,1,0,1,0,1,2,2,2,0,1,4,2,2,1,1,1,0,1,1,0,1,2,1,1,1,5,5,27,0,0,1,18,7,19,37.0
1,1,0,1,0,1,0,0,3,0,2,1,2,3,2,1,1,0,1,0,0,0,0,2,4,2,5,1,5,31,0,0,0,7,13,19,38.0
1,1,0,0,1,0,1,1,2,1,0,1,1,4,0,1,1,0,0,1,0,0,0,4,4,3,5,4,1,6,1,1,0,7,19,19,39.0
0,1,1,1,0,0,3,1,0,0,0,2,4,1,0,1,1,1,0,0,0,1,1,1,2,3,1,1,2,65,0,1,1,6,17,19,40.0
1,0,1,1,0,1,2,4,4,3,1,2,4,1,3,1,1,0,1,1,1,1,0,3,5,2,4,4,4,24,0,0,1,19,17,19,41.0
1,0,1,1,1,1,4,2,2,3,3,0,2,1,3,0,0,0,1,1,0,0,0,3,4,2,5,1,5,43,0,1,1,17,3,19,42.0
0,1,0,0,1,1,4,4,3,0,2,1,1,4,2,1,1,0,0,1,1,0,0,5,4,5,5,2,4,25,0,0,0,3,6,19,43.0
0,1,0,0,1,1,2,3,4,4,0,0,2,1,0,1,1,0,1,0,1,1,1,4,4,1,2,2,4,51,0,1,0,6,0,19,44.0
1,1,1,0,1,0,2,2,0,0,0,1,4,4,3,0,0,1,1,0,1,0,0,5,1,3,1,4,1,12,0,1,1,4,11,19,45.0
0,0,1,1,0,0,3,2,4,1,0,1,3,2,0,1,1,1,1,1,1,0,1,4,2,3,3,2,4,0,1,1,0,8,18,19,46.0
0,0,1,0,1,1,0,4,4,1,0,0,4,2,1,0,1,1,1,1,1,0,0,4,3,1,5,1,4,6,0,0,0,15,15,19,47.0
1,0,1,0,0,0,2,3,4,2,2,2,1,3,0,0,1,1,1,1,1,0,1,2,5,5,2,5,3,50,0,1,0,5,18,19,48.0
0,0,1,1,0,0,1,0,0,2,0,2,4,1,2,1,1,1,1,1,0,1,0,1,4,5,4,4,3,8,1,1,0,15,19,19,49.0
1,0,0,0,1,1,1,4,3,0,1,2,2,4,3,0,0,0,1,0,0,1,0,1,1,5,3,3,5,11,0,0,1,18,14,19,50.0
0,0,0,0,1,1,2,4,3,1,1,0,2,4,3,0,1,0,1,1,0,0,1,5,2,2,3,5,3,24,1,1,0,3,14,19,51.0
0,1,1,1,1,0,0,3,3,4,1,1,4,3,1,1,1,0,0,1,0,1,0,4,4,3,4,1,5,32,0,1,0,8,18,19,52.0
0,1,0,1,0,0,1,4,3,2,3,1,4,4,1,0,0,1,1,1,0,0,0,4,1,4,2,2,3,4,1,1,1,7,0,19,53.0
1,0,1,0,1,1,0,2,4,2,3,2,3,4,1,0,1,1,0,1,1,1,0,3,1,5,5,1,5,62,1,0,0,7,14,19,54.0
1,0,0,0,1,0,3,1,2,2,0,1,4,2,1,0,0,0,1,0,0,1,0,1,3,4,4,4,5,16,1,0,1,11,2,19,55.0
1,0,0,0,0,1,4,1,3,1,3,0,4,1,3,0,1,1,0,0,1,0,1,3,4,1,3,3,3,7,0,1,1,12,3,19,56.0
0,0,0,0,0,0,4,3,0,2,0,0,1,3,0,1,0,1,0,0,0,0,1,5,4,3,1,1,4,0,1,1,1,15,16,18,57.0
0,0,0,0,1,0,4,4,2,0,2,1,1,2,0,1,0,1,0,0,0,0,1,4,3,3,1,1,5,0,1,1,1,19,18,18,58.0
0,1,0,0,1,0,4,3,2,4,1,0,1,1,0,1,1,0,0,0,0,0,1,4,5,5,1,3,1,0,1,1,1,16,17,18,59.0
0,0,0,0,1,1,3,4,2,4,2,0,1,2,0,1,0,0,0,0,0,0,1,5,4,4,1,1,1,0,1,1,1,16,18,18,60.0
0,0,0,0,1,0,3,3,2,4,0,1,1,3,0,1,0,1,0,0,0,0,1,5,3,3,1,1,5,0,1,1,1,16,18,18,61.0
0,0,0,1,1,0,4,4,0,0,2,0,1,1,0,1,1,0,0,0,0,0,1,3,5,5,2,5,4,0,1,1,1,18,18,18,62.0
0,1,0,0,1,0,4,4,2,0,0,0,2,1,1,1,0,1,1,0,0,0,1,4,2,4,2,3,2,0,1,1,1,18,18,18,63.0
0,0,0,0,1,0,2,1,4,4,2,0,3,1,0,1,1,1,1,0,0,0,1,4,3,3,1,1,4,0,1,1,1,18,18,18,64.0
0,1,0,0,1,0,4,3,2,4,0,1,1,2,0,1,0,0,1,0,0,0,0,3,1,2,1,3,2,0,1,1,1,17,18,18,65.0
0,1,0,1,0,0,3,1,2,4,1,0,2,4,0,1,0,0,1,0,0,1,1,3,1,2,1,1,3,0,1,1,1,18,18,18,66.0
0,1,0,0,1,0,3,2,1,1,1,1,1,4,0,1,0,0,0,1,0,0,1,5,2,2,1,2,5,0,1,1,1,17,17,18,67.0
0,0,1,0,1,1,3,2,2,4,2,2,1,1,0,1,1,1,0,0,0,1,1,5,5,3,1,1,5,0,1,1,1,17,18,18,68.0
1,1,1,1,1,1,3,3,3,3,1,2,1,4,2,1,1,1,1,0,0,0,1,3,4,4,4,4,4,64,1,0,0,19,1,18,69.0
1,0,0,1,0,0,4,3,4,2,2,0,4,1,2,0,0,1,0,0,1,0,1,1,5,4,3,2,2,2,1,1,1,11,14,18,70.0
1,1,0,1,1,1,1,4,4,3,3,2,1,1,0,1,1,0,0,0,0,1,1,1,3,4,5,4,1,74,1,0,1,13,1,18,71.0
0,0,0,0,1,0,3,3,4,4,2,1,2,1,2,0,1,0,0,0,1,1,1,4,4,3,3,2,1,39,1,1,1,4,5,18,72.0
0,1,1,1,0,0,2,0,0,0,1,0,3,1,0,1,0,0,1,0,0,0,1,1,2,2,1,1,2,25,0,0,1,6,2,18,73.0
1,0,0,1,0,1,2,4,1,1,3,1,1,3,2,1,1,0,0,0,1,1,1,2,2,2,4,3,4,34,0,0,1,4,7,18,74.0
1,0,1,1,1,1,3,1,0,3,2,1,1,1,1,1,1,0,1,0,1,1,1,5,2,1,3,3,3,11,1,0,0,12,12,18,75.0
1,0,1,0,0,0,3,2,0,1,0,1,1,3,1,0,1,1,1,1,1,0,0,2,3,3,3,2,4,34,0,1,0,18,0,18,76.0
0,0,1,1,0,0,4,2,1,1,0,1,1,2,1,0,0,0,1,0,0,0,1,2,3,5,3,3,3,59,1,0,0,7,6,18,77.0
0,0,0,1,1,1,0,2,2,2,2,2,4,1,1,1,1,1,1,0,1,1,0,3,3,2,5,5,4,42,0,1,1,16,10,18,78.0
1,1,1,1,1,1,2,4,1,3,2,2,2,4,1,1,1,1,1,1,0,0,0,4,4,4,4,5,4,44,1,0,0,8,10,18,79.0
0,1,0,0,0,1,1,1,1,3,0,1,1,3,2,0,1,1,0,0,0,0,0,4,1,2,3,2,3,68,1,1,0,7,18,18,80.0
0,0,1,1,1,0,3,1,2,3,2,1,1,4,0,0,0,1,1,1,0,0,1,1,3,1,1,5,4,34,0,0,0,7,9,18,81.0
1,1,1,0,1,0,3,3,1,4,3,1,3,2,3,1,1,0,0,0,0,0,0,2,5,2,4,5,5,15,1,1,1,10,2,18,82.0
0,0,1,0,0,1,3,3,4,3,3,0,2,1,3,1,0,0,0,1,1,0,0,1,5,4,2,3,2,66,1,0,1,12,3,18,83.0
1,0,0,0,0,0,1,4,4,4,1,2,3,2,1,1,0,1,1,0,0,0,1,3,3,2,1,2,1,22,1,0,0,19,12,18,84.0
1,1,1,1,0,1,2,3,0,3,3,0,2,3,3,1,0,0,1,0,0,0,1,3,2,4,5,4,1,3,1,1,0,9,9,18,85.0
1,1,1,0,0,1,3,4,4,3,2,1,4,3,0,0,1,0,0,1,0,0,1,2,3,5,5,1,3,72,0,1,1,15,15,18,86.0
0,0,1,1,1,0,0,2,4,0,0,0,4,2,1,0,0,0,1,1,0,0,0,1,3,2,5,1,3,15,0,1,0,17,1,18,87.0
1,1,1,1,0,1,0,2,0,2,0,0,3,2,0,1,1,1,1,0,0,1,0,5,1,5,5,2,5,70,0,0,1,16,11,18,88.0
0,0,1,0,0,1,4,2,1,4,1,1,1,4,2,1,1,0,1,1,1,1,0,3,5,5,3,1,1,20,1,0,0,13,7,18,89.0
1,1,0,1,1,0,1,0,2,3,0,1,4,2,1,0,0,1,0,0,1,1,1,5,1,2,5,5,1,27,1,0,1,15,5,18,90.0
1,1,1,1,0,1,0,4,1,3,1,1,1,3,0,1,0,0,0,1,1,0,0,4,3,3,1,1,2,1,0,0,1,5,8,18,91.0
0,0,1,0,0,1,1,0,1,4,0,1,2,1,0,1,1,1,1,0,1,0,1,2,3,5,1,4,2,8,0,1,1,3,4,18,92.0
1,0,0,1,0,0,0,0,0,1,2,1,1,2,1,0,1,0,1,1,1,0,1,1,1,5,3,3,5,19,1,0,1,9,9,18,93.0
0,1,1,1,0,1,4,2,4,1,0,1,3,4,2,0,1,1,0,0,1,0,1,5,5,4,1,4,2,3,1,0,1,3,8,18,94.0
0,1,1,1,0,0,4,3,0,4,1,2,4,2,3,1,0,0,0,0,1,1,1,5,3,2,1,5,4,74,0,1,1,4,16,18,95.0
0,1,0,1,0,0,3,0,1,3,2,1,1,4,3,1,0,1,0,1,0,1,0,3,1,1,1,1,3,49,0,0,0,6,15,18,96.0
0,1,0,0,1,1,3,1,4,1,2,0,1,4,2,1,0,1,1,1,1,0,0,3,2,3,5,3,1,27,1,1,1,9,0,18,97.0
1,1,0,0,1,1,2,0,3,3,2,1,1,4,0,1,1,1,1,1,1,1,0,2,3,3,3,4,1,68,0,1,1,13,17,18,98.0
1,1,0,1,1,1,0,4,3,4,1,1,1,4,0,0,1,0,1,1,1,0,0,1,5,4,1,4,2,46,0,0,1,9,16,18,99.0
1,1,1,0,1,1,1,3,2,3,2,1,3,3,3,1,1,1,0,1,1,0,0,5,3,4,4,4,4,51,1,1,0,12,16,18,100.0
0,0,0,0,1,0,4,4,2,2,1,0,2,2,0,1,0,1,0,0,0,0,1,4,3,1,1,1,5,0,1,1,1,17,16,17,101.0
0,0,0,0,1,0,4,4,2,0,3,1,1,3,0,1,0,1,0,0,0,0,0,4,4,3,1,1,4,0,1,1,1,16,17,17,102.0
0,1,0,0,1,0,2,4,2,2,1,1,1,2,0,1,0,1,0,0,0,1,1,5,4,2,2,3,5,0,1,1,1,16,17,17,103.0
0,1,0,0,1,0,2,3,2,0,3,0,1,2,0,0,1,1,1,0,0,0,1,2,3,1,1,1,3,0,1,1,1,16,16,17,104.0
0,0,0,1,0,1,3,4,4,4,1,0,2,2,0,1,0,0,0,0,0,0,1,4,2,5,3,4,1,0,1,1,1,17,17,17,105.0
0,1,0,0,0,0,3,3,2,2,0,0,1,4,0,1,0,1,1,0,0,0,1,5,3,3,1,1,1,0,1,1,1,16,15,17,106.0
1,1,1,1,0,0,1,1,0,3,0,0,2,2,1,1,0,1,0,0,1,0,1,1,3,4,5,3,4,64,1,1,1,19,13,17,107.0
0,1,1,0,1,0,1,3,0,3,3,2,2,1,0,0,0,1,1,0,0,0,1,4,2,2,5,5,4,27,0,0,0,18,13,17,108.0
1,1,1,1,1,0,1,4,2,1,2,2,1,4,2,0,0,0,1,0,0,1,0,3,3,3,1,4,2,33,1,0,1,3,19,17,109.0
1,0,1,0,1,1,2,2,4,1,1,2,4,2,3,1,1,1,1,1,0,0,0,5,2,2,2,3,5,28,0,0,1,17,4,17,110.0
1,0,1,1,0,0,2,1,4,0,0,0,1,1,2,0,1,1,0,0,1,0,1,4,5,3,5,2,4,72,1,1,0,13,19,17,111.0
1,1,1,1,1,0,3,4,2,3,0,0,3,4,0,1,0,0,0,1,0,0,0,5,3,5,3,1,5,54,0,0,0,9,8,17,112.0
1,0,0,1,1,1,0,4,3,0,0,1,2,1,3,0,0,1,0,1,0,1,1,5,5,2,1,4,3,75,0,0,0,19,16,17,113.0
1,0,1,0,0,1,3,3,0,3,3,2,4,2,3,0,0,0,0,0,1,0,0,5,3,1,4,2,1,61,1,1,0,11,18,17,114.0
1,1,0,0,0,0,3,1,1,3,3,0,1,4,3,1,0,1,0,0,0,1,1,3,3,4,1,1,2,49,1,1,0,18,19,17,115.0
0,1,1,0,1,0,1,2,1,3,1,0,4,3,3,1,1,1,0,0,1,0,1,1,5,2,3,4,3,50,0,0,0,5,14,17,116.0
0,1,1,1,1,0,2,2,3,3,0,2,1,1,1,0,0,1,1,1,1,0,0,5,4,2,5,5,3,40,0,1,0,19,4,17,117.0
0,1,1,0,1,0,2,3,2,4,1,1,3,1,0,0,0,0,1,1,1,1,1,4,3,4,3,3,3,3,0,0,1,19,9,17,118.0
1,1,1,1,0,1,2,3,1,3,0,2,2,3,1,0,0,0,1,0,1,1,1,3,1,5,1,4,1,42,1,1,1,8,19,17,119.0
0,1,1,0,0,0,4,3,3,2,3,0,2,3,3,1,1,0,1,1,1,1,0,4,2,5,4,5,1,58,1,1,0,5,5,17,120.0
1,1,0,1,1,1,2,1,2,4,2,0,4,2,1,0,0,0,1,1,1,0,1,4,2,4,3,4,2,32,1,0,0,10,7,17,121.0
0,1,0,0,1,1,3,1,2,2,3,2,4,1,3,0,1,1,0,0,0,1,1,3,1,3,2,2,2,28,1,0,1,15,2,17,122.0
0,1,0,1,0,1,0,3,1,1,0,1,1,1,1,1,1,0,1,1,1,0,0,5,3,5,4,5,2,68,1,0,1,11,14,17,123.0
1,1,0,0,1,0,0,0,3,1,0,2,3,1,3,0,0,0,1,0,1,1,0,1,5,1,1,2,1,61,1,0,0,5,4,17,124.0
0,0,1,0,0,0,0,4,2,4,2,2,2,4,0,1,0,0,1,1,0,1,1,5,1,3,3,3,5,60,1,0,1,4,4,17,125.0
1,1,1,1,0,0,3,0,3,3,3,1,4,1,0,1,0,1,1,0,1,0,0,4,1,3,3,2,2,45,1,0,1,14,1,17,126.0
0,1,0,0,0,0,2,0,3,2,0,0,1,4,3,0,1,0,1,0,0,0,1,3,4,4,3,1,1,15,0,1,0,6,16,17,127.0
0,1,1,1,0,0,1,4,2,1,0,1,3,1,3,0,1,1,1,1,0,1,1,3,2,5,4,4,3,7,1,0,1,16,19,17,128.0
1,1,1,1,1,0,0,1,3,3,2,1,4,2,3,0,0,0,1,0,1,1,1,1,2,2,5,2,2,37,1,0,1,9,2,17,129.0
1,0,0,1,0,0,3,3,0,1,1,0,1,4,2,1,1,1,0,1,0,0,1,4,4,4,3,5,1,32,1,1,1,14,16,17,130.0
0,0,0,1,1,0,4,3,2,4,1,1,1,1,0,1,0,1,0,0,0,1,0,2,2,5,4,1,3,1,1,0,1,5,12,17,131.0
0,1,0,1,1,0,1,0,3,0,3,0,3,2,0,1,1,1,1,0,1,1,1,2,5,1,2,5,1,21,0,0,0,11,14,17,132.0
1,1,1,0,0,1,0,3,4,0,1,0,4,1,2,0,1,1,1,0,0,0,1,5,5,5,3,5,1,42,0,1,1,14,11,17,133.0
0,0,0,0,1,1,2,2,4,4,0,2,1,3,0,1,0,1,1,0,0,0,0,4,5,2,1,1,3,0,1,1,1,14,16,16,134.0
0,0,0,0,0,0,4,2,0,4,2,0,1,2,0,1,1,1,0,0,0,0,1,4,5,1,1,3,5,0,1,1,1,15,15,16,135.0
0,0,0,1,1,0,4,3,0,3,2,0,1,2,0,1,0,1,0,0,0,0,0,4,5,2,1,1,5,0,1,1,1,17,16,16,136.0
0,1,0,0,1,0,4,2,2,4,2,0,1,2,0,1,0,1,1,0,0,0,1,4,2,3,1,1,5,0,1,1,1,15,16,16,137.0
0,1,0,1,0,0,3,1,4,4,1,1,2,4,0,1,0,1,1,1,0,0,1,4,4,2,2,3,3,0,1,1,1,16,16,16,138.0
0,1,0,0,0,0,4,4,1,1,3,0,1,3,0,1,0,0,0,0,0,0,0,5,4,5,1,1,4,0,1,1,1,14,15,16,139.0
0,0,0,0,1,0,4,4,0,0,2,1,1,2,0,1,0,1,0,0,0,0,1,5,4,4,1,2,5,0,1,1,1,15,15,16,140.0
0,1,0,0,1,0,4,2,1,2,0,1,1,2,0,1,1,0,1,0,0,0,0,4,2,3,1,1,3,0,1,1,1,14,15,16,141.0
0,0,0,0,1,0,1,0,4,4,1,0,2,2,0,1,0,0,0,0,0,0,0,4,3,2,1,1,3,0,1,1,1,13,15,16,142.0
0,0,0,0,1,0,4,4,2,0,0,0,1,1,0,1,1,1,1,0,0,0,1,5,2,3,1,2,5,0,1,1,1,17,15,16,143.0
0,1,0,0,1,0,4,3,1,4,0,0,1,2,0,1,0,1,0,0,0,0,1,4,3,5,1,5,2,0,1,1,1,16,16,16,144.0
0,0,0,0,0,0,4,4,0,0,0,0,1,1,0,1,0,0,1,0,0,0,0,1,4,2,2,2,1,0,1,1,1,16,15,16,145.0
0,0,0,0,1,0,3,3,4,2,1,0,1,1,0,1,1,1,0,1,0,0,1,4,3,5,3,5,5,0,1,1,1,14,15,16,146.0
0,0,0,1,1,0,4,3,0,2,2,0,1,3,0,1,1,1,1,0,0,0,0,5,3,2,1,2,4,0,1,1,1,16,15,16,147.0
1,1,0,0,0,0,1,1,3,2,2,1,2,3,0,1,1,1,1,0,0,0,1,5,3,2,1,1,4,0,1,1,1,18,16,16,148.0
1,0,0,0,0,0,3,1,2,2,2,0,2,1,0,1,1,1,1,1,0,0,1,2,4,5,3,4,2,0,1,1,1,14,16,16,149.0
1,1,1,1,0,0,4,3,1,4,1,2,2,3,3,1,1,0,0,1,1,0,1,4,4,1,4,3,3,15,1,0,0,3,2,16,150.0
1,1,1,0,1,0,1,4,3,4,3,2,4,4,1,0,1,1,1,1,0,0,1,1,5,3,2,1,5,17,1,0,1,10,19,16,151.0
0,1,1,0,0,0,2,1,2,0,0,1,3,4,2,1,0,0,1,0,0,1,1,1,4,4,2,3,4,13,1,0,1,13,12,16,152.0
1,0,1,0,1,1,4,2,1,2,1,0,2,2,2,0,1,0,0,1,1,1,1,4,3,2,5,3,4,68,1,0,1,9,1,16,153.0
1,1,0,1,1,1,3,0,3,0,3,1,4,4,2,1,0,0,1,0,1,0,0,2,1,5,1,5,3,18,1,1,0,10,11,16,154.0
1,1,1,1,1,1,2,2,0,2,0,2,1,2,0,0,1,1,0,1,0,1,1,4,2,1,4,4,3,15,1,1,0,12,3,16,155.0
0,0,0,0,0,0,1,1,1,3,1,0,2,1,3,0,1,1,0,0,1,0,1,4,5,4,1,3,3,44,1,1,1,19,7,16,156.0
0,1,0,1,0,1,1,4,4,0,1,2,1,2,2,0,1,1,1,1,0,0,1,4,5,1,1,3,2,26,1,0,0,9,17,16,157.0
0,1,0,0,0,1,0,0,4,0,0,0,4,2,0,0,1,0,1,1,1,0,0,5,5,5,2,5,1,3,0,0,1,18,2,16,158.0
1,1,0,1,1,0,0,2,3,0,1,1,3,1,3,1,1,1,1,1,0,0,0,3,1,3,4,2,1,22,1,0,0,14,10,16,159.0
0,1,0,1,0,1,0,2,2,3,0,2,1,1,0,0,0,0,0,1,1,0,0,1,5,5,5,1,1,15,0,1,1,7,9,16,160.0
1,1,1,1,1,0,1,3,2,4,0,2,2,2,1,0,1,1,1,0,0,1,0,5,1,5,3,2,3,2,0,1,1,9,8,16,161.0
1,1,1,1,1,1,3,2,3,0,2,2,3,2,0,0,0,0,0,0,1,1,0,3,5,3,3,1,3,2,0,1,0,8,16,16,162.0
0,1,1,0,0,1,2,3,1,0,2,1,1,2,3,1,1,1,1,1,0,1,0,1,1,4,1,4,3,24,1,1,0,10,3,16,163.0
0,1,1,1,1,0,0,0,3,2,2,0,1,3,0,0,1,1,0,0,1,1,0,5,4,3,3,3,1,57,1,0,1,6,12,16,164.0
1,0,1,0,0,0,0,4,1,3,0,0,1,2,0,0,0,1,0,0,1,1,0,5,3,5,4,5,4,47,0,1,1,13,2,16,165.0
1,1,1,1,1,0,3,2,1,3,0,0,2,2,2,1,1,0,0,1,1,1,0,3,3,3,2,3,4,68,0,0,1,15,0,16,166.0
1,1,1,0,1,1,3,3,3,4,1,0,1,4,2,0,1,0,1,1,0,1,1,3,2,5,4,1,5,8,0,1,1,3,4,16,167.0
0,0,0,0,0,0,4,2,0,2,1,1,2,4,1,0,0,0,0,0,0,1,0,3,2,4,1,5,5,49,0,0,0,5,7,16,168.0
1,0,1,0,0,0,4,4,3,3,1,1,2,4,2,1,0,1,1,0,0,0,1,5,4,3,2,1,1,21,1,0,0,15,5,16,169.0
0,0,0,0,0,1,2,1,4,3,1,1,2,3,0,1,1,1,0,0,0,1,0,2,2,1,2,1,2,64,0,1,1,15,16,16,170.0
0,1,1,0,1,1,2,0,0,4,1,0,2,1,3,1,0,0,0,1,0,0,1,5,4,2,4,5,3,24,0,0,1,7,19,16,171.0
0,1,0,1,0,0,4,3,3,4,3,1,4,4,1,0,0,0,0,1,0,1,1,2,3,4,2,5,1,32,1,0,1,4,3,16,172.0
1,0,0,0,0,0,0,3,0,3,3,2,1,1,2,0,1,0,1,0,1,1,0,5,3,1,2,4,4,53,0,0,1,19,0,16,173.0
0,1,0,0,0,0,4,4,1,2,0,1,2,2,2,1,0,0,0,0,1,1,0,2,1,1,2,5,2,9,0,0,0,4,7,16,174.0
1,0,0,1,1,0,1,0,3,4,3,2,4,1,1,0,1,1,0,1,0,1,0,2,5,1,4,3,4,35,0,1,0,9,5,16,175.0
0,1,0,0,1,0,4,2,1,2,0,0,1,3,0,1,0,0,0,0,0,0,0,3,2,2,1,1,5,0,1,1,1,15,14,15,176.0
0,0,0,0,0,0,4,3,2,4,1,0,1,2,0,1,0,0,0,0,0,0,1,5,4,2,1,2,5,0,1,1,1,15,15,15,177.0
0,0,0,0,1,0,3,4,4,4,0,0,1,2,0,1,0,0,0,0,0,0,1,5,5,1,1,1,5,0,1,1,1,14,15,15,178.0
0,0,0,0,1,0,4,3,0,4,1,0,1,2,0,1,1,1,1,0,0,0,1,4,4,1,1,1,1,0,1,1,1,13,14,15,179.0
0,0,0,0,1,0,4,4,1,1,3,1,1,1,0,1,0,0,1,0,0,0,1,5,4,2,1,1,5,0,1,1,1,12,15,15,180.0
0,0,0,0,1,0,4,2,1,2,3,0,1,1,0,1,1,0,1,0,0,0,1,2,2,4,2,4,1,0,1,1,1,15,16,15,181.0
0,0,0,0,1,0,3,2,4,4,0,0,1,1,0,1,0,0,1,1,0,0,1,5,4,3,1,1,5,0,1,1,1,12,14,15,182.0
0,0,0,1,1,1,4,4,4,0,1,0,2,3,0,1,0,1,0,0,0,0,0,2,4,3,1,1,5,0,1,1,1,15,16,15,183.0
0,1,0,0,1,1,4,3,2,2,1,0,1,2,0,1,0,0,0,0,0,0,1,4,3,2,1,1,1,0,1,1,1,14,15,15,184.0
0,0,0,0,1,0,4,4,0,1,1,0,1,2,0,1,0,1,0,0,0,1,1,3,2,2,1,1,5,0,1,1,1,14,15,15,185.0
0,1,0,0,0,0,4,3,0,2,2,0,3,2,0,1,0,1,0,0,0,0,1,5,4,3,1,2,1,0,1,1,1,16,15,15,186.0
0,0,0,0,1,0,3,1,4,4,1,1,2,4,0,1,0,0,1,0,0,0,1,4,3,2,1,1,5,0,1,1,1,13,15,15,187.0
0,0,0,0,0,0,2,2,2,2,0,0,2,2,0,1,1,0,0,0,0,0,1,5,3,3,1,3,4,0,1,1,1,15,15,15,188.0
0,0,0,1,1,0,4,3,2,4,1,0,2,1,0,0,0,1,0,1,0,0,1,3,3,3,1,1,4,0,1,1,1,11,15,15,189.0
0,1,0,0,1,0,1,2,3,2,2,0,1,2,0,1,1,1,1,1,0,0,1,3,2,3,1,2,1,0,1,1,1,16,15,15,190.0
0,0,0,0,1,0,2,2,2,2,0,1,1,4,0,1,0,0,0,0,0,0,1,5,5,4,1,2,5,0,1,1,1,16,14,15,191.0
0,1,0,0,1,0,4,4,0,0,2,0,2,1,0,1,1,1,0,0,0,0,1,4,3,2,1,1,5,0,1,1,1,16,16,15,192.0
0,0,0,1,1,0,2,2,3,4,2,0,3,1,0,1,1,1,1,1,0,1,1,4,2,2,1,2,3,0,1,1,1,17,15,15,193.0
0,0,0,0,0,0,2,1,4,4,2,0,1,2,0,1,1,0,0,0,0,0,0,4,2,3,1,2,5,0,1,1,1,15,15,15,194.0
0,1,0,0,0,0,2,4,2,2,2,1,1,2,0,1,1,1,0,0,0,0,0,4,3,2,1,1,5,0,1,1,1,14,15,15,195.0
0,1,0,0,0,0,3,2,4,4,1,0,2,2,0,1,1,0,1,0,0,0,1,4,4,4,1,3,1,0,1,1,1,14,15,15,196.0
0,1,0,0,1,0,3,2,4,4,2,0,1,2,0,1,1,1,0,1,0,0,1,5,3,4,1,3,3,0,1,1,1,16,15,15,197.0
0,0,0,0,1,0,0,2,4,4,3,0,1,1,0,1,1,0,1,1,0,0,1,4,3,2,2,4,5,0,1,1,1,13,15,15,198.0
0,0,0,0,0,1,4,4,0,0,1,0,1,2,0,1,0,0,0,0,0,0,1,5,4,3,1,1,2,0,1,1,1,15,13,15,199.0
0,1,0,0,1,0,4,3,1,2,1,0,1,3,0,1,0,0,1,0,0,0,1,4,2,2,1,2,3,0,1,1,1,15,15,15,200.0
0,1,0,0,1,0,3,1,2,2,2,1,1,3,0,1,0,1,1,1,0,0,1,3,4,3,2,3,5,0,1,1,1,12,14,15,201.0
0,1,0,0,0,0,0,2,3,3,0,1,2,3,0,1,1,1,1,0,0,0,1,3,3,3,2,3,2,0,1,1,1,16,15,15,202.0
0,1,0,0,1,0,3,4,2,4,2,0,1,3,0,1,1,1,1,0,0,0,1,4,4,5,1,3,5,0,1,1,1,16,15,15,203.0
0,0,0,0,0,0,3,4,2,4,0,0,1,2,0,1,1,1,0,0,0,0,0,4,3,3,1,3,5,0,1,1,1,16,15,15,204.0
0,1,0,0,1,0,4,3,1,4,1,0,1,3,0,1,0,0,0,0,0,0,0,4,4,3,1,3,4,0,1,1,1,13,15,15,205.0
1,1,0,0,0,0,4,4,3,3,2,0,1,2,0,1,0,0,0,0,0,0,0,2,3,4,1,1,1,0,1,1,1,16,15,15,206.0
1,1,1,0,1,0,4,2,1,4,2,2,2,3,2,1,0,0,1,1,0,0,0,5,4,3,1,1,3,0,1,1,1,15,14,15,207.0
1,1,0,0,1,0,3,3,4,4,0,0,1,2,0,1,1,0,1,0,0,0,0,4,1,3,1,2,1,0,1,1,1,15,15,15,208.0
0,0,1,1,1,0,0,0,0,3,2,2,4,2,2,1,0,1,0,1,1,0,0,5,5,2,5,4,1,35,1,1,1,3,17,15,209.0
1,0,1,0,0,1,2,4,2,1,3,1,2,1,0,0,0,1,1,0,1,1,1,1,5,2,2,5,5,23,0,0,0,11,12,15,210.0
1,1,0,0,1,1,1,4,0,4,1,1,1,1,0,1,0,0,1,1,0,0,1,2,3,2,3,4,4,70,0,1,0,12,4,15,211.0
1,0,1,1,1,0,4,0,4,3,2,0,3,2,0,1,1,1,0,0,1,0,0,3,3,3,4,3,2,27,1,0,0,7,15,15,212.0
1,0,0,1,1,0,4,0,0,1,0,0,3,2,2,1,0,0,0,1,1,1,0,2,5,4,1,2,5,44,0,0,0,19,13,15,213.0
1,1,1,0,0,1,1,1,0,3,0,2,2,1,2,1,1,1,0,0,1,0,0,3,3,2,1,2,3,44,1,1,1,9,14,15,214.0
0,1,1,0,1,0,2,3,4,2,3,0,2,1,1,1,1,1,1,0,0,1,0,4,3,1,2,2,1,75,1,1,1,3,16,15,215.0
0,0,0,1,0,1,0,4,1,1,2,2,2,3,1,0,0,0,1,0,1,0,0,3,2,3,2,1,4,4,1,1,1,5,5,15,216.0
0,1,1,0,1,1,2,1,1,4,2,0,2,4,1,1,0,0,1,0,1,0,1,3,4,1,5,2,2,5,0,0,0,6,16,15,217.0
0,0,0,1,0,1,1,4,2,4,2,2,1,2,2,0,1,0,1,1,0,1,1,1,3,5,3,4,5,48,1,1,1,18,12,15,218.0
1,0,0,1,1,0,1,3,0,2,1,1,1,4,2,1,1,0,0,1,1,0,0,4,4,3,1,5,2,36,1,0,0,4,10,15,219.0
1,0,0,1,1,0,0,2,2,1,1,1,3,2,3,0,0,0,0,1,1,1,1,1,4,5,4,1,1,29,1,1,1,8,16,15,220.0
0,0,1,1,0,1,4,1,3,4,3,2,2,1,0,1,1,0,1,0,0,1,0,3,1,3,4,2,4,67,1,1,1,15,2,15,221.0
1,0,1,1,0,1,3,0,0,2,3,1,2,4,2,1,1,1,1,1,0,1,1,1,3,3,3,4,5,12,1,1,0,12,6,15,222.0
0,0,0,0,0,0,4,4,1,2,2,1,1,1,0,1,0,0,0,0,0,0,1,4,3,3,1,3,5,0,1,1,1,14,14,14,223.0
0,1,0,0,1,0,4,4,1,4,0,0,1,1,0,1,0,1,1,0,0,0,1,4,4,4,1,2,2,0,1,1,1,14,14,14,224.0
0,1,0,0,1,0,4,4,2,2,1,0,1,3,0,1,0,0,0,0,0,0,1,3,2,3,1,2,2,0,1,1,1,13,14,14,225.0
0,0,0,0,1,0,4,2,0,4,0,0,1,2,0,1,0,0,1,0,0,1,1,4,3,3,2,2,5,0,1,1,1,15,15,14,226.0
0,0,0,0,1,0,3,1,4,4,1,0,1,1,0,1,1,1,0,0,0,1,1,5,3,2,2,2,5,0,1,1,1,12,12,14,227.0
0,1,0,0,1,0,4,2,4,4,1,0,1,3,0,1,0,1,0,0,0,0,1,5,3,3,1,3,1,0,1,1,1,13,14,14,228.0
0,0,0,0,0,0,2,2,2,1,1,0,1,4,0,1,0,1,0,0,0,0,1,4,3,4,1,1,4,0,1,1,1,11,13,14,229.0
0,1,0,0,1,0,4,4,4,4,1,0,1,1,0,1,1,1,0,1,0,0,1,5,3,4,1,2,1,0,1,1,1,11,14,14,230.0
0,0,0,0,1,0,4,4,2,4,2,0,1,1,0,1,0,1,0,1,0,0,1,5,3,3,1,1,5,0,1,1,1,10,13,14,231.0
0,0,0,0,1,0,4,4,4,0,1,1,2,2,0,1,0,1,0,0,0,1,1,4,4,3,1,1,2,0,1,1,1,11,13,14,232.0
0,0,0,0,0,0,2,1,3,4,2,0,1,1,1,1,1,1,0,0,0,1,0,4,4,4,3,5,5,0,1,1,1,12,13,14,233.0
0,1,0,0,1,0,4,4,1,1,1,0,1,2,0,1,0,0,1,0,0,0,0,4,4,2,1,1,3,0,1,1,1,14,14,14,234.0
0,0,0,0,1,0,2,3,4,4,0,1,2,1,0,1,1,1,1,0,0,0,1,5,3,3,1,1,3,0,1,1,1,13,14,14,235.0
0,1,0,0,1,1,2,2,4,4,1,0,1,2,0,0,0,0,1,0,0,0,1,3,3,4,1,1,4,0,1,1,1,12,13,14,236.0
0,1,0,0,1,0,4,4,0,2,0,0,1,3,0,1,0,1,0,1,0,0,1,5,3,2,1,1,5,0,1,1,1,13,13,14,237.0
0,1,0,0,0,0,4,3,1,4,1,1,1,2,0,1,1,1,0,0,0,0,0,3,2,3,1,2,3,0,1,1,1,13,13,14,238.0
0,0,0,0,1,0,2,1,4,4,0,0,1,2,0,1,1,1,0,0,0,0,1,5,2,4,1,2,4,0,1,1,1,15,14,14,239.0
0,1,0,0,1,0,2,3,4,2,1,1,1,4,0,1,0,0,0,0,0,0,0,4,5,5,1,3,2,0,1,1,1,15,14,14,240.0
0,0,0,1,1,0,1,2,3,3,0,0,1,2,0,1,0,0,0,1,0,1,0,3,5,2,2,2,1,0,1,1,1,15,14,14,241.0
0,0,0,0,1,0,2,1,2,2,1,0,1,3,0,1,1,0,0,0,0,0,1,4,2,4,1,3,2,0,1,1,1,15,14,14,242.0
0,0,0,1,0,0,3,2,2,4,1,0,2,3,0,1,0,0,0,0,0,0,1,5,4,2,1,1,4,0,1,1,1,14,13,14,243.0
0,1,0,0,1,0,4,3,4,4,1,1,1,4,0,1,0,0,1,0,0,0,1,4,3,3,1,1,3,0,1,1,1,14,13,14,244.0
0,1,0,0,1,0,4,2,4,4,1,0,2,3,0,1,0,0,1,0,0,0,1,4,3,3,1,1,3,0,1,1,1,15,12,14,245.0
0,1,0,0,1,0,4,4,0,0,2,0,2,3,0,1,0,0,1,1,0,0,0,4,3,3,1,2,4,0,1,1,1,14,14,14,246.0
0,1,0,1,1,0,2,4,3,4,2,1,1,3,0,1,0,1,1,0,0,0,0,4,4,3,1,1,5,0,1,1,1,12,14,14,247.0
0,1,0,0,1,0,3,2,4,2,3,0,1,3,0,1,1,1,1,0,0,0,0,5,4,3,2,3,1,0,1,1,1,13,13,14,248.0
1,0,0,0,1,0,4,4,0,0,0,1,1,2,0,1,1,0,0,1,0,0,1,3,2,4,1,4,2,0,1,1,1,15,14,14,249.0
1,1,0,0,0,0,3,3,2,4,0,1,3,3,3,1,1,1,0,1,1,0,1,4,5,5,2,1,3,20,1,0,1,9,5,14,250.0
1,0,0,1,1,0,3,0,3,0,2,1,4,3,1,0,0,1,1,0,0,0,0,5,1,2,5,3,4,40,1,0,0,11,0,14,251.0
1,0,1,0,1,1,2,3,3,3,1,1,3,1,3,1,0,1,0,0,1,0,1,3,4,2,1,1,1,42,0,0,1,17,15,14,252.0
1,1,1,1,0,1,1,4,3,3,0,2,4,1,0,1,0,0,0,1,0,0,0,5,5,2,2,4,3,58,0,0,1,14,11,14,253.0
1,0,0,0,0,1,2,0,2,4,3,0,4,1,3,1,0,1,0,0,1,1,0,2,3,3,5,5,4,37,0,1,1,16,11,14,254.0
0,1,1,0,0,1,2,0,3,3,0,0,4,2,1,1,1,0,0,1,1,0,1,4,1,2,4,2,5,45,1,0,0,12,2,14,255.0
1,0,1,0,1,0,2,4,0,4,3,1,4,1,2,0,1,1,1,1,0,1,0,2,4,4,3,3,2,56,1,0,1,6,8,14,256.0
0,0,0,0,1,0,2,1,1,2,0,1,2,2,1,0,0,0,0,0,1,1,1,2,5,1,5,2,2,22,1,1,1,12,0,14,257.0
1,1,0,1,0,1,4,4,3,1,1,0,3,1,0,1,0,0,1,0,1,0,0,5,3,3,4,4,1,44,1,0,0,15,10,14,258.0
1,0,1,0,0,1,2,3,2,2,1,2,1,4,1,0,1,0,1,0,0,0,1,1,1,1,2,5,2,73,1,1,0,3,6,14,259.0
1,0,1,0,0,0,1,0,3,2,2,0,4,4,1,1,0,1,0,0,0,1,1,1,4,2,5,2,3,51,1,1,1,16,15,14,260.0
0,0,0,1,0,1,4,3,2,1,1,2,4,2,3,0,0,1,1,0,0,0,1,1,4,5,4,2,1,49,0,1,0,14,1,14,261.0
0,0,1,1,0,1,4,2,4,4,2,2,4,4,0,0,0,0,1,0,0,1,0,2,4,3,2,2,2,24,0,0,0,6,12,14,262.0
0,0,0,0,1,0,4,2,2,4,2,0,3,3,3,0,0,1,0,0,0,0,0,5,3,4,1,2,4,33,1,0,0,9,2,14,263.0
1,1,1,1,1,1,4,2,0,0,1,0,4,3,1,1,1,0,1,0,0,0,0,1,2,4,5,3,1,11,1,0,1,8,12,14,264.0
1,0,1,0,1,1,4,3,3,1,0,1,4,1,3,0,1,0,1,1,0,1,0,1,5,3,2,1,1,17,1,1,1,10,19,14,265.0
1,0,1,1,1,1,4,0,3,1,3,2,4,2,3,1,1,0,1,1,1,0,1,4,3,4,1,5,1,74,0,1,1,6,9,14,266.0
0,1,1,1,0,1,1,4,2,2,2,2,1,1,0,1,1,0,0,1,1,1,0,4,4,5,5,5,1,71,0,0,0,8,16,14,267.0
1,1,0,1,1,0,3,2,1,3,1,2,1,4,0,1,0,0,0,0,1,0,0,1,3,1,2,2,5,0,0,1,1,19,7,14,268.0
1,1,1,1,1,1,1,3,2,3,3,2,1,1,2,1,0,1,1,0,0,0,0,1,4,2,1,4,2,15,1,0,0,8,18,14,269.0
1,1,1,0,0,1,3,0,4,2,0,1,4,1,3,0,1,1,1,1,0,0,1,5,1,3,3,5,4,25,0,0,0,12,10,14,270.0
0,0,0,1,0,0,3,0,0,0,0,1,3,1,1,1,1,1,0,0,0,1,1,5,1,2,3,4,5,41,1,1,0,3,3,14,271.0
1,1,1,1,1,0,4,3,4,2,1,2,1,4,2,1,0,1,0,1,1,0,0,5,3,1,4,5,4,49,1,0,1,3,5,14,272.0
1,0,0,0,0,1,1,2,4,1,0,2,4,4,3,1,1,1,1,0,1,1,0,4,3,1,3,4,3,64,1,0,1,15,2,14,273.0
1,1,1,1,1,1,3,0,0,4,3,1,2,2,3,1,0,1,1,0,1,1,1,1,3,5,3,4,3,15,1,0,0,15,17,14,274.0
1,1,0,1,1,1,1,0,3,2,0,2,3,2,1,1,1,1,0,0,0,0,0,4,3,2,4,5,5,48,0,0,0,12,8,14,275.0
1,1,0,1,0,1,3,0,2,0,1,0,2,4,2,1,0,1,0,1,0,0,0,1,4,2,2,5,2,63,1,1,1,19,14,14,276.0
1,1,0,1,1,0,3,2,3,0,1,1,4,2,0,1,1,0,0,0,0,0,1,5,5,2,4,5,4,71,1,1,0,10,0,14,277.0
0,1,0,0,0,1,0,3,4,4,3,0,4,2,3,1,0,0,1,0,1,1,1,2,5,4,2,2,3,65,1,1,0,16,10,14,278.0
0,0,1,1,0,1,3,2,0,2,0,1,4,2,1,0,0,0,0,0,0,1,1,5,3,1,1,2,1,22,0,0,1,10,3,14,279.0
1,0,1,1,1,1,4,3,3,1,2,0,1,2,1,0,0,0,1,1,1,1,0,1,4,2,5,4,2,57,1,0,1,15,5,14,280.0
0,1,0,1,0,0,4,3,1,3,0,1,3,2,0,0,1,0,0,0,0,1,1,2,5,2,3,4,5,44,1,0,1,19,14,14,281.0
0,0,0,1,0,1,4,1,0,2,1,2,2,4,3,1,0,1,0,0,0,1,0,5,2,4,2,2,1,7,0,1,1,4,2,14,282.0
0,1,0,1,1,0,2,2,3,4,1,0,1,1,0,0,0,0,0,0,0,1,1,4,3,1,1,1,2,0,1,1,1,14,13,13,283.0
0,1,0,0,0,0,2,2,2,2,2,0,3,2,0,1,0,0,1,0,0,0,1,4,3,3,2,3,4,0,1,1,1,12,13,13,284.0
0,1,0,0,0,0,4,2,1,4,3,0,1,2,0,1,0,0,1,0,0,0,1,4,3,3,1,1,5,0,1,1,1,11,13,13,285.0
0,1,0,0,0,1,3,3,4,4,3,0,1,1,0,1,1,0,1,0,0,0,1,5,3,4,4,4,1,0,1,1,1,10,13,13,286.0
0,0,0,1,1,0,4,4,4,4,0,1,4,4,0,1,0,0,0,0,0,0,0,1,3,5,3,5,1,0,1,1,1,10,13,13,287.0
0,1,0,0,1,0,2,2,3,4,0,0,1,2,1,0,1,1,0,0,0,0,1,3,1,2,1,1,5,0,1,1,1,10,13,13,288.0
0,0,0,0,1,0,3,3,4,2,0,1,2,1,0,1,1,1,0,0,0,0,1,5,4,2,1,1,5,0,1,1,1,13,14,13,289.0
0,0,0,0,1,0,3,4,4,4,1,1,1,1,0,1,1,1,1,0,0,0,1,3,4,3,1,2,4,0,1,1,1,14,13,13,290.0
0,1,0,0,0,0,2,4,4,1,2,1,2,2,0,1,0,0,0,0,0,0,0,4,2,2,1,2,5,0,1,1,1,13,13,13,291.0
0,0,0,0,1,0,4,4,1,4,2,0,1,1,0,1,0,1,0,0,0,0,1,3,4,4,1,4,5,0,1,1,1,14,11,13,292.0
0,1,0,0,0,0,1,1,3,3,2,0,1,1,0,1,1,1,1,0,0,0,1,3,4,4,3,3,1,0,1,1,1,14,14,13,293.0
0,0,0,1,0,0,1,2,4,4,1,0,1,1,0,1,1,1,1,0,0,1,1,2,2,2,3,3,5,0,1,1,1,16,12,13,294.0
0,1,0,0,1,0,2,3,2,2,2,0,1,2,0,1,1,1,1,0,0,0,1,4,3,3,1,1,2,0,1,1,1,11,12,13,295.0
0,1,0,0,1,0,4,3,0,4,3,0,1,2,0,1,1,0,0,0,0,0,0,1,3,2,1,1,1,0,1,1,1,11,12,13,296.0
0,0,0,0,0,0,4,4,2,4,0,0,1,2,0,1,0,0,1,0,0,0,0,5,3,5,4,5,3,0,1,1,1,12,12,13,297.0
0,0,0,0,1,0,2,2,4,4,0,0,2,2,0,1,0,0,1,0,0,0,1,3,3,3,5,5,4,0,1,1,1,12,13,13,298.0
0,0,0,0,1,0,4,4,1,4,1,1,1,2,0,1,0,0,0,0,0,0,1,4,2,4,2,4,1,0,1,1,1,14,13,13,299.0
0,0,0,0,0,0,2,2,4,4,0,1,1,2,0,1,1,0,0,1,0,0,0,4,4,2,5,5,4,0,1,1,1,14,13,13,300.0
0,0,0,0,1,0,2,3,4,4,2,1,2,1,0,1,1,1,1,0,0,0,1,5,2,2,1,1,2,0,1,1,1,12,12,13,301.0
0,1,0,0,0,0,4,2,0,2,1,0,1,4,0,1,0,0,0,0,0,0,1,4,2,3,1,1,4,0,1,1,1,14,12,13,302.0
0,1,0,0,0,0,2,1,2,3,1,0,1,2,1,1,1,1,1,0,0,0,0,5,4,3,1,1,5,0,1,1,1,12,12,13,303.0
0,0,1,0,1,0,3,3,4,4,0,2,1,2,1,1,0,1,0,0,0,0,0,4,4,4,1,1,3,0,1,1,1,15,14,13,304.0
0,1,1,0,1,0,2,1,3,4,3,2,3,2,0,1,0,1,1,0,1,0,0,3,4,1,1,1,2,0,1,1,1,14,12,13,305.0
0,1,1,0,1,0,1,1,3,1,0,2,1,3,2,1,1,1,1,1,0,0,0,4,1,2,1,1,3,0,1,1,1,15,13,13,306.0
0,1,0,0,1,1,4,3,2,2,2,0,1,2,0,1,0,0,1,0,0,0,0,5,2,2,1,2,5,0,1,1,1,13,13,13,307.0
0,1,1,1,1,1,3,1,2,3,0,2,1,3,1,1,1,0,1,0,0,1,1,5,4,3,1,2,5,0,1,1,1,14,13,13,308.0
1,0,0,1,1,0,3,2,4,4,2,0,2,1,1,1,0,1,1,1,0,0,1,2,5,5,5,5,5,0,1,1,1,11,13,13,309.0
1,0,0,0,1,0,3,3,1,4,2,0,2,2,0,1,0,0,1,0,0,0,1,4,5,4,2,3,3,0,1,1,1,13,13,13,310.0
1,1,0,1,1,0,4,4,0,2,3,1,2,2,0,1,0,0,0,0,0,0,1,4,3,3,1,2,5,0,1,1,1,12,13,13,311.0
1,1,0,1,0,1,1,4,3,4,2,0,3,2,0,1,1,1,1,0,0,1,0,4,3,4,1,4,5,0,1,1,1,13,13,13,312.0
1,0,0,0,0,0,4,4,0,2,3,0,2,3,0,1,1,0,1,0,0,0,0,4,2,2,2,2,5,0,1,1,1,13,13,13,313.0
0,0,1,0,0,0,2,0,0,3,0,1,3,3,1,1,0,1,1,1,1,1,0,5,2,5,1,3,4,36,0,1,0,3,0,13,314.0
1,1,1,1,1,0,4,0,4,1,3,1,2,4,2,1,0,1,0,1,1,0,1,4,4,4,4,4,2,49,0,1,0,5,0,13,315.0
1,0,0,1,1,1,3,3,3,0,3,1,4,4,2,1,0,1,1,0,0,0,1,1,3,4,1,4,4,41,0,0,0,16,9,13,316.0
0,0,1,0,1,0,0,3,2,3,0,1,2,1,2,0,1,1,1,1,1,0,0,3,1,1,3,2,1,28,0,1,1,13,17,13,317.0
0,0,0,1,1,1,3,3,3,1,2,2,2,3,1,0,0,1,1,1,1,1,1,4,4,2,3,4,3,8,1,1,0,17,0,13,318.0
1,0,0,1,1,0,1,2,0,4,1,0,4,3,0,1,1,1,1,1,0,1,1,5,2,2,1,2,5,68,0,0,0,8,12,13,319.0
1,0,0,0,1,1,4,0,3,4,0,0,2,3,3,1,0,0,0,1,1,1,1,3,1,1,4,1,4,39,1,0,0,18,2,13,320.0
1,1,0,0,1,0,3,3,2,1,2,1,3,1,1,0,1,1,1,1,1,0,0,1,5,2,1,2,5,61,1,1,0,9,13,13,321.0
1,0,1,1,1,1,1,3,0,4,0,2,4,4,2,1,1,0,0,1,1,0,1,4,3,3,3,4,3,34,0,1,0,3,19,13,322.0
1,1,1,0,0,1,0,3,2,3,2,1,4,1,2,1,0,1,0,1,1,1,0,2,4,4,3,4,1,60,1,0,0,4,2,13,323.0
0,0,0,1,1,0,1,0,3,4,0,2,4,4,2,1,0,0,1,0,1,1,1,1,2,4,5,2,5,29,1,0,1,12,9,13,324.0
1,1,0,1,0,1,1,1,1,0,1,2,2,1,3,1,0,0,1,0,1,0,1,3,1,4,3,2,3,20,0,1,0,3,9,13,325.0
1,1,0,0,0,1,4,1,4,2,3,2,1,2,3,1,1,1,0,1,0,0,1,4,3,3,4,3,4,33,1,1,1,14,3,13,326.0
0,0,1,1,0,0,0,4,3,1,1,2,3,4,3,1,1,1,0,0,0,0,1,2,4,4,2,2,1,15,0,1,0,14,16,13,327.0
1,1,1,1,1,0,2,4,4,3,3,0,4,2,2,0,0,0,1,0,1,1,1,5,3,4,4,2,1,33,1,1,0,13,10,13,328.0
0,1,0,1,0,1,1,2,3,0,0,1,2,2,3,0,1,1,0,0,0,0,0,1,2,5,2,4,2,29,1,1,1,7,9,13,329.0
0,1,1,0,1,0,4,0,3,1,2,0,2,3,1,1,1,0,0,0,0,0,1,4,5,5,3,2,5,41,1,1,0,6,13,13,330.0
1,1,0,1,1,1,3,4,2,1,3,2,3,1,2,0,0,1,1,1,1,0,0,3,1,4,2,5,1,45,1,0,0,18,13,13,331.0
0,0,1,1,1,0,3,4,4,2,2,1,2,1,2,0,1,1,0,0,0,0,0,1,1,3,4,1,5,75,0,1,0,13,5,13,332.0
0,0,1,0,0,0,3,3,2,4,1,1,3,2,3,1,1,1,0,0,0,0,1,1,2,2,3,2,2,39,1,1,1,19,8,13,333.0
0,0,0,0,1,0,0,4,1,3,1,1,4,3,1,1,0,1,1,0,1,1,1,1,5,3,5,2,3,46,0,1,0,15,8,13,334.0
0,1,0,0,1,0,2,1,2,4,1,1,3,3,0,1,0,1,0,0,0,0,1,5,2,2,1,1,4,0,1,1,1,10,12,12,335.0
0,0,0,0,0,0,2,2,4,4,1,0,2,2,0,1,0,1,0,0,0,0,1,5,4,4,2,4,5,0,1,1,1,13,13,12,336.0
0,0,0,0,1,0,4,4,1,2,0,0,1,2,0,1,0,0,1,1,0,0,1,5,4,2,3,4,5,0,0,1,1,9,11,12,337.0
0,0,0,0,0,0,3,3,4,4,2,0,1,2,0,1,1,1,0,1,0,0,1,5,3,2,1,1,2,0,0,1,1,8,10,12,338.0
0,0,0,0,0,0,4,4,0,4,0,2,1,1,0,1,0,1,1,1,0,0,0,5,4,3,2,4,5,0,1,1,1,12,12,12,339.0
0,0,0,0,1,1,4,4,4,2,1,0,1,4,0,1,0,1,0,1,0,0,0,1,3,3,5,5,3,0,1,1,1,13,13,12,340.0
0,0,0,0,1,0,2,3,4,2,2,1,1,1,0,0,0,0,0,1,0,0,0,3,2,2,1,3,3,0,1,1,1,10,12,12,341.0
0,0,0,0,1,0,3,4,2,2,0,1,1,1,0,0,1,1,1,0,0,0,1,5,5,5,3,2,5,0,1,1,1,13,13,12,342.0
0,1,0,0,0,0,2,2,4,4,2,1,1,1,0,1,0,1,1,0,0,0,0,3,4,4,1,3,5,0,1,1,1,10,13,12,343.0
0,0,0,0,0,0,1,1,2,4,2,0,1,2,1,1,1,1,1,0,0,1,0,4,4,4,1,3,5,0,1,1,1,14,12,12,344.0
0,1,0,0,1,0,4,4,4,0,2,0,1,1,0,0,0,1,1,0,0,1,0,4,2,1,1,1,4,0,1,1,1,11,11,12,345.0
0,0,0,0,1,0,3,3,4,2,2,1,1,2,1,1,0,0,1,0,0,0,0,4,5,5,4,4,5,0,1,1,1,10,12,12,346.0
0,0,0,0,1,0,3,2,2,2,2,0,2,1,1,1,0,1,0,1,1,1,1,4,5,2,1,1,2,0,1,1,1,12,11,12,347.0
0,0,0,0,1,0,3,3,2,4,0,0,1,2,0,1,1,0,0,0,0,0,0,4,2,3,1,2,3,0,1,1,1,12,13,12,348.0
0,1,0,0,1,0,3,2,4,4,1,0,1,2,0,1,0,0,1,0,0,0,1,1,2,2,1,2,1,0,1,1,1,12,13,12,349.0
0,0,0,0,0,0,2,3,2,2,1,1,1,2,0,1,0,0,1,1,0,0,1,5,3,3,1,3,3,0,1,1,1,12,11,12,350.0
0,1,0,0,1,1,2,1,4,4,2,0,2,3,0,1,1,1,0,0,0,0,0,3,2,3,1,2,3,0,1,1,1,12,10,12,351.0
0,1,0,0,1,0,2,1,4,4,0,0,1,1,0,1,1,1,1,0,0,0,0,4,5,2,1,1,5,0,1,1,1,13,12,12,352.0
0,0,0,0,0,0,4,3,1,4,2,0,2,2,0,1,1,1,0,0,0,0,0,2,5,5,1,4,5,0,1,1,1,12,12,12,353.0
0,0,0,1,0,1,4,4,0,4,2,0,2,2,0,1,0,0,1,0,0,0,1,3,3,3,2,3,4,0,1,1,1,10,11,12,354.0
0,0,0,0,1,0,4,4,2,2,2,0,1,1,0,1,1,1,0,0,0,0,1,5,3,2,1,2,5,0,1,1,1,13,12,12,355.0
0,0,0,1,1,0,2,1,4,4,2,0,1,1,0,1,1,1,1,1,0,0,1,4,4,2,2,4,5,0,0,1,1,8,12,12,356.0
0,0,0,1,1,0,3,2,4,4,2,0,1,3,0,1,1,1,0,1,0,1,1,5,3,2,1,1,3,0,1,1,1,13,12,12,357.0
0,1,0,0,0,0,2,2,2,4,2,0,2,2,0,0,0,0,1,0,0,0,0,4,4,4,2,3,5,0,1,1,1,12,12,12,358.0
0,1,0,1,0,0,1,1,3,4,1,0,2,4,0,1,0,0,0,0,0,1,1,5,2,2,1,1,3,0,1,1,1,12,12,12,359.0
0,1,0,0,1,0,1,1,2,0,1,0,1,3,0,1,0,0,1,0,0,0,1,4,3,3,1,1,3,0,1,1,1,13,12,12,360.0
0,1,0,0,1,0,2,4,2,3,1,2,1,2,1,1,0,0,0,0,0,0,1,4,4,3,1,1,3,0,1,1,1,14,12,12,361.0
0,0,1,1,1,0,3,3,4,2,1,1,1,2,1,1,1,1,0,0,0,1,0,4,5,3,1,2,5,0,1,1,1,15,12,12,362.0
1,0,0,1,0,0,1,1,3,4,3,0,2,2,1,1,1,1,0,1,1,1,1,4,4,3,2,3,5,0,1,1,1,13,12,12,363.0
1,1,0,1,1,0,1,2,4,2,2,1,2,2,0,1,1,1,1,1,0,1,1,3,2,2,1,2,3,0,1,1,1,12,11,12,364.0
1,0,0,1,0,0,1,2,3,2,3,1,3,1,0,1,0,0,0,0,1,0,0,4,3,3,2,3,3,0,1,1,1,14,12,12,365.0
0,1,0,0,0,0,0,1,2,3,3,1,2,1,0,1,0,1,0,1,0,0,1,5,2,2,5,2,3,4,1,0,1,18,2,12,366.0
0,0,0,0,0,1,3,3,0,1,3,0,3,2,1,0,0,1,0,0,1,1,0,5,5,2,5,5,1,41,0,1,1,13,3,12,367.0
0,0,0,1,1,1,3,3,4,3,3,1,3,3,3,0,0,1,1,0,0,0,1,4,1,5,4,1,3,65,0,1,0,13,2,12,368.0
0,1,1,0,0,1,3,4,0,2,0,1,3,4,0,1,0,0,0,0,0,0,1,1,5,3,4,5,5,25,1,0,0,12,5,12,369.0
1,1,0,1,1,0,1,0,4,3,1,1,1,3,1,1,1,0,1,0,1,0,0,5,2,4,3,3,4,68,0,0,1,10,19,12,370.0
1,0,1,0,1,0,2,1,2,4,2,2,3,4,3,1,0,1,1,1,1,0,1,1,4,1,5,3,5,47,0,1,0,14,11,12,371.0
0,1,0,0,1,1,0,4,3,4,3,1,1,1,2,1,1,1,1,1,1,0,0,4,1,4,1,1,5,65,1,1,0,14,16,12,372.0
0,0,0,0,0,0,3,1,2,0,3,2,4,3,0,0,0,1,0,1,0,0,0,1,1,1,2,2,3,27,1,1,0,12,7,12,373.0
0,1,1,0,1,1,1,1,2,4,3,2,4,3,1,1,1,0,0,1,0,0,1,1,4,5,2,1,1,59,1,1,0,11,5,12,374.0
0,0,0,1,0,0,2,3,1,2,0,1,1,1,2,1,1,0,0,0,1,1,0,1,2,4,2,4,5,64,0,0,0,18,7,12,375.0
1,0,1,1,0,1,4,0,0,2,1,1,4,2,0,1,0,1,1,0,0,0,0,2,1,2,3,2,3,32,1,0,1,13,9,12,376.0
1,1,0,1,0,0,2,4,2,4,1,1,1,1,1,1,1,1,1,0,1,0,0,2,4,2,2,4,5,68,0,1,1,19,17,12,377.0
1,0,1,1,1,1,2,2,0,1,3,1,4,2,1,1,1,1,0,0,0,0,0,2,4,3,4,4,5,72,0,0,0,6,12,12,378.0
0,1,0,1,0,1,4,3,2,1,0,1,1,2,1,1,1,1,1,0,0,0,0,3,1,2,4,1,5,31,1,0,0,10,9,12,379.0
0,1,1,1,1,0,3,3,3,3,3,0,3,2,0,0,0,1,0,0,1,0,1,1,4,5,3,3,2,2,1,1,0,17,8,12,380.0
0,1,1,0,0,0,0,3,2,0,3,1,1,4,0,0,0,0,0,0,0,0,1,2,2,2,1,4,5,44,0,1,1,8,14,12,381.0
1,1,0,0,0,0,2,1,3,2,1,2,4,1,1,0,0,1,1,1,1,0,1,2,4,1,3,5,4,5,1,0,1,19,12,12,382.0
0,1,1,0,0,0,3,0,2,3,3,0,3,1,3,1,0,0,0,0,1,1,1,4,1,2,3,3,1,21,0,1,1,18,16,12,383.0
0,1,1,0,1,0,4,3,1,4,1,2,3,1,0,1,0,1,0,1,0,1,0,5,1,1,3,4,4,70,0,0,0,16,18,12,384.0
0,0,0,0,0,1,2,0,2,3,3,2,2,4,1,1,1,1,0,1,0,0,0,5,3,2,2,3,5,64,0,1,0,10,3,12,385.0
0,1,1,0,0,1,0,4,2,3,1,1,4,1,3,1,0,0,1,0,1,0,1,1,4,5,1,2,1,40,0,0,0,7,14,12,386.0
0,1,1,0,0,1,0,1,4,0,1,1,1,2,1,0,0,1,0,1,1,0,1,2,2,3,2,4,4,73,0,1,0,5,15,12,387.0
1,0,1,0,1,1,3,0,2,4,1,2,3,4,3,1,0,0,0,0,1,0,1,4,5,5,5,5,1,7,1,0,0,5,8,12,388.0
1,0,0,0,1,1,3,4,0,3,3,1,4,4,0,0,0,0,0,1,0,0,1,3,5,3,4,3,5,38,0,1,0,11,7,12,389.0
0,0,0,0,0,0,2,2,4,4,0,0,1,2,0,1,1,1,1,0,0,0,1,4,4,4,1,1,3,0,1,1,1,12,12,11,390.0
0,0,0,0,1,0,4,3,0,4,2,0,2,2,0,1,0,0,1,0,0,0,1,5,4,3,1,2,3,0,1,1,1,10,10,11,391.0
0,0,0,0,1,0,2,2,4,4,0,0,1,1,0,1,0,0,1,0,0,0,1,4,2,2,1,2,5,0,1,1,1,12,12,11,392.0
0,0,0,0,0,1,3,4,2,4,0,0,1,2,0,0,0,1,0,0,0,0,1,5,3,3,1,1,5,0,1,1,1,11,11,11,393.0
0,0,0,0,1,0,4,4,0,0,0,0,1,2,0,1,0,0,0,0,0,0,0,4,4,5,5,5,5,0,1,1,1,10,12,11,394.0
0,1,0,1,1,0,3,4,2,1,2,0,1,3,0,0,0,0,0,0,0,0,1,4,3,2,1,1,5,0,1,1,1,12,12,11,395.0
0,1,0,0,0,0,2,2,4,4,0,0,2,2,1,1,0,1,0,1,0,0,0,3,3,3,1,2,3,0,0,1,1,7,10,11,396.0
0,0,0,0,1,0,2,2,2,2,2,1,1,1,0,0,0,1,1,0,0,0,1,5,4,1,1,1,1,0,0,0,1,8,8,11,397.0
0,1,0,0,0,1,3,3,4,2,0,0,1,2,0,1,0,1,1,0,0,0,1,2,3,5,1,4,3,0,1,1,1,11,12,11,398.0
0,1,0,0,1,0,4,4,2,2,2,0,1,1,0,0,0,0,1,0,0,0,1,3,3,4,2,3,5,0,0,1,1,8,10,11,399.0
0,1,0,1,1,0,4,4,1,0,3,0,1,2,0,1,0,1,0,0,0,1,1,2,4,4,2,3,4,0,1,1,1,10,11,11,400.0
0,1,0,0,1,0,1,1,2,2,2,1,4,1,0,0,0,1,0,1,0,0,0,5,5,5,5,5,5,0,1,0,1,10,8,11,401.0
0,1,0,0,1,0,3,3,4,2,0,0,1,2,0,0,0,0,0,0,0,0,1,4,3,3,2,4,5,1,1,1,1,11,12,11,402.0
0,1,0,0,1,0,2,2,4,4,1,0,1,4,0,1,1,0,1,0,0,0,0,5,2,3,1,3,3,0,1,1,1,11,11,11,403.0
0,0,0,0,1,0,2,3,4,4,0,0,1,3,0,0,1,0,1,1,0,0,1,5,3,2,1,2,5,0,1,1,1,11,10,11,404.0
0,1,0,0,1,1,3,3,4,1,1,1,1,4,0,0,1,1,1,0,0,1,1,4,3,3,1,1,4,0,1,1,1,10,11,11,405.0
0,1,0,0,0,1,3,4,4,4,0,0,1,2,0,0,1,1,0,0,0,0,0,5,3,2,1,1,1,0,0,1,1,7,10,11,406.0
0,1,0,0,1,1,3,4,2,4,2,1,1,1,0,1,1,1,1,0,0,0,1,3,2,1,1,4,5,0,1,1,1,12,11,11,407.0
0,1,0,0,1,0,4,4,0,2,2,0,1,3,0,1,0,0,0,0,0,0,1,4,2,2,1,1,5,0,0,1,1,9,11,11,408.0
0,1,0,0,1,0,1,1,4,2,2,1,1,2,0,1,0,0,1,0,0,0,1,4,4,2,1,2,5,0,0,1,1,8,11,11,409.0
0,1,0,0,1,0,1,2,3,4,2,0,1,2,0,1,0,0,1,1,0,0,1,4,3,2,1,1,5,0,1,1,1,10,11,11,410.0
0,1,0,0,1,0,2,2,2,4,1,0,2,2,0,1,1,0,0,1,0,0,1,3,4,4,1,4,5,0,1,1,1,13,13,11,411.0
0,0,0,0,1,0,4,3,4,4,2,0,1,2,0,1,0,1,0,0,0,0,0,5,2,3,1,1,2,0,1,1,1,10,10,11,412.0
0,0,0,0,1,0,3,3,2,2,3,0,1,2,0,1,0,1,0,0,0,0,0,4,3,4,2,3,4,0,1,1,1,12,12,11,413.0
0,0,0,0,1,0,1,2,2,2,3,0,1,1,0,1,0,0,0,0,0,0,0,3,3,3,1,2,3,0,1,1,1,11,12,11,414.0
0,1,0,1,1,0,2,2,2,2,1,0,2,4,0,1,0,0,0,1,0,0,1,5,3,5,1,1,5,0,1,1,1,10,10,11,415.0
0,0,0,1,1,0,2,2,4,4,2,1,2,2,0,1,0,0,0,0,0,0,1,4,5,2,1,1,1,0,1,1,1,11,11,11,416.0
0,1,0,1,1,0,2,1,3,2,2,0,3,2,0,1,1,1,0,0,0,1,1,2,1,1,1,1,3,0,1,1,1,13,11,11,417.0
0,0,1,0,0,1,4,3,2,3,1,0,1,2,0,1,0,1,1,0,0,0,1,4,3,1,1,1,1,0,1,1,1,11,11,11,418.0
0,1,0,1,1,0,4,4,0,4,1,0,2,2,0,1,1,0,0,0,0,0,1,4,3,4,2,2,4,0,1,1,1,12,10,11,419.0
0,1,0,0,0,0,1,1,4,4,0,0,2,2,0,1,0,0,1,1,0,1,1,4,4,3,1,1,3,0,1,1,1,11,11,11,420.0
0,1,0,0,1,0,2,2,4,4,2,0,1,2,0,1,0,1,1,1,0,0,1,5,4,5,1,2,5,0,1,0,1,10,9,11,421.0
0,0,0,0,1,0,1,1,4,4,1,1,1,2,0,1,1,0,1,1,0,0,1,4,3,3,1,2,4,0,1,1,1,12,10,11,422.0
0,0,0,0,1,0,4,2,0,4,0,0,1,2,0,1,0,0,0,0,0,0,0,4,3,2,1,4,5,0,1,1,1,12,11,11,423.0
0,0,0,0,1,0,3,3,1,4,0,0,1,1,0,1,0,0,1,0,0,0,1,4,4,3,1,3,5,0,1,1,1,14,12,11,424.0
0,1,0,0,0,1,4,4,1,4,0,0,1,2,0,1,0,1,1,0,0,0,0,4,2,4,1,1,4,0,1,1,1,12,10,11,425.0
0,0,1,0,1,0,1,2,4,2,2,2,1,2,1,1,1,1,1,1,0,0,1,4,5,2,2,2,4,0,1,1,1,13,11,11,426.0
0,1,1,0,0,0,3,2,2,4,1,2,2,2,1,1,0,0,1,1,0,0,0,4,2,2,1,2,1,0,1,1,1,13,10,11,427.0
0,1,1,1,1,0,2,3,4,4,1,2,1,3,1,1,1,1,1,0,0,0,0,4,1,2,1,1,3,1,1,1,1,13,11,11,428.0
0,1,0,0,1,0,4,4,0,4,2,0,1,2,0,1,0,0,1,0,0,0,1,4,4,4,3,3,5,0,1,1,1,11,11,11,429.0
0,1,0,1,0,0,2,2,2,2,2,0,1,3,0,1,0,0,0,0,0,0,1,3,3,2,2,2,3,0,1,1,1,11,11,11,430.0
0,0,0,0,1,0,4,4,4,4,2,0,1,3,0,1,1,1,0,0,0,0,1,4,3,3,2,2,3,0,0,1,1,9,12,11,431.0
0,1,1,0,1,0,2,1,2,2,0,2,1,3,1,1,1,0,0,0,0,0,0,4,3,4,1,3,3,0,1,1,1,11,12,11,432.0
1,0,0,1,1,0,4,3,2,4,0,0,2,2,0,1,0,0,0,1,0,0,0,4,5,5,1,3,2,0,1,1,1,13,11,11,433.0
1,1,0,0,0,1,3,2,2,4,1,0,2,2,0,1,1,1,1,0,0,1,0,1,2,3,1,2,5,0,1,1,1,12,12,11,434.0
1,1,0,1,1,0,4,4,4,0,3,1,3,2,0,1,0,0,1,1,0,0,0,3,2,2,4,2,5,0,1,1,1,14,12,11,435.0
1,1,0,0,1,0,2,2,4,3,0,0,1,3,0,1,1,1,0,0,0,1,0,3,4,3,1,1,3,0,1,1,1,13,11,11,436.0
1,0,0,1,1,1,2,0,0,1,1,2,2,3,1,1,0,0,0,1,0,1,1,4,2,4,2,4,2,58,1,1,0,13,3,11,437.0
1,1,1,1,1,0,4,3,1,2,3,2,4,3,3,1,0,0,1,1,1,0,0,3,3,3,5,5,1,25,0,1,1,4,12,11,438.0
1,0,1,1,0,0,3,3,4,1,1,1,3,3,2,0,1,1,0,1,0,0,1,2,3,5,2,3,4,38,1,1,1,7,12,11,439.0
1,0,0,1,1,0,1,0,0,0,1,0,2,1,1,0,0,1,0,1,1,1,1,4,5,5,3,2,4,74,1,0,1,15,10,11,440.0
0,0,1,1,0,0,2,2,4,1,0,0,1,1,3,1,1,1,1,1,0,0,1,5,1,1,2,1,2,0,0,0,0,6,13,11,441.0
0,0,1,0,1,0,2,0,0,1,3,1,2,3,3,1,1,1,0,0,1,1,0,3,3,4,2,2,1,72,1,1,1,9,16,11,442.0
1,0,1,0,0,1,3,2,1,0,3,0,1,4,3,0,0,0,0,1,0,1,0,1,5,5,3,2,2,18,1,1,0,7,14,11,443.0
1,1,0,0,0,0,0,0,0,2,1,2,1,4,2,0,0,1,0,1,1,1,0,2,1,5,3,1,3,44,0,1,0,6,14,11,444.0
0,1,0,0,0,1,0,1,0,4,1,2,1,4,0,0,0,0,1,1,1,0,1,4,2,4,2,5,4,42,0,1,1,11,9,11,445.0
0,1,1,1,0,0,2,4,1,3,3,0,2,3,2,1,0,0,1,1,0,0,0,1,4,2,3,4,2,3,0,1,0,16,12,11,446.0
0,0,0,0,1,0,2,4,3,0,2,1,4,2,1,0,0,0,0,1,1,1,1,2,3,2,3,5,3,16,0,1,0,3,16,11,447.0
1,1,0,1,1,0,2,3,1,0,2,2,2,3,1,0,1,1,0,1,1,0,1,4,2,1,1,3,5,72,1,0,0,11,11,11,448.0
1,1,1,0,1,0,1,2,0,0,1,1,4,1,3,1,1,0,0,1,0,0,1,3,2,4,4,1,3,27,0,0,0,12,2,11,449.0
1,0,0,0,0,1,4,0,0,3,0,2,2,4,2,0,1,1,1,0,0,1,0,1,3,5,1,2,2,35,0,1,0,16,3,11,450.0
1,1,1,1,0,0,1,1,4,0,3,1,1,1,2,1,1,0,0,0,0,1,0,4,1,4,1,1,1,2,1,0,0,9,16,11,451.0
1,0,1,0,1,0,4,3,2,3,2,1,3,4,0,0,0,0,0,0,0,0,1,3,2,2,1,5,5,63,0,1,0,8,9,11,452.0
1,1,1,1,1,1,2,1,4,1,1,0,4,2,2,1,0,0,0,1,1,0,0,2,4,1,3,2,5,26,0,1,1,15,13,11,453.0
0,0,1,1,1,0,4,3,3,1,1,2,4,3,3,0,1,1,0,0,0,1,0,4,2,2,3,2,4,33,1,0,1,5,14,11,454.0
1,1,1,0,1,0,3,4,0,1,1,0,1,1,2,1,1,1,1,1,0,1,1,3,1,4,3,4,1,24,1,0,0,15,10,11,455.0
1,0,0,0,0,0,0,0,4,1,2,0,2,4,1,0,0,0,0,0,1,1,0,2,1,4,1,2,2,7,1,1,1,9,8,11,456.0
0,1,1,1,0,1,2,1,0,2,1,2,2,4,1,1,1,1,0,0,1,0,0,4,1,2,2,2,1,9,0,1,0,11,4,11,457.0
0,0,0,0,1,0,1,2,0,1,3,2,3,1,1,0,0,1,0,0,1,0,1,2,3,5,2,1,1,20,1,1,0,19,4,11,458.0
1,0,1,1,0,0,0,0,1,4,0,2,3,4,2,0,0,0,1,1,0,1,1,4,4,1,1,3,2,62,0,1,0,4,10,11,459.0
0,1,1,1,0,0,4,1,0,2,1,0,2,2,3,0,1,1,0,1,1,0,1,4,2,1,2,2,1,45,0,1,0,11,16,11,460.0
0,1,0,1,0,0,0,1,4,2,2,0,2,4,1,0,0,1,1,1,0,0,1,2,3,2,4,3,4,19,1,0,1,17,16,11,461.0
0,1,0,0,0,0,1,1,3,4,3,0,1,2,3,0,1,0,1,0,0,0,1,4,3,2,2,3,3,0,0,0,1,7,8,10,462.0
0,1,0,0,1,0,3,3,4,4,0,1,1,2,0,1,0,0,1,0,0,1,1,4,3,2,1,2,5,0,0,1,1,6,10,10,463.0
0,1,0,0,1,0,3,3,4,4,1,0,3,2,0,0,0,1,0,0,0,1,1,5,3,2,1,1,4,0,0,1,1,8,10,10,464.0
0,0,0,0,0,0,4,3,1,4,0,1,1,1,0,1,1,0,0,0,0,0,1,3,1,3,1,3,5,0,0,1,1,8,10,10,465.0
0,0,0,0,0,1,4,2,1,1,3,1,2,1,1,1,1,1,1,0,0,1,1,5,5,5,3,4,5,0,1,1,1,11,11,10,466.0
0,1,0,0,1,1,2,1,4,4,3,0,1,2,0,1,1,0,0,0,0,0,0,5,3,4,1,1,2,0,0,0,1,8,9,10,467.0
0,1,0,0,0,0,4,3,2,2,1,1,1,2,0,0,1,1,0,0,0,0,0,4,4,4,2,4,2,0,1,1,1,10,10,10,468.0
0,0,0,0,1,0,4,2,4,4,2,0,1,4,0,1,1,1,1,0,0,0,1,3,3,3,1,1,3,0,1,1,1,10,10,10,469.0
0,0,0,0,1,0,4,3,0,4,0,0,1,2,0,1,0,0,0,0,0,0,1,4,3,3,2,3,5,0,0,0,1,9,9,10,470.0
0,0,0,0,1,0,4,0,0,4,2,0,2,4,0,1,1,1,0,0,0,0,1,3,4,3,1,1,1,0,1,1,1,11,11,10,471.0
0,0,0,0,1,0,2,1,4,4,0,0,2,1,3,0,0,1,0,0,1,0,1,4,5,1,1,1,3,0,0,0,1,8,8,10,472.0
0,1,0,0,1,0,1,1,4,4,0,1,1,2,0,1,0,1,0,1,0,0,1,4,3,2,2,3,4,0,0,1,1,9,10,10,473.0
0,0,0,0,1,0,2,2,2,4,1,1,2,2,1,1,1,0,0,1,0,0,1,4,4,2,1,1,3,0,1,1,1,11,10,10,474.0
0,1,0,0,1,0,4,2,0,2,0,0,2,2,0,1,0,0,0,0,0,0,1,5,3,3,1,1,1,0,1,1,1,11,10,10,475.0
0,1,0,1,1,0,1,1,3,4,0,0,2,4,1,0,0,0,0,0,0,0,1,3,1,2,1,1,1,0,0,1,1,7,10,10,476.0
0,1,0,0,1,0,2,1,4,4,2,0,1,2,0,1,0,0,1,0,0,1,0,4,3,5,1,1,5,0,0,0,1,8,9,10,477.0
0,1,0,1,1,0,3,3,2,4,1,1,1,3,1,0,0,1,0,0,0,0,1,4,1,2,1,1,2,0,0,1,1,7,10,10,478.0
0,0,0,0,0,1,2,1,2,4,2,0,4,1,3,1,1,1,1,0,0,0,1,4,5,5,2,5,5,0,0,0,1,8,9,10,479.0
0,1,0,1,1,0,3,3,2,2,1,2,2,3,2,1,0,0,0,0,0,0,0,4,2,1,2,3,3,0,1,1,1,10,10,10,480.0
0,1,0,1,1,0,1,1,3,4,2,0,3,1,3,1,0,1,0,1,0,1,1,5,2,5,1,5,4,0,0,0,1,9,8,10,481.0
0,0,0,0,1,0,1,3,3,2,2,1,1,1,0,1,1,1,1,0,1,0,1,5,3,3,1,4,2,0,1,1,1,10,10,10,482.0
0,0,0,0,1,0,2,2,4,4,2,1,1,2,0,1,1,1,1,0,1,0,1,4,3,5,2,4,4,0,1,1,1,10,10,10,483.0
0,0,0,0,0,0,4,4,0,4,1,0,1,2,0,1,0,0,0,0,0,0,1,4,4,4,1,3,5,0,1,1,1,13,11,10,484.0
0,0,0,1,1,0,1,2,3,4,0,0,1,2,0,1,1,1,1,0,0,1,1,3,1,3,1,5,3,0,0,0,1,8,9,10,485.0
0,0,0,1,1,0,3,3,2,2,1,0,1,1,0,1,0,1,0,0,0,0,1,4,3,2,3,4,5,0,0,0,1,8,9,10,486.0
0,0,0,1,0,0,3,3,0,4,0,1,3,1,0,1,0,0,0,0,0,0,1,3,3,4,3,5,3,0,0,0,1,9,9,10,487.0
0,1,0,0,0,0,4,4,0,0,1,0,1,2,0,1,0,0,1,0,0,0,1,4,5,2,1,2,3,0,0,0,1,9,9,10,488.0
0,1,0,0,1,0,2,3,4,4,1,0,1,2,0,0,0,0,0,0,0,1,1,4,4,3,1,3,4,0,0,1,1,8,10,10,489.0
0,1,0,0,1,0,1,1,4,4,2,0,1,2,0,1,0,0,1,1,0,1,1,4,4,4,1,3,1,0,0,0,1,9,9,10,490.0
0,1,0,0,1,0,1,1,3,4,0,0,2,1,0,1,0,0,1,0,0,1,1,4,3,2,1,4,5,0,0,0,1,9,9,10,491.0
0,1,0,1,0,0,4,4,2,4,3,0,1,1,0,1,0,0,1,0,0,1,1,5,2,1,1,2,3,0,0,1,1,8,10,10,492.0
0,1,0,0,1,0,2,2,3,3,2,0,1,3,0,1,0,0,0,0,0,0,1,4,3,3,1,1,4,0,0,1,1,9,10,10,493.0
0,0,0,0,1,0,3,2,3,4,1,0,2,3,0,1,1,1,0,0,0,0,0,5,3,3,1,3,2,0,1,0,1,11,9,10,494.0
0,0,0,0,1,0,3,3,3,4,1,2,3,2,0,0,0,1,1,1,0,0,1,5,3,3,1,3,2,0,0,1,1,7,10,10,495.0
0,0,0,0,1,0,3,1,2,4,3,0,1,2,0,1,1,0,0,0,0,0,0,5,4,4,3,4,5,0,0,0,1,9,9,10,496.0
0,0,0,0,1,0,4,2,1,4,1,1,1,2,0,1,0,0,0,0,0,0,0,5,4,5,1,3,5,0,1,0,1,10,9,10,497.0
0,1,0,0,1,0,2,4,3,1,1,0,2,2,0,1,0,0,1,0,0,0,0,4,3,3,1,1,1,0,1,1,1,10,10,10,498.0
0,0,0,0,0,0,4,3,0,2,2,0,2,1,0,1,1,0,0,0,0,0,1,4,2,3,1,2,1,0,1,1,1,10,11,10,499.0
0,0,0,0,0,1,3,2,0,2,0,0,1,1,1,1,1,1,1,0,0,0,1,4,4,4,3,4,3,0,1,0,1,11,9,10,500.0
0,1,0,0,1,0,1,1,4,4,0,0,2,2,0,0,1,1,0,0,0,0,1,5,4,4,1,1,4,0,0,0,1,8,9,10,501.0
0,0,0,0,0,0,4,4,4,0,0,1,2,1,0,1,1,0,1,0,0,0,1,4,1,1,2,2,5,0,1,1,1,11,11,10,502.0
0,1,1,0,0,0,1,1,3,4,1,2,1,2,1,0,0,1,0,1,0,0,1,4,4,3,1,3,3,0,1,1,1,12,10,10,503.0
0,1,0,1,1,0,3,4,3,2,2,1,1,3,0,1,0,0,0,1,0,0,1,4,3,4,2,5,5,0,1,1,1,11,11,10,504.0
0,0,0,1,1,0,2,2,2,4,2,0,4,1,0,1,0,1,1,0,0,0,1,4,4,5,5,5,4,0,1,1,1,11,10,10,505.0
0,1,0,1,1,1,3,2,4,4,0,0,1,2,0,1,0,0,1,0,0,0,1,4,3,3,2,3,2,0,0,1,1,9,10,10,506.0
0,1,0,0,1,0,2,3,3,4,2,0,1,3,0,1,0,1,1,0,0,0,1,4,3,3,1,2,3,0,1,1,1,11,10,10,507.0
1,0,0,0,0,0,1,1,4,2,0,1,2,1,0,1,1,1,1,1,0,0,0,3,3,2,1,2,3,0,1,1,1,10,10,10,508.0
1,1,0,0,1,0,3,3,2,2,3,0,2,2,0,1,0,1,1,0,0,0,0,4,3,2,1,3,3,0,1,1,1,11,11,10,509.0
1,0,0,1,1,0,1,3,3,4,2,0,2,2,0,1,0,0,1,0,0,1,1,3,3,4,2,4,3,0,1,1,1,10,10,10,510.0
1,1,0,0,1,0,2,3,3,2,2,1,2,1,0,1,0,0,1,0,0,0,0,5,2,3,1,2,4,0,1,1,1,11,10,10,511.0
1,1,0,1,1,0,1,1,4,4,0,0,4,3,0,1,1,1,1,0,0,0,1,4,3,2,1,2,4,0,0,0,1,8,8,10,512.0
1,1,0,1,0,0,4,4,0,2,2,0,1,2,0,1,1,0,0,0,0,0,1,5,4,3,3,4,2,0,0,0,1,8,9,10,513.0
1,1,0,1,1,0,3,1,3,4,1,0,1,2,0,1,0,0,0,1,0,0,1,4,5,4,2,3,1,0,1,1,1,10,10,10,514.0
1,0,0,0,1,0,2,3,4,2,0,1,2,2,0,1,1,1,0,0,0,0,1,4,4,3,1,1,3,0,1,1,1,11,11,10,515.0
1,1,0,1,1,0,2,2,3,4,3,0,2,3,0,1,1,0,1,0,0,1,1,5,3,3,1,3,4,0,1,0,1,10,9,10,516.0
1,0,0,1,0,0,3,2,2,4,2,0,3,1,0,1,1,1,1,1,0,0,1,4,4,1,3,4,5,0,1,1,1,11,12,10,517.0
0,0,1,0,1,0,1,3,4,0,1,0,4,1,2,0,0,1,0,1,0,0,0,4,3,2,5,3,5,42,1,1,0,11,7,10,518.0
0,0,0,1,0,1,3,4,2,0,2,0,2,2,2,0,0,1,0,1,0,0,1,4,3,1,1,5,2,1,1,1,1,17,10,10,519.0
1,1,1,0,1,0,2,0,4,0,2,0,2,2,0,0,0,0,0,1,1,0,1,4,3,2,4,3,5,22,1,1,1,4,18,10,520.0
1,1,0,0,0,0,0,3,4,2,0,2,2,1,1,0,0,0,0,0,0,0,1,5,3,4,2,2,4,48,0,0,0,17,10,10,521.0
0,0,1,0,1,1,0,4,2,1,2,2,1,2,0,0,0,1,0,0,0,0,0,3,5,5,2,4,3,57,1,0,1,16,3,10,522.0
1,1,0,1,1,0,4,2,4,3,2,1,4,2,0,0,0,1,0,0,1,0,1,5,4,1,2,3,5,54,1,0,0,10,14,10,523.0
0,1,0,1,1,0,4,0,1,4,0,0,3,4,1,0,0,0,1,0,1,1,0,2,2,3,1,3,4,4,0,1,0,12,4,10,524.0
0,1,1,0,0,1,1,2,0,3,2,1,3,3,0,1,0,0,1,1,1,1,1,2,1,2,5,3,1,21,1,0,0,3,12,10,525.0
1,0,0,0,1,0,2,3,2,2,2,2,3,3,1,1,1,0,1,0,0,1,1,4,5,3,1,1,4,22,1,1,0,18,19,10,526.0
1,0,1,0,1,1,2,4,2,2,1,0,3,3,3,0,0,0,1,1,1,1,1,3,4,3,5,3,1,27,0,0,1,3,9,10,527.0
1,0,0,1,0,1,0,2,2,1,3,0,4,1,2,0,1,0,0,1,0,0,1,1,4,4,2,5,4,3,1,1,1,10,8,10,528.0
1,1,1,1,0,1,0,1,4,2,0,2,3,3,2,1,0,1,0,1,1,0,0,1,3,3,4,4,4,38,1,0,0,15,14,10,529.0
1,0,1,1,1,1,1,3,0,4,2,1,3,2,3,1,0,0,1,1,0,0,0,2,2,3,4,3,5,50,0,1,0,4,13,10,530.0
1,1,1,0,1,0,2,0,1,3,0,2,4,4,1,0,1,0,1,0,1,0,0,4,1,5,4,5,5,68,0,0,0,18,4,10,531.0
0,0,0,1,0,1,1,3,4,1,0,1,3,2,3,0,0,0,0,0,0,0,1,2,2,2,2,3,5,43,1,0,1,18,16,10,532.0
0,1,0,1,0,0,1,3,3,2,3,1,1,2,0,0,1,1,1,0,1,1,1,2,1,2,3,1,3,22,0,1,0,13,9,10,533.0
1,1,1,1,0,0,0,4,0,3,0,0,1,3,3,1,1,1,1,0,1,1,1,2,1,5,2,2,4,13,1,1,1,4,4,10,534.0
0,1,1,0,1,1,0,1,3,0,3,2,2,4,3,1,1,1,1,0,0,0,0,1,1,1,4,3,3,38,0,1,1,9,3,10,535.0
1,0,0,0,0,1,2,1,0,1,3,1,1,4,3,1,0,1,0,0,1,0,1,2,3,4,2,3,1,59,0,1,0,19,1,10,536.0
0,0,0,1,1,1,3,4,0,0,3,0,3,1,1,1,1,0,1,1,1,0,1,2,2,1,2,5,5,19,0,0,0,18,10,10,537.0
0,1,0,0,1,0,4,4,0,1,1,0,1,2,0,1,0,0,1,0,0,0,1,3,3,3,1,2,2,0,1,0,0,10,8,9,538.0
0,1,0,0,0,0,2,2,4,3,2,1,2,2,1,0,1,1,0,0,0,0,1,4,3,3,2,2,5,0,1,1,0,10,10,9,539.0
0,0,0,0,0,0,1,2,4,3,0,1,1,2,0,0,0,1,0,0,0,0,1,4,3,2,1,1,5,0,0,1,0,9,10,9,540.0
0,1,0,0,0,0,1,2,4,2,1,1,1,2,0,0,1,1,0,0,0,0,1,4,4,3,1,1,1,0,0,1,0,8,10,9,541.0
0,1,0,0,1,0,4,3,0,1,0,0,1,3,0,0,0,0,0,0,0,0,1,3,4,4,2,4,4,0,1,0,0,10,9,9,542.0
0,0,0,1,1,0,2,1,1,2,1,0,1,2,0,1,1,1,0,0,0,0,0,5,4,2,1,1,5,0,0,0,0,9,9,9,543.0
0,1,1,0,1,0,0,1,3,4,2,2,1,2,3,1,0,1,1,1,1,1,1,3,4,2,1,1,5,0,0,0,0,7,8,9,544.0
0,0,0,0,0,0,2,2,2,2,1,1,2,1,2,1,0,1,0,0,0,0,1,2,3,3,2,2,2,0,0,0,0,9,9,9,545.0
0,1,0,0,0,0,3,3,4,4,1,0,2,2,0,1,0,0,0,0,0,0,1,4,4,5,1,1,4,0,1,1,0,10,11,9,546.0
0,0,0,0,0,0,4,3,0,4,2,0,2,2,0,1,1,0,0,0,0,0,1,4,4,4,4,4,4,0,1,0,0,10,9,9,547.0
0,0,0,1,1,0,4,2,0,2,3,0,1,1,0,1,0,1,0,0,0,0,0,4,3,3,3,4,3,0,1,0,0,10,8,9,548.0
0,1,0,0,1,1,3,3,1,4,1,0,1,2,0,1,0,1,1,1,0,0,0,3,3,3,1,3,3,0,0,0,0,8,7,9,549.0
0,1,0,0,1,0,1,1,3,2,2,0,1,2,0,1,1,1,0,0,0,0,1,5,3,3,1,1,3,0,0,0,0,8,8,9,550.0
0,1,0,0,1,0,3,4,3,2,0,0,1,3,1,1,0,0,1,0,0,0,0,4,4,3,3,4,5,0,1,0,0,10,9,9,551.0
0,0,0,0,0,0,2,1,3,4,2,0,4,2,0,0,0,0,0,0,0,0,0,4,3,2,4,5,3,0,1,0,0,10,8,9,552.0
0,0,0,0,1,0,4,4,0,0,1,0,1,2,0,0,0,1,0,0,0,0,0,4,5,5,1,3,2,0,1,0,0,11,9,9,553.0
0,1,0,0,1,0,3,3,4,4,0,0,1,3,0,1,1,1,0,1,0,1,1,3,2,3,1,1,4,0,1,0,0,10,9,9,554.0
0,1,1,0,1,0,3,3,4,2,0,2,1,2,2,1,0,0,0,0,0,0,1,4,3,5,3,3,5,0,0,0,0,9,9,9,555.0
0,1,0,1,1,1,3,2,4,2,0,0,2,2,0,1,1,1,1,1,1,0,0,4,1,1,1,1,5,75,1,0,0,10,9,9,556.0
0,0,0,0,1,0,4,4,0,2,0,0,2,1,0,1,1,0,0,0,0,0,1,3,2,4,1,4,3,0,0,0,0,9,9,9,557.0
0,1,0,0,1,0,4,3,4,4,2,0,1,3,0,1,0,0,0,0,0,0,0,4,3,4,1,1,5,0,0,1,0,9,10,9,558.0
0,1,0,0,1,0,2,2,4,4,2,0,1,2,0,1,0,1,1,0,0,1,0,4,2,2,1,1,3,0,1,0,0,11,9,9,559.0
0,1,0,0,1,0,4,4,0,2,2,0,1,3,0,1,0,0,0,0,0,0,1,5,4,4,1,3,4,0,1,0,0,10,9,9,560.0
0,0,0,0,1,0,4,3,0,4,2,0,1,3,0,1,0,0,1,0,0,0,0,5,4,5,2,3,5,0,1,1,0,10,10,9,561.0
1,1,0,0,1,0,3,3,2,2,2,1,1,2,0,1,0,1,1,0,0,1,0,5,3,4,1,1,5,0,1,0,0,10,9,9,562.0
1,1,1,0,0,0,3,2,2,2,0,2,2,2,2,1,1,1,0,0,0,1,0,3,2,2,1,1,3,0,0,0,0,7,7,9,563.0
1,0,1,0,0,1,2,2,2,2,2,2,1,2,2,1,0,0,1,0,0,1,1,5,5,4,4,5,4,0,0,0,0,9,9,9,564.0
1,0,1,0,0,0,1,1,4,3,2,1,1,1,0,1,1,1,1,0,0,0,1,3,2,3,3,3,5,0,0,0,0,8,9,9,565.0
1,1,0,0,0,1,0,2,0,0,0,2,3,4,2,1,1,0,1,1,0,0,0,2,1,5,3,5,3,25,1,1,0,5,0,9,566.0
0,1,1,0,1,1,0,1,2,4,0,0,1,2,2,1,0,0,0,0,0,0,0,2,3,2,5,4,5,64,1,0,1,10,0,9,567.0
0,0,0,0,0,0,1,4,0,4,0,2,4,3,3,1,0,0,1,1,1,1,0,4,4,1,5,2,1,75,0,1,0,18,16,9,568.0
0,1,1,1,1,0,4,2,3,1,1,2,2,1,2,0,0,1,1,1,0,0,0,3,2,1,5,5,3,64,1,1,1,19,6,9,569.0
0,0,1,0,0,1,3,4,4,1,2,1,1,4,3,0,1,0,1,1,1,1,1,1,2,4,4,4,1,14,1,1,1,19,10,9,570.0
0,1,0,0,0,0,2,1,3,2,3,1,3,2,2,1,0,1,1,1,0,0,1,3,4,3,5,4,1,21,1,1,1,7,7,9,571.0
1,1,0,0,1,1,1,0,2,1,0,0,2,1,3,0,0,1,0,0,1,1,0,4,2,2,2,4,2,59,0,0,1,14,14,9,572.0
0,0,1,0,0,1,2,0,3,0,2,2,3,2,3,1,1,1,1,0,1,1,1,5,4,2,3,2,5,7,0,1,1,15,11,9,573.0
0,1,1,1,0,1,0,0,0,2,3,1,4,3,0,1,0,0,0,0,0,0,1,5,1,4,3,1,3,57,0,1,0,19,6,9,574.0
1,1,0,1,1,1,3,2,0,1,0,1,4,2,1,0,0,0,1,1,0,1,0,1,2,2,5,1,5,4,0,1,1,7,19,9,575.0
0,1,1,0,0,1,0,0,1,2,3,0,3,3,0,0,0,1,0,0,1,1,0,5,3,4,5,4,1,29,0,1,1,12,7,9,576.0
0,0,1,1,0,0,2,4,0,0,3,2,2,2,0,0,0,0,0,0,0,1,1,5,3,2,4,5,2,17,1,0,0,13,19,9,577.0
1,1,1,1,1,1,4,2,1,3,0,2,3,2,3,0,1,0,0,1,0,1,0,1,4,5,3,4,1,15,1,1,1,11,12,9,578.0
1,1,1,1,1,0,4,0,1,1,2,0,3,4,0,0,1,1,1,0,0,0,1,1,2,5,2,4,3,22,0,0,1,11,10,9,579.0
0,1,0,0,0,1,3,0,2,2,1,2,2,1,2,0,1,0,1,0,0,0,1,4,4,4,5,5,3,2,1,1,1,18,1,9,580.0
0,1,0,1,1,0,3,3,3,1,2,0,2,3,1,1,0,1,1,0,0,1,1,5,3,4,2,3,4,1,0,0,1,7,17,9,581.0
0,1,1,1,1,1,2,0,1,1,1,0,3,3,2,1,0,0,0,1,0,0,1,2,5,3,4,4,3,33,0,1,1,7,16,9,582.0
1,0,1,0,0,1,4,4,3,2,0,1,3,3,0,1,1,1,0,1,1,0,1,5,5,1,4,3,5,50,1,0,0,11,12,9,583.0
1,1,1,0,1,0,4,3,3,4,0,1,3,2,2,1,0,1,0,0,1,1,1,4,3,1,1,5,4,54,0,1,1,7,10,9,584.0
1,1,1,1,1,1,0,1,3,1,3,1,2,2,1,0,0,0,1,0,1,1,1,3,1,5,3,3,3,46,1,1,0,12,16,9,585.0
0,1,0,0,0,0,3,4,0,2,2,1,4,2,3,0,0,1,0,1,1,0,1,2,5,3,3,3,4,6,1,1,1,7,7,9,586.0
0,1,0,1,1,0,2,4,2,1,2,0,1,3,0,0,0,0,0,0,0,0,1,4,3,2,1,1,5,0,1,0,0,10,9,8,587.0
0,1,0,0,1,0,2,2,2,2,0,0,1,1,2,1,0,0,1,1,0,0,1,1,2,2,1,3,5,0,0,0,0,6,9,8,588.0
0,1,0,1,0,0,2,2,1,2,1,0,2,2,0,0,0,0,1,0,0,0,1,4,1,3,1,3,4,0,0,0,0,8,9,8,589.0
0,1,0,0,1,0,4,4,2,2,1,1,2,2,2,1,1,0,1,0,0,0,0,4,4,4,2,3,5,0,0,0,0,7,9,8,590.0
0,1,0,0,1,0,3,3,4,4,0,0,1,3,0,1,0,0,1,0,0,0,0,4,3,3,1,3,4,0,0,0,0,7,7,8,591.0
0,1,0,0,1,0,4,3,4,3,2,0,1,3,0,0,0,0,1,0,0,0,1,5,3,5,1,1,3,0,0,0,0,7,9,8,592.0
0,1,0,0,1,0,2,2,4,4,2,0,1,4,0,0,0,0,1,0,0,0,1,5,1,2,1,1,3,0,0,0,0,7,8,8,593.0
0,0,0,1,1,0,1,3,4,4,2,1,3,2,1,1,0,1,0,0,0,0,1,5,2,4,1,4,5,0,0,0,0,9,7,8,594.0
0,1,0,0,1,0,2,2,4,4,0,0,1,2,0,1,1,0,1,0,0,0,0,5,4,4,1,1,5,0,0,0,0,8,7,8,595.0
0,0,0,1,1,0,2,3,3,2,2,0,1,2,0,0,1,0,0,0,0,1,1,4,4,4,1,1,1,0,1,0,0,11,8,8,596.0
0,0,0,0,1,0,4,3,0,4,0,0,1,2,0,1,0,0,0,0,0,0,1,3,4,3,2,3,3,0,0,0,0,9,8,8,597.0
0,1,0,0,0,0,3,3,4,4,1,0,1,2,0,1,0,1,0,0,0,0,0,5,3,3,2,3,1,1,0,0,0,9,9,8,598.0
0,0,0,0,1,0,1,2,3,2,3,2,2,2,0,1,1,0,0,1,0,0,1,4,4,4,4,5,5,0,0,0,0,7,8,8,599.0
0,1,1,0,1,0,3,3,4,4,1,2,1,4,0,1,0,0,0,0,0,0,1,4,3,3,1,2,3,0,0,0,0,8,8,8,600.0
0,0,0,0,1,0,2,2,2,4,0,0,1,2,1,1,0,0,0,0,0,0,1,4,4,4,2,4,5,0,0,0,0,6,7,8,601.0
0,0,0,0,0,0,3,3,2,1,0,1,1,2,1,1,0,0,1,0,0,0,1,3,2,4,2,4,4,0,0,0,0,6,6,8,602.0
0,1,0,0,1,0,2,3,3,4,0,1,2,1,0,1,0,0,1,0,0,1,1,3,3,3,1,4,3,0,0,0,0,7,7,8,603.0
0,0,1,0,1,0,3,1,2,2,3,0,1,1,3,1,1,1,1,1,1,0,0,5,4,5,5,5,1,0,0,0,0,6,8,8,604.0
0,0,0,0,1,0,3,2,2,4,2,0,2,1,1,1,1,1,1,0,1,0,1,4,4,5,2,4,5,0,0,0,0,6,8,8,605.0
0,0,0,0,1,0,2,1,2,2,3,0,1,1,1,1,1,1,1,1,1,0,1,3,2,5,2,5,5,0,0,0,0,6,9,8,606.0
0,0,0,1,1,0,2,1,4,4,2,0,2,1,0,1,1,1,0,1,0,1,1,3,3,2,1,3,3,0,0,0,0,8,9,8,607.0
0,0,0,0,0,0,1,1,1,4,2,0,2,1,1,1,0,1,0,0,0,0,1,4,4,4,1,2,5,0,0,0,0,7,9,8,608.0
0,0,0,0,1,0,4,3,0,4,2,0,1,2,0,1,0,0,1,1,0,0,1,4,3,2,1,1,3,0,0,0,0,8,8,8,609.0
0,1,0,0,1,0,4,4,1,1,1,1,1,2,1,0,0,1,0,0,0,0,0,2,4,4,1,1,4,0,0,0,0,9,8,8,610.0
0,0,0,0,0,1,4,1,2,4,0,0,2,1,0,1,1,0,0,0,0,0,0,4,5,4,2,4,5,1,0,0,0,8,8,8,611.0
0,1,0,0,0,0,4,3,4,4,0,2,2,2,0,1,0,0,1,0,0,0,0,4,4,5,1,2,2,0,1,0,0,10,8,8,612.0
0,0,1,0,1,0,4,4,0,2,1,2,2,1,1,1,0,0,1,0,0,0,0,4,3,4,1,1,4,1,0,0,0,8,9,8,613.0
0,0,0,0,0,0,2,2,4,4,2,0,1,4,0,1,0,1,0,0,0,0,1,4,5,5,2,4,5,0,0,0,0,9,8,8,614.0
1,0,1,1,1,0,1,1,4,2,0,2,3,2,3,1,1,1,1,0,0,0,1,5,4,4,3,3,2,0,0,0,0,8,7,8,615.0
1,0,0,0,0,0,1,3,3,2,2,0,1,1,1,1,1,1,1,0,1,0,0,4,3,3,2,3,3,0,0,0,0,8,7,8,616.0
1,0,1,1,1,0,1,1,4,4,0,2,3,1,1,1,0,1,1,0,0,0,1,4,4,4,3,3,5,0,0,0,0,8,8,8,617.0
1,1,0,0,0,0,3,1,0,2,2,0,1,2,0,1,0,0,1,0,0,0,1,4,3,4,1,1,1,0,0,0,0,7,9,8,618.0
0,0,0,0,0,1,3,1,3,4,0,2,2,2,0,0,1,0,0,0,1,0,1,4,1,2,3,1,2,26,1,0,1,15,10,8,619.0
1,0,0,1,1,1,0,3,4,0,2,0,4,1,2,0,1,1,0,0,0,0,0,1,5,1,2,2,4,43,0,0,0,3,14,8,620.0
0,1,1,1,0,1,4,2,2,0,1,2,4,3,2,0,0,0,1,0,0,1,0,2,1,4,1,4,3,10,1,0,1,12,12,8,621.0
0,1,0,1,1,1,2,3,3,4,2,2,4,3,3,1,1,0,1,0,0,1,1,4,2,2,3,2,3,21,1,0,0,17,18,8,622.0
1,0,1,0,0,0,4,1,2,1,2,2,4,1,3,0,1,0,0,0,0,1,1,1,4,1,2,3,4,51,0,0,0,15,1,8,623.0
0,1,0,0,0,1,3,2,0,4,0,0,4,1,2,1,0,1,0,0,0,1,0,5,5,2,3,4,2,67,0,0,0,4,8,8,624.0
0,1,0,1,1,1,2,2,4,4,1,0,2,1,0,1,0,0,0,0,0,0,0,4,4,1,3,2,5,23,1,1,1,17,16,8,625.0
1,1,0,1,0,0,3,4,3,0,2,1,2,2,0,1,0,1,0,1,0,0,0,3,4,2,5,2,1,63,1,1,1,17,3,8,626.0
1,0,1,0,1,0,0,4,1,3,2,2,3,1,0,1,1,1,0,0,1,0,1,3,3,4,2,4,3,33,1,1,0,5,7,8,627.0
1,1,1,0,1,0,1,3,0,4,1,2,2,3,0,0,0,0,1,1,0,1,1,3,5,4,5,3,4,71,1,1,1,9,14,8,628.0
1,1,0,0,1,0,2,0,2,3,3,2,1,4,0,1,0,0,0,0,0,0,0,1,2,3,2,3,1,60,0,0,0,13,17,8,629.0
1,0,0,1,0,1,1,4,4,1,3,2,2,1,1,1,0,0,1,0,1,1,1,5,4,5,2,3,4,53,0,1,1,6,8,8,630.0
0,0,1,0,0,1,1,1,2,1,2,1,3,3,0,1,1,1,1,0,1,0,0,4,5,3,3,1,1,2,1,1,1,7,14,8,631.0
0,1,0,1,1,1,2,2,4,4,1,2,2,3,0,0,0,1,1,1,1,0,0,3,1,2,5,5,5,71,1,1,1,3,9,8,632.0
1,0,0,1,0,1,3,1,0,4,2,2,3,1,0,0,0,0,0,0,1,1,0,4,1,4,4,4,2,38,1,0,0,7,13,8,633.0
1,1,1,0,0,0,0,2,1,4,3,2,3,3,2,0,0,1,1,0,1,1,0,3,2,4,1,2,2,30,1,1,1,18,17,8,634.0
0,1,0,0,0,1,4,3,4,3,3,0,1,2,2,1,0,0,1,0,1,0,1,2,3,3,3,3,4,22,0,0,1,9,7,8,635.0
1,0,0,1,0,1,4,1,2,4,1,0,4,2,0,0,0,1,1,1,1,0,1,2,2,1,5,4,5,34,1,0,0,8,6,8,636.0
0,0,1,1,1,1,0,2,4,4,1,1,1,4,0,0,0,1,1,0,1,0,1,3,3,2,2,1,3,23,0,0,1,11,16,8,637.0
0,1,0,0,1,0,4,4,2,0,3,1,1,2,1,0,0,1,0,1,0,0,1,4,4,4,1,1,3,0,0,0,0,7,7,7,638.0
0,0,0,0,0,1,4,4,0,1,1,0,1,2,0,1,0,1,1,0,0,1,1,4,1,3,3,5,5,0,0,0,0,8,6,7,639.0
0,0,0,1,1,0,3,2,4,4,2,0,2,2,2,0,0,1,1,0,0,0,0,4,4,4,1,4,3,0,0,0,0,5,9,7,640.0
0,0,0,1,0,0,1,1,4,2,2,0,4,2,3,1,1,1,0,0,1,1,0,5,3,5,1,5,5,0,0,0,0,5,8,7,641.0
0,1,0,0,1,1,3,1,2,4,2,0,1,2,3,1,0,0,1,0,0,0,1,2,3,3,2,2,4,0,0,0,0,7,7,7,642.0
0,1,0,1,1,0,4,3,0,4,1,0,2,3,0,1,0,0,0,0,0,0,0,4,4,2,1,1,4,0,0,0,0,7,7,7,643.0
0,1,0,1,1,0,3,1,4,4,1,0,1,2,1,1,1,1,0,0,0,0,0,5,3,3,1,1,4,0,0,0,0,9,8,7,644.0
1,0,0,1,1,0,2,1,4,4,3,0,2,1,0,1,1,1,0,1,0,0,0,4,4,3,1,3,5,0,0,0,0,7,6,7,645.0
1,0,1,1,1,0,1,1,4,4,2,2,1,1,3,1,1,1,1,1,0,1,1,5,5,3,3,3,3,0,1,0,0,10,8,7,646.0
1,1,0,0,1,1,4,2,0,1,1,0,3,1,3,1,0,1,1,1,1,0,0,1,4,1,3,2,4,43,1,0,0,11,12,7,647.0
0,1,0,0,1,0,0,0,4,3,0,0,4,4,1,0,0,1,0,1,0,1,1,4,2,1,3,1,1,31,1,1,0,9,1,7,648.0
1,0,1,0,1,0,4,1,1,4,2,2,1,2,2,1,0,0,0,1,0,0,1,4,1,4,3,4,1,38,0,0,1,9,15,7,649.0
1,1,0,1,1,1,1,1,2,0,1,1,1,4,3,1,1,0,1,1,0,1,1,4,3,2,5,1,4,69,1,0,1,7,4,7,650.0
0,0,1,1,0,1,1,1,0,0,1,0,4,3,2,0,0,0,0,0,1,0,1,4,4,5,3,2,2,45,1,0,0,19,5,7,651.0
1,0,1,1,0,0,4,4,4,4,3,0,1,2,2,1,0,0,1,0,0,1,1,2,4,3,5,3,4,6,0,1,1,17,16,7,652.0
1,1,1,1,0,1,3,3,1,1,3,2,4,1,2,1,1,1,1,0,1,0,1,1,5,1,1,1,2,6,0,0,1,8,10,7,653.0
0,1,0,1,0,1,3,1,0,2,2,0,2,2,2,0,0,1,0,1,1,1,1,4,3,4,1,4,4,13,0,1,1,6,0,7,654.0
1,1,0,0,0,1,2,3,4,3,1,1,3,4,1,1,1,0,0,0,1,0,0,3,2,4,2,4,3,65,1,1,0,9,10,7,655.0
0,1,0,0,0,0,4,3,1,4,0,2,3,3,0,1,0,1,0,1,1,1,1,5,1,2,2,3,1,13,0,1,0,10,15,7,656.0
1,1,0,1,1,0,2,2,1,2,3,0,2,3,0,0,1,0,0,1,0,0,0,1,1,5,5,2,4,62,0,1,1,14,18,7,657.0
1,0,1,1,1,0,1,4,1,1,0,0,4,2,0,0,0,1,0,0,0,0,0,3,2,5,4,3,5,34,1,1,1,12,1,7,658.0
1,0,1,0,0,0,0,2,1,3,1,1,4,1,1,1,0,0,1,0,0,0,0,2,3,5,2,3,3,22,0,0,0,12,16,7,659.0
0,1,1,1,0,0,3,3,2,2,0,0,1,1,3,1,0,0,1,1,0,1,1,2,1,2,4,5,1,65,1,0,1,15,15,7,660.0
1,1,1,1,0,1,2,1,3,2,1,1,3,3,0,1,1,1,0,1,0,0,0,2,2,2,4,3,4,11,0,0,0,11,8,7,661.0
1,0,1,0,0,1,2,2,2,4,0,0,4,1,1,1,0,0,1,1,1,1,0,3,1,1,1,2,2,71,1,1,0,19,2,7,662.0
1,1,1,1,0,1,3,0,1,0,0,0,4,4,2,1,1,1,0,1,1,0,0,3,2,2,5,3,3,64,1,1,1,12,8,7,663.0
1,1,0,0,0,0,2,0,1,2,3,2,2,4,1,1,1,0,1,1,0,0,0,2,4,3,5,3,2,7,1,1,1,18,0,7,664.0
0,0,1,1,0,0,2,1,2,3,3,2,4,1,2,0,0,1,0,0,1,1,1,4,5,1,4,5,1,18,0,0,0,4,4,7,665.0
0,0,1,1,0,1,2,3,3,0,0,2,3,2,3,1,1,1,1,0,0,1,1,1,5,1,4,3,3,26,0,1,0,18,16,7,666.0
1,0,0,1,1,1,3,3,2,1,0,2,4,1,2,1,1,1,0,0,0,1,1,2,5,4,3,1,3,19,0,0,0,13,16,7,667.0
0,1,0,0,1,1,4,4,3,0,2,0,2,2,0,0,1,1,1,0,0,1,1,4,3,4,1,1,3,0,0,0,0,5,6,6,668.0
0,1,0,0,1,0,1,1,3,4,2,1,1,2,0,1,0,1,1,1,0,0,1,5,3,3,1,1,3,0,0,0,0,5,5,6,669.0
0,1,0,0,1,1,4,4,4,0,0,0,2,2,0,0,0,1,1,0,0,1,1,4,1,4,1,1,1,0,0,0,0,6,5,6,670.0
0,1,0,0,1,0,2,3,4,4,3,1,2,1,0,1,0,1,0,0,0,1,1,3,5,1,1,1,5,0,0,0,0,8,7,6,671.0
0,1,0,0,0,1,4,3,4,4,2,0,1,2,0,0,0,0,0,0,0,0,0,5,2,2,1,1,5,0,0,0,0,8,8,6,672.0
0,1,0,0,1,0,3,1,2,4,2,0,1,4,0,0,0,0,1,0,0,0,1,4,3,3,1,2,5,0,0,0,0,7,7,6,673.0
0,1,0,0,0,0,3,2,2,4,1,0,1,2,0,1,0,0,1,0,0,0,1,4,4,4,1,1,5,0,0,0,0,7,6,6,674.0
0,1,0,0,0,0,2,2,3,4,2,0,1,2,0,1,0,1,1,0,0,1,1,4,3,4,1,2,2,0,0,0,0,8,7,6,675.0
0,1,0,0,0,0,3,1,4,4,0,1,1,2,0,0,0,1,1,0,0,1,1,3,3,3,2,3,2,0,0,0,0,7,6,6,676.0
0,1,0,0,1,0,3,2,2,4,0,0,2,2,0,0,0,0,1,0,0,0,1,4,3,5,1,1,2,0,0,0,0,7,6,6,677.0
0,0,0,0,1,0,3,3,4,4,1,1,1,2,0,1,1,1,0,1,0,0,1,4,3,4,1,4,4,0,0,0,0,6,5,6,678.0
0,1,0,1,1,0,2,2,4,4,1,0,1,1,0,1,0,1,1,0,0,0,1,5,3,2,1,2,3,0,0,0,0,7,6,6,679.0
0,1,0,1,1,0,2,1,3,2,1,0,2,2,0,1,0,1,0,0,0,0,1,4,2,5,1,2,5,0,0,0,0,6,6,6,680.0
0,0,0,0,0,0,1,1,4,4,0,0,2,2,0,1,0,0,1,0,0,0,1,3,4,2,1,1,5,0,0,0,0,9,7,6,681.0
1,1,0,1,1,0,4,4,0,3,1,0,3,1,0,1,0,0,0,0,0,0,0,4,4,3,2,2,5,0,0,0,0,6,5,6,682.0
1,0,1,0,0,1,2,4,0,4,3,0,1,3,2,1,0,0,1,1,0,1,0,4,3,1,2,3,1,74,1,1,0,5,18,6,683.0
0,1,1,1,1,0,2,4,3,3,3,0,4,3,0,0,0,1,0,0,1,1,0,4,5,2,2,4,5,64,1,0,0,18,11,6,684.0
1,0,0,1,1,1,1,4,2,2,1,1,3,1,1,1,0,1,0,0,1,0,0,3,1,1,4,1,1,1,0,1,1,4,7,6,685.0
1,1,0,1,1,1,2,4,2,0,1,2,3,1,2,1,1,0,0,1,1,1,0,5,4,3,5,5,5,28,0,1,1,9,10,6,686.0
1,0,0,0,1,0,0,4,0,0,3,0,1,3,3,0,0,1,1,0,0,0,0,5,3,3,4,4,3,0,1,1,1,11,8,6,687.0
0,0,1,0,1,1,3,2,0,3,0,1,2,2,0,0,0,0,0,1,0,0,1,4,3,1,5,5,4,21,1,1,1,14,12,6,688.0
0,1,1,0,0,0,1,0,4,1,3,0,3,2,2,0,0,1,0,1,0,0,1,2,5,2,5,3,4,10,0,1,0,11,4,6,689.0
0,0,1,0,0,0,2,2,0,0,3,1,2,3,0,1,0,1,1,1,1,0,0,4,2,3,2,5,5,35,1,1,1,14,13,6,690.0
1,1,0,0,1,0,1,4,4,3,3,2,3,3,2,0,1,1,0,1,0,1,1,2,5,2,3,4,1,11,0,1,0,19,19,6,691.0
0,0,1,0,1,0,2,3,0,1,1,1,1,3,3,1,0,1,1,0,1,0,0,4,2,5,1,2,5,12,0,1,1,14,11,6,692.0
0,0,1,1,1,1,2,3,1,4,3,0,3,3,1,1,1,1,1,0,0,0,0,2,1,3,2,5,1,3,1,1,0,10,8,6,693.0
0,0,0,1,0,1,1,0,0,1,3,0,2,1,2,1,1,1,1,1,1,1,1,2,5,3,2,1,2,65,1,0,1,7,19,6,694.0
0,0,0,0,0,0,2,2,2,3,1,0,3,3,0,0,1,1,0,0,0,1,0,4,1,2,2,3,3,35,0,1,0,7,19,6,695.0
1,0,0,0,0,1,2,4,0,3,0,1,2,2,1,0,0,1,1,1,0,0,0,5,1,4,1,2,1,45,0,1,0,5,7,6,696.0
1,1,0,1,1,1,2,2,0,1,3,0,4,1,0,0,1,0,1,0,0,1,1,1,4,5,1,1,2,17,1,0,0,8,10,6,697.0
1,0,1,0,0,0,0,3,2,0,1,0,3,4,1,1,0,1,0,1,1,0,0,4,3,5,3,3,2,72,0,1,0,13,8,6,698.0
0,1,1,0,1,0,2,2,0,0,1,2,1,2,1,1,0,0,0,0,1,0,1,4,4,1,4,1,3,20,0,0,0,4,3,6,699.0
1,0,1,0,0,1,3,1,0,1,2,2,4,1,0,0,0,0,1,1,1,1,0,3,5,3,3,2,3,59,0,0,1,8,9,6,700.0
0,0,0,1,0,0,1,4,1,2,0,2,1,4,3,1,0,0,0,1,1,1,1,2,4,1,5,3,4,74,0,0,1,16,11,6,701.0
1,1,0,0,1,1,0,2,4,4,0,0,4,4,0,0,0,0,1,0,1,1,1,1,5,5,5,2,3,22,0,0,0,16,5,6,702.0
1,0,1,0,1,1,2,0,2,0,3,0,1,2,2,1,0,1,0,0,1,1,0,2,3,4,3,4,2,41,0,0,0,8,17,6,703.0
1,1,1,0,0,1,2,1,3,1,1,2,2,2,2,1,0,0,0,1,0,1,1,2,5,5,1,4,2,71,1,1,0,6,14,6,704.0
0,0,0,0,1,0,3,2,2,2,2,0,1,1,3,1,0,1,0,0,0,0,1,5,5,5,2,4,5,0,0,0,0,6,5,5,705.0
0,1,0,1,1,0,1,1,4,4,1,0,1,2,2,0,0,1,1,1,0,0,0,3,3,4,2,4,5,0,0,0,0,8,6,5,706.0
0,1,0,0,1,0,3,4,3,4,2,0,1,2,0,1,0,1,1,0,0,0,1,2,4,3,1,2,3,0,0,0,0,5,5,5,707.0
0,0,0,0,1,0,4,4,2,2,3,0,1,1,0,0,0,0,0,0,0,0,1,4,5,5,5,5,4,0,0,0,0,7,7,5,708.0
0,0,0,1,0,0,3,3,4,2,2,0,1,2,1,1,0,1,1,0,0,0,0,4,3,3,1,3,5,0,0,0,0,3,5,5,709.0
1,1,0,1,1,0,1,2,4,4,2,0,1,1,0,1,1,1,0,0,0,0,1,3,5,5,1,3,1,0,0,0,0,6,5,5,710.0
1,0,0,1,1,0,4,2,4,4,0,1,2,1,1,1,1,0,1,0,0,1,1,5,4,3,4,3,3,0,0,0,0,6,5,5,711.0
0,1,0,0,1,1,2,2,3,0,3,2,1,1,0,1,0,0,0,1,0,1,1,4,2,1,5,2,5,72,1,1,1,12,10,5,712.0
1,0,0,1,1,1,2,4,1,4,2,2,3,2,3,0,0,0,1,0,0,1,0,1,5,2,1,2,1,45,0,1,1,18,0,5,713.0
0,1,0,1,1,0,0,3,0,1,0,2,4,4,1,1,1,1,0,0,1,0,0,2,4,2,4,2,2,43,1,0,1,16,7,5,714.0
0,1,0,1,1,1,1,1,1,0,0,0,2,1,3,1,0,0,1,0,1,0,0,1,2,3,4,5,2,46,0,1,0,14,9,5,715.0
1,1,0,1,1,0,2,1,1,4,0,2,2,1,3,0,0,0,0,0,1,1,1,2,1,5,1,2,5,54,0,1,0,9,15,5,716.0
1,1,1,0,1,1,0,2,2,4,0,0,3,1,1,1,1,1,1,1,1,0,0,4,2,5,2,2,3,46,1,1,1,11,9,5,717.0
0,0,1,1,0,1,0,2,3,2,0,0,1,3,1,1,1,0,1,0,0,1,0,2,5,1,4,5,1,33,0,0,1,19,11,5,718.0
0,1,1,1,1,1,4,1,0,1,3,1,4,2,3,0,1,1,1,0,0,1,0,3,5,2,5,3,3,42,0,0,1,17,9,5,719.0
1,0,0,0,1,0,4,0,4,4,1,2,2,3,3,0,0,0,1,1,0,0,1,4,4,5,2,5,4,6,0,1,1,15,15,5,720.0
1,0,1,1,0,0,1,2,0,3,3,1,3,1,1,0,1,1,1,1,0,0,0,2,1,3,1,3,4,31,0,0,1,4,12,5,721.0
0,1,0,1,1,0,2,2,3,4,2,2,1,3,3,0,0,0,1,1,0,0,1,5,5,1,4,4,5,60,1,1,0,6,8,5,722.0
1,0,1,1,1,0,1,3,2,3,0,0,4,1,1,0,0,0,1,1,1,1,0,4,5,3,1,4,3,48,0,1,0,7,16,5,723.0
1,0,0,0,0,1,4,3,2,1,3,1,1,4,0,0,0,1,1,1,0,0,1,1,3,3,4,2,4,60,0,1,1,4,17,5,724.0
0,1,0,1,0,1,4,0,2,0,2,2,4,4,3,0,1,0,1,0,0,0,0,4,3,2,1,4,3,3,1,0,0,19,3,5,725.0
1,1,0,0,1,0,0,3,4,1,3,1,1,3,1,0,0,1,1,0,1,1,1,3,2,3,5,4,2,11,0,0,1,16,4,5,726.0
0,1,1,0,1,0,3,2,0,3,0,2,1,4,2,1,1,0,0,1,1,1,1,2,4,3,4,2,3,56,1,0,1,14,19,5,727.0
1,1,0,1,0,0,2,2,4,4,1,0,2,3,1,1,1,0,1,0,1,0,1,3,4,1,4,5,5,70,1,0,0,8,6,5,728.0
0,0,0,0,0,1,3,2,0,4,1,0,3,1,0,0,0,0,1,1,1,0,0,2,1,1,1,2,4,0,1,0,1,15,3,5,729.0
1,0,1,0,1,1,1,3,4,2,0,2,1,1,1,0,0,1,1,0,0,1,1,2,5,3,3,3,2,22,1,1,0,11,13,5,730.0
1,0,1,1,0,1,0,1,1,4,2,1,1,3,1,0,1,1,1,1,0,1,1,4,4,5,2,2,1,40,1,1,0,4,13,5,731.0
0,1,0,0,0,0,4,3,1,0,1,0,3,1,3,0,1,0,0,1,0,1,1,5,5,3,3,1,1,4,0,1,0,5,6,5,732.0
0,1,1,1,1,0,0,2,4,0,3,2,2,4,1,1,1,1,1,0,0,0,0,2,4,2,4,3,2,24,0,0,0,13,0,5,733.0
0,0,0,0,1,1,2,1,1,4,0,1,2,4,2,0,1,1,1,1,1,1,0,4,3,1,3,2,5,12,0,0,0,12,17,5,734.0
1,0,0,1,1,0,3,0,2,3,2,1,3,3,3,1,0,0,0,1,1,0,0,1,2,1,3,5,2,51,0,0,0,6,16,5,735.0
0,1,0,0,1,0,4,3,4,4,1,0,1,2,2,1,1,0,1,0,0,0,0,3,4,5,2,4,1,0,0,0,0,6,6,4,736.0
0,1,0,0,1,1,0,0,3,1,0,1,4,4,0,0,1,0,0,1,1,0,0,5,5,2,4,1,4,9,1,1,0,10,9,4,737.0
1,1,1,0,1,1,0,4,4,3,1,2,2,3,1,1,1,1,1,0,1,1,1,5,4,3,1,3,4,26,1,1,1,11,16,4,738.0
1,1,1,0,0,1,1,0,4,0,0,1,3,1,2,0,1,0,0,0,1,0,1,1,5,2,4,2,2,21,0,0,1,9,13,4,739.0
1,1,0,0,1,1,4,4,1,1,2,2,1,3,0,0,0,0,0,1,0,1,0,1,3,5,4,1,1,62,0,1,0,12,0,4,740.0
1,0,0,0,1,1,0,4,1,0,0,0,2,2,2,1,1,1,0,0,1,1,0,3,1,2,4,5,2,3,0,1,0,11,6,4,741.0
1,0,1,1,0,0,4,3,3,1,3,0,3,3,0,1,1,1,1,1,0,0,1,3,3,1,3,3,2,7,0,0,1,18,3,4,742.0
1,0,0,1,0,0,3,3,1,1,0,1,1,1,1,0,1,1,1,0,1,1,1,3,2,3,4,5,3,2,1,0,1,13,2,4,743.0
1,0,1,1,0,1,4,0,4,2,1,1,1,1,0,0,0,1,1,1,1,0,1,4,3,2,1,2,4,10,1,0,1,18,13,4,744.0
0,0,0,1,0,1,1,4,0,3,3,2,2,3,3,0,0,0,1,1,1,1,1,5,3,4,3,4,5,16,0,1,0,13,1,4,745.0
1,0,0,1,1,1,2,4,3,1,1,2,3,2,3,1,1,1,0,0,1,0,0,4,2,1,1,2,4,2,0,0,0,9,3,4,746.0
1,0,0,1,0,1,1,1,2,3,3,0,4,1,1,0,1,0,1,1,0,0,1,3,2,3,1,4,5,2,0,0,0,8,4,4,747.0
1,1,0,0,0,0,1,4,4,1,1,2,4,4,0,1,1,0,1,0,0,0,1,5,1,2,1,3,5,5,1,1,1,15,0,4,748.0
0,1,0,1,0,1,0,3,0,4,1,1,3,3,3,0,1,1,1,0,0,1,1,1,2,4,3,1,2,65,1,0,1,19,13,4,749.0
1,1,0,0,0,0,1,0,3,4,2,2,1,2,1,0,1,1,1,1,0,0,0,4,4,2,3,5,4,45,1,0,1,11,3,4,750.0
0,1,1,1,1,1,0,0,3,0,2,0,4,3,2,1,1,1,0,1,0,1,1,3,5,2,5,2,2,25,0,1,1,16,18,4,751.0
0,1,0,1,0,1,1,1,1,0,0,0,1,4,1,1,1,0,1,0,1,0,1,3,1,1,3,2,2,26,1,0,0,15,19,4,752.0
1,0,1,1,0,1,0,4,3,1,2,2,3,2,1,0,1,0,1,1,1,1,0,2,5,5,1,5,1,56,1,1,1,12,15,4,753.0
1,0,0,0,0,0,2,2,2,1,3,0,3,1,1,0,0,1,0,0,0,1,0,2,3,5,3,4,3,48,0,0,1,9,16,4,754.0
1,1,0,1,0,1,4,2,4,1,1,1,3,4,2,0,1,0,0,1,0,0,1,3,5,4,3,1,5,8,0,0,0,19,11,4,755.0
0,1,0,0,0,1,2,2,4,1,0,0,4,2,2,0,0,0,0,1,0,0,0,1,4,1,5,4,5,14,0,1,1,18,14,4,756.0
1,0,1,0,0,1,1,4,0,2,0,1,4,3,1,1,1,0,0,0,1,1,1,4,1,4,2,3,4,51,0,0,0,15,15,4,757.0
1,1,1,0,0,1,4,4,1,2,3,1,4,4,0,0,1,0,1,0,1,1,1,2,2,4,1,4,2,37,1,1,1,15,17,4,758.0
0,0,0,1,0,1,2,1,2,2,1,1,4,3,0,0,0,1,0,0,0,0,1,5,4,4,1,4,3,40,0,0,1,5,5,4,759.0
1,1,0,1,0,0,2,4,4,4,0,1,3,4,2,0,0,1,1,0,1,0,1,5,4,4,5,2,5,56,1,0,1,15,17,4,760.0
1,1,1,0,1,1,0,4,1,3,1,0,1,2,3,0,1,0,1,0,1,1,0,5,2,1,5,1,4,18,1,0,1,19,7,4,761.0
1,0,0,1,0,0,0,4,3,2,1,2,1,4,1,0,1,1,0,1,1,0,0,1,3,4,1,5,1,54,0,0,1,18,5,3,762.0
1,1,1,0,1,0,1,2,2,1,0,0,4,1,3,1,1,0,1,1,1,1,1,4,4,3,2,5,2,46,0,0,1,11,16,3,763.0
0,1,0,1,1,1,2,0,0,3,0,1,2,4,1,1,0,1,0,0,0,1,1,5,3,4,1,2,1,3,1,0,1,16,10,3,764.0
0,0,1,0,1,1,1,0,2,0,0,1,4,4,2,1,1,1,0,1,0,1,1,4,2,1,3,4,2,22,1,1,0,13,15,3,765.0
0,0,1,0,0,0,2,4,4,1,1,0,3,1,3,0,1,0,0,0,0,0,1,3,4,5,5,3,4,63,0,1,0,4,16,3,766.0
0,1,1,1,1,0,1,3,4,1,3,0,4,3,1,1,1,0,0,0,0,0,0,4,5,1,3,5,2,34,1,0,1,16,9,3,767.0
0,1,1,1,1,0,2,0,0,3,0,1,2,2,3,1,1,0,1,0,1,0,1,1,2,5,2,1,5,35,1,0,0,15,2,3,768.0
0,0,1,0,0,0,0,2,1,1,0,0,2,1,3,0,0,1,0,1,0,0,0,5,4,3,2,2,4,39,0,1,1,17,8,3,769.0
0,1,1,1,1,1,3,3,0,1,1,2,1,4,2,1,1,0,0,1,0,0,1,4,3,3,1,2,3,53,1,0,0,16,15,3,770.0
0,1,1,1,1,0,0,3,3,3,0,1,3,2,1,0,1,1,0,1,1,1,0,2,2,1,2,1,5,35,1,0,1,18,4,3,771.0
0,1,0,0,1,0,0,1,1,4,0,1,2,4,2,0,0,1,1,0,0,1,1,5,1,4,4,5,4,9,1,0,1,10,15,3,772.0
1,1,1,1,0,0,1,4,3,0,0,2,1,1,1,1,0,1,0,1,1,0,1,5,1,4,3,5,2,42,0,0,1,4,17,3,773.0
0,0,0,1,0,1,0,3,2,4,0,1,4,1,0,0,0,0,1,0,1,1,1,1,1,4,3,2,3,65,1,1,1,15,5,3,774.0
0,0,1,0,1,0,4,3,2,2,1,0,3,3,2,0,0,1,0,1,1,1,0,3,5,4,2,1,1,64,0,0,1,5,17,3,775.0
1,0,1,0,0,1,2,3,1,2,3,2,2,1,3,0,1,0,1,1,1,1,0,2,3,1,5,5,5,3,0,0,1,10,10,3,776.0
0,1,1,1,0,1,1,1,0,1,1,0,2,3,3,1,0,0,0,0,1,0,0,2,5,1,5,2,5,7,1,1,1,9,19,3,777.0
1,0,1,1,1,1,2,4,2,4,1,2,4,3,0,0,1,1,1,1,0,0,1,2,1,4,3,4,3,5,0,0,0,5,8,3,778.0
1,0,1,1,1,1,2,0,0,0,1,0,2,4,2,1,1,0,1,1,0,1,1,3,1,2,4,4,2,48,1,0,1,15,3,3,779.0
0,0,1,0,1,0,0,4,4,2,0,1,3,2,0,1,0,0,1,0,1,0,0,2,4,3,3,1,3,68,1,0,1,14,7,3,780.0
1,0,0,1,0,1,3,2,2,1,1,1,4,1,3,0,0,0,0,0,0,1,1,1,2,1,1,4,4,68,1,1,1,3,7,3,781.0
0,0,0,1,1,0,0,4,0,1,0,2,3,3,1,0,1,0,1,1,0,0,0,3,1,3,2,5,4,72,1,1,0,13,3,3,782.0
0,0,1,0,1,1,3,1,0,4,2,1,1,2,1,0,1,1,1,0,0,1,1,2,1,2,1,5,1,58,0,0,0,19,12,3,783.0
1,0,1,0,1,1,1,1,4,2,3,2,4,2,2,1,1,0,1,1,1,0,1,4,3,4,3,5,3,56,0,1,1,19,3,3,784.0
1,1,0,0,0,0,3,3,1,0,3,1,2,1,1,0,1,1,0,0,0,1,0,2,1,1,4,3,1,45,1,1,0,3,0,3,785.0
1,0,1,0,1,1,1,3,0,1,3,2,1,3,1,0,1,0,1,1,0,1,1,3,1,1,4,2,1,38,0,0,0,6,9,3,786.0
0,0,1,0,1,0,4,1,1,2,2,1,3,4,0,1,0,1,1,1,0,1,1,2,5,2,2,5,1,11,1,1,0,13,11,3,787.0
1,1,0,1,1,0,3,4,0,3,2,1,3,3,0,1,0,0,0,1,0,0,0,5,5,4,1,2,3,35,0,1,0,12,6,3,788.0
1,1,0,1,1,0,3,2,2,3,1,1,1,4,0,0,1,1,1,1,1,1,1,1,5,1,5,2,2,41,1,1,1,9,19,3,789.0
1,1,1,0,1,1,4,2,1,1,2,1,4,3,0,1,0,1,1,0,0,0,1,2,1,4,5,1,5,18,1,0,0,11,5,3,790.0
1,1,0,1,0,1,0,1,0,0,3,1,2,4,1,1,1,1,1,1,1,0,1,5,2,1,1,3,1,22,1,1,0,7,3,3,791.0
0,0,1,1,0,0,1,3,2,3,0,2,2,3,2,1,1,1,1,0,1,1,0,2,4,3,3,3,4,54,1,0,1,4,19,2,792.0
0,0,0,0,0,0,4,3,1,0,0,1,1,1,3,1,1,0,1,1,1,1,0,3,1,3,4,2,1,23,1,1,0,8,18,2,793.0
0,0,0,0,1,1,2,0,2,1,2,2,2,1,1,1,0,1,0,0,1,0,1,1,5,5,2,5,2,57,0,0,1,10,8,2,794.0
1,0,1,1,0,1,1,1,3,1,2,1,2,4,1,0,0,1,1,0,0,0,0,3,2,5,5,1,5,56,0,1,1,10,18,2,795.0
0,0,0,1,1,0,4,3,0,3,0,1,2,4,0,0,1,0,0,1,1,1,0,5,3,2,4,5,1,62,0,1,1,12,4,2,796.0
1,0,0,1,1,0,2,2,4,3,1,0,4,3,0,1,0,0,1,0,0,1,0,1,1,4,3,4,3,68,1,1,1,14,7,2,797.0
1,0,1,0,1,0,2,1,1,0,0,0,1,3,0,1,0,1,1,0,1,0,0,1,4,5,5,4,4,32,0,0,0,5,11,2,798.0
0,0,0,0,1,1,0,3,2,4,0,2,4,1,1,0,1,0,1,1,1,1,1,4,3,5,4,3,2,23,0,1,0,14,14,2,799.0
1,1,0,1,1,0,1,3,4,2,2,1,1,3,3,1,0,0,1,1,0,1,1,4,1,5,3,2,1,24,0,1,0,10,13,2,800.0
1,0,0,1,0,0,3,0,2,4,3,2,3,2,1,1,0,0,1,1,1,0,0,3,1,2,2,3,3,22,1,1,0,15,13,2,801.0
1,0,1,1,0,0,2,2,4,3,0,1,2,4,2,1,0,0,0,0,1,1,0,1,5,2,5,3,3,20,0,0,1,12,8,2,802.0
0,1,0,0,0,0,0,2,2,3,2,1,3,3,2,0,0,1,1,0,1,1,0,1,5,4,2,2,1,11,1,0,0,7,17,2,803.0
1,0,1,1,1,1,4,3,0,0,2,2,2,1,1,1,1,1,1,1,0,1,1,4,1,5,3,1,5,20,0,0,0,10,16,2,804.0
1,1,0,0,0,0,4,0,2,3,3,1,2,4,2,1,1,0,0,0,1,0,0,4,2,2,5,5,1,7,1,1,0,17,4,2,805.0
1,0,0,1,0,1,0,2,2,0,2,1,3,1,0,0,1,1,0,1,0,1,1,4,2,4,2,4,2,18,0,1,1,8,8,2,806.0
0,1,1,1,0,0,0,3,1,3,2,0,1,2,2,1,0,1,0,1,1,0,0,3,5,5,3,5,2,47,0,0,0,17,12,2,807.0
0,0,1,1,1,0,4,3,0,0,3,0,1,4,2,1,1,1,0,1,0,0,0,4,3,3,2,1,1,3,0,0,0,4,0,2,808.0
0,1,1,0,1,1,4,1,4,2,2,1,2,1,3,0,1,0,1,1,1,0,1,3,2,5,2,1,1,44,0,0,0,19,0,2,809.0
0,0,1,0,0,1,4,1,4,0,2,1,4,3,0,1,1,1,1,1,0,0,0,5,5,5,1,2,2,1,1,0,0,5,15,2,810.0
0,0,1,0,1,0,2,3,3,0,1,2,4,2,1,1,1,0,0,1,1,0,0,4,3,3,4,3,2,6,0,1,1,13,4,2,811.0
0,1,1,0,0,0,1,3,1,3,2,1,1,2,3,1,1,1,1,0,0,1,1,5,2,5,3,4,4,61,1,1,1,3,2,2,812.0
1,0,0,1,0,0,0,4,2,3,3,0,3,4,3,0,0,1,1,1,0,0,1,3,1,4,5,2,2,6,0,1,1,9,15,2,813.0
0,0,1,1,1,0,3,2,0,2,3,1,2,1,3,1,0,1,1,0,0,1,0,1,5,2,1,4,5,73,0,1,1,18,19,2,814.0
0,0,0,1,1,0,4,0,0,2,3,0,1,1,0,0,1,0,1,1,1,0,0,4,1,5,5,2,3,9,0,1,0,17,10,2,815.0
0,1,1,1,1,1,0,1,3,0,0,0,1,3,0,1,0,0,0,1,0,1,0,3,4,3,2,2,1,73,1,0,1,7,14,2,816.0
0,1,1,1,0,1,2,2,3,1,2,1,3,2,1,1,0,0,0,0,0,0,1,4,1,5,2,2,5,36,1,1,0,4,12,2,817.0
1,0,0,1,0,0,0,3,2,2,0,2,2,2,3,1,0,1,0,1,1,1,1,4,5,3,1,1,1,62,1,1,0,19,5,1,818.0
0,1,0,0,0,1,3,3,1,1,2,0,3,2,0,1,0,0,1,1,0,1,1,4,4,4,2,3,3,62,1,0,0,5,6,1,819.0
0,0,0,0,1,0,4,4,1,4,1,0,4,2,1,0,1,1,1,1,0,0,1,5,3,4,5,3,5,21,0,1,1,18,1,1,820.0
0,1,1,1,1,0,3,3,3,4,0,1,2,4,3,0,0,0,0,0,1,1,0,2,3,5,4,1,1,50,1,0,1,14,13,1,821.0
1,1,0,1,1,1,1,0,0,4,2,0,3,3,1,0,0,1,1,0,0,1,0,3,1,1,4,5,1,41,0,0,1,14,11,1,822.0
0,1,0,0,1,1,4,0,3,4,1,2,2,2,2,1,0,1,0,0,1,1,0,5,2,2,1,1,1,53,1,0,0,12,16,1,823.0
0,0,1,1,0,0,3,1,0,1,0,1,3,2,3,0,0,0,1,1,1,1,1,4,5,2,5,4,4,35,0,0,1,11,12,1,824.0
0,1,1,0,1,0,1,0,4,1,1,2,3,1,3,0,1,0,0,1,0,1,0,4,4,4,4,3,3,29,1,0,0,13,1,1,825.0
0,0,0,1,1,0,1,2,2,3,2,2,2,3,1,1,1,1,1,1,1,0,0,2,5,5,4,2,4,58,0,1,1,18,10,1,826.0
0,1,0,1,1,1,1,3,2,4,3,2,3,4,2,1,0,0,1,1,1,0,1,3,5,2,1,1,2,66,1,0,1,12,3,1,827.0
0,1,0,0,0,0,3,1,1,0,0,0,1,3,1,0,1,0,0,1,0,1,0,2,4,1,2,5,5,48,0,1,1,8,17,1,828.0
1,0,0,0,0,1,3,1,2,1,2,2,1,4,3,1,0,0,1,1,0,1,0,4,4,4,3,4,3,41,1,1,0,18,2,1,829.0
1,1,0,0,1,0,3,2,2,0,1,2,4,1,2,0,0,0,1,0,0,1,1,1,5,5,5,1,5,27,0,0,0,9,7,1,830.0
1,0,0,0,1,0,1,1,3,1,3,1,3,4,1,1,1,0,0,0,0,1,1,4,2,2,3,1,3,61,0,1,0,12,11,1,831.0
1,0,0,0,0,1,2,0,4,0,3,1,1,4,2,1,1,1,0,0,1,1,1,1,5,4,2,3,3,55,1,0,1,8,3,1,832.0
0,0,1,1,0,1,2,3,3,1,0,1,2,3,2,0,0,0,0,0,1,0,0,2,3,3,1,5,4,46,1,0,0,18,14,1,833.0
0,1,1,0,1,1,1,1,2,4,1,2,2,1,3,1,0,1,1,1,0,1,0,5,5,1,5,4,3,46,0,1,0,12,9,1,834.0
1,1,0,1,0,1,2,1,4,4,0,2,3,2,0,1,0,1,1,1,1,1,1,3,4,5,2,4,1,7,0,0,0,7,10,1,835.0
0,1,0,0,0,0,1,0,2,4,2,2,2,1,3,1,1,0,0,1,1,0,0,4,3,2,4,3,1,64,0,1,0,3,14,1,836.0
0,0,0,1,1,0,2,2,2,4,1,0,1,1,2,1,0,1,0,0,0,0,1,3,3,3,1,2,4,0,0,0,0,7,4,0,837.0
0,1,0,1,1,0,3,4,2,0,2,1,2,3,2,1,0,1,1,0,0,0,0,4,2,2,2,2,5,0,1,0,0,12,0,0,838.0
0,1,0,0,1,0,1,1,3,4,2,0,3,1,0,1,0,1,0,1,0,0,0,4,3,3,1,2,4,0,0,0,0,8,0,0,839.0
0,0,0,1,1,0,3,4,3,0,2,0,4,2,0,1,0,1,1,0,0,1,0,5,3,3,1,1,5,0,0,0,0,9,0,0,840.0
0,1,0,0,1,0,4,4,2,3,2,0,1,3,0,1,0,1,0,0,0,0,0,4,3,3,1,1,5,0,1,0,0,11,0,0,841.0
0,0,0,1,1,0,3,4,3,4,2,0,3,2,0,1,1,1,1,0,0,1,1,5,4,5,2,4,5,0,1,0,0,10,0,0,842.0
0,1,0,0,1,1,3,3,4,4,2,2,2,1,2,1,0,1,0,1,0,0,0,4,3,2,1,1,5,0,0,0,0,4,0,0,843.0
0,0,0,0,1,0,4,3,0,2,2,1,2,4,0,0,0,1,1,0,0,0,1,2,2,2,1,1,3,0,0,0,0,7,9,0,844.0
0,0,0,0,1,0,2,1,4,4,0,0,1,1,3,1,0,1,1,0,0,0,1,5,4,5,1,2,5,0,0,0,0,5,0,0,845.0
0,1,0,0,1,0,3,2,1,2,0,1,1,2,3,1,0,1,1,0,0,0,1,3,3,2,1,1,3,0,0,0,0,6,7,0,846.0
0,0,0,0,1,0,4,4,0,0,2,0,1,1,0,1,0,1,1,0,1,0,0,3,3,2,2,1,5,0,0,0,0,7,6,0,847.0
0,0,0,0,0,0,1,1,4,4,2,0,1,1,3,1,1,1,1,0,1,0,0,2,3,5,2,5,4,0,0,0,0,6,5,0,848.0
0,0,1,0,1,0,3,2,2,3,0,0,1,1,3,1,0,1,1,0,1,0,0,4,5,4,1,1,4,0,0,0,0,5,0,0,849.0
0,0,0,1,0,0,2,1,3,4,2,0,2,1,2,1,1,1,0,0,1,0,0,3,3,2,2,2,5,0,0,0,0,7,6,0,850.0
0,0,0,0,0,0,1,2,4,4,2,0,2,1,1,1,1,1,0,0,0,1,1,4,4,4,2,4,5,0,0,0,0,7,0,0,851.0
0,1,0,0,1,0,2,2,4,4,0,0,1,2,0,1,0,0,1,1,0,0,1,5,1,5,1,1,4,0,0,0,0,6,7,0,852.0
0,0,0,0,1,0,3,4,4,4,2,1,3,1,2,1,0,1,0,1,0,0,1,3,4,5,2,4,2,0,0,0,0,6,5,0,853.0
0,1,0,0,1,0,1,3,3,2,0,0,1,2,3,1,1,1,0,1,0,0,0,4,3,5,1,1,3,0,0,0,0,8,7,0,854.0
0,1,0,0,1,0,1,1,3,4,1,0,1,3,1,1,0,1,0,0,0,1,0,4,3,4,1,1,5,0,0,0,0,6,5,0,855.0
0,0,0,0,1,0,2,2,4,2,1,1,1,2,1,1,1,1,1,0,1,0,1,5,5,4,3,5,2,0,0,0,0,7,7,0,856.0
0,0,0,0,0,0,4,3,0,4,2,0,1,1,0,1,1,1,0,1,0,0,1,5,4,5,1,1,3,0,0,0,0,6,0,0,857.0
0,1,0,0,1,0,2,1,4,4,2,2,2,3,0,1,0,0,1,1,0,0,0,4,4,4,1,1,3,0,0,0,0,7,0,0,858.0
0,1,0,0,0,0,2,2,2,2,2,1,1,4,0,1,1,0,0,0,0,0,0,3,4,1,1,1,2,0,1,0,0,10,9,0,859.0
0,1,0,0,1,0,2,2,3,2,0,0,1,3,0,1,0,0,0,0,0,0,0,4,3,3,1,1,3,0,0,1,0,9,10,0,860.0
0,1,0,1,1,0,2,1,4,4,1,0,2,2,0,1,0,1,1,0,1,0,0,4,3,5,1,2,3,0,0,0,0,6,0,0,861.0
0,1,1,0,1,0,4,4,1,4,1,2,2,2,0,1,0,0,0,0,0,0,1,2,3,4,2,3,2,0,1,0,0,10,9,0,862.0
0,1,1,0,0,0,1,2,2,2,0,2,1,2,1,1,1,1,0,1,0,1,0,4,2,4,2,2,3,0,0,0,0,9,9,0,863.0
0,1,0,0,1,0,2,1,2,4,2,0,2,2,0,1,0,0,0,0,0,0,1,5,3,3,1,2,1,0,0,0,0,8,8,0,864.0
0,1,0,0,1,0,3,3,2,2,0,0,1,2,0,1,1,1,0,0,0,0,1,5,3,4,1,1,4,0,0,0,0,7,0,0,865.0
0,1,0,0,0,0,2,2,4,4,0,2,1,2,0,1,1,1,0,1,0,0,0,4,3,3,1,1,2,0,0,0,0,8,8,0,866.0
0,1,0,1,1,0,2,2,3,4,2,0,2,4,0,1,1,1,0,0,0,1,1,4,4,4,1,1,4,0,1,0,0,10,9,0,867.0
0,1,0,0,1,0,3,2,4,4,0,0,1,2,0,1,0,0,1,0,0,0,0,4,3,2,2,3,2,0,0,0,0,7,8,0,868.0
0,0,0,0,1,0,4,4,0,2,0,1,1,2,1,1,0,1,0,0,0,0,1,4,3,3,2,2,2,0,1,1,0,10,10,0,869.0
0,1,0,0,1,1,2,2,3,3,0,1,1,2,1,1,0,1,1,0,0,0,0,3,3,1,1,2,4,0,0,0,0,9,8,0,870.0
1,1,0,1,1,0,1,1,4,2,1,0,3,1,1,1,0,0,1,0,0,0,0,5,2,1,1,2,1,0,0,0,0,7,6,0,871.0
1,0,1,1,1,0,1,1,4,2,3,0,2,1,1,1,1,1,1,0,0,1,1,4,3,2,1,3,5,0,0,0,0,6,5,0,872.0
1,1,1,1,1,0,2,3,2,4,2,0,1,3,1,1,1,1,0,1,0,0,1,5,4,2,1,2,5,0,0,0,0,7,5,0,873.0
1,1,0,0,1,0,1,1,4,4,2,0,2,2,1,1,1,1,0,0,0,1,1,1,1,1,1,1,5,0,0,0,0,6,5,0,874.0
0,0,1,1,0,0,4,0,1,4,1,0,4,4,3,1,1,0,1,1,0,1,1,3,1,5,4,3,3,1,1,1,0,19,16,0,875.0
1,0,0,0,1,1,0,3,3,4,2,1,1,3,1,1,1,0,0,1,0,0,0,5,2,5,1,2,1,41,0,0,0,9,15,0,876.0
0,1,1,1,0,0,1,3,2,2,0,0,4,4,1,1,1,0,0,0,0,1,0,3,2,2,3,3,3,50,1,1,0,15,19,0,877.0
1,1,0,0,1,0,3,0,3,2,0,1,4,2,1,0,0,0,0,0,1,1,1,3,5,2,2,1,4,23,1,0,0,17,1,0,878.0
0,0,0,1,0,0,2,1,1,1,1,0,1,3,0,0,1,0,1,1,1,0,1,4,3,5,3,5,1,45,0,1,0,4,1,0,879.0
0,0,0,1,0,1,4,0,1,3,1,2,3,2,1,0,1,1,0,0,0,1,1,1,4,3,3,3,3,25,0,1,0,16,19,0,880.0
0,1,1,1,1,1,1,1,4,1,3,1,2,4,0,0,1,1,1,0,0,0,0,4,4,2,1,4,4,26,0,1,0,4,17,0,881.0
0,1,1,0,0,0,0,3,2,1,2,0,1,4,3,1,0,1,0,0,0,1,1,5,2,3,3,4,5,56,0,1,0,10,14,0,882.0
0,0,1,0,0,0,2,3,4,1,2,0,2,2,3,0,1,0,1,0,0,0,0,4,2,2,2,4,1,10,0,0,1,3,6,0,883.0
1,0,0,0,1,1,1,4,3,4,0,0,3,4,2,1,1,1,0,1,0,1,0,3,3,5,4,2,5,41,0,1,0,16,16,0,884.0
1,0,0,1,0,1,3,0,0,4,1,1,4,4,2,0,0,0,1,1,0,1,0,5,2,1,3,5,3,43,1,0,1,18,16,0,885.0
0,0,1,0,0,1,3,3,2,1,2,0,4,2,1,1,1,0,1,1,1,0,0,1,1,2,4,2,5,21,1,0,0,6,5,0,886.0
1,1,1,0,0,1,2,2,4,4,3,0,3,1,3,0,1,0,1,0,1,0,0,1,1,4,5,1,1,73,0,1,1,14,13,0,887.0
1,1,0,1,1,1,4,4,4,3,3,1,2,1,1,0,0,1,0,1,1,0,0,5,2,3,4,1,1,73,1,0,0,8,6,0,888.0
1,0,1,0,1,1,1,0,3,4,0,2,1,2,0,1,1,0,1,0,1,1,1,3,2,5,4,1,4,51,1,1,1,9,9,0,889.0
1,1,0,1,0,1,1,3,1,4,2,2,2,4,3,1,1,0,1,1,0,0,1,5,3,2,3,1,2,44,1,0,1,14,18,0,890.0
1,1,1,0,0,0,1,3,0,4,3,0,4,1,3,1,1,1,0,0,1,0,0,4,1,1,3,3,2,25,1,0,0,12,3,0,891.0
0,1,1,0,1,1,2,4,2,0,0,1,4,4,1,1,1,0,0,0,0,1,0,3,3,2,2,5,1,56,1,1,1,9,1,0,892.0
0,1,0,1,0,1,0,3,3,0,0,2,2,3,2,1,1,0,1,1,1,0,1,1,3,4,4,4,3,29,1,0,0,13,17,0,893.0
1,1,0,0,1,0,2,4,2,2,0,2,3,1,3,1,0,1,1,0,1,1,0,2,1,3,5,1,1,53,1,0,1,14,15,0,894.0
0,0,1,1,0,1,2,2,4,3,2,0,1,1,2,0,1,0,1,1,1,0,1,1,3,4,3,3,5,19,0,0,1,6,4,0,895.0
0,1,0,0,0,0,2,4,4,0,3,2,4,2,1,1,1,1,1,0,0,0,0,3,1,4,1,1,2,62,0,1,1,9,2,0,896.0
0,1,1,1,0,1,4,0,4,0,3,2,1,1,3,0,1,1,0,0,0,1,1,4,3,4,2,3,1,4,1,1,1,11,7,0,897.0
1,1,1,1,0,1,4,3,0,4,0,0,1,4,2,1,0,0,0,0,1,0,0,2,2,5,4,2,4,52,1,0,0,5,8,0,898.0
1,1,1,0,1,0,4,4,2,3,3,0,3,3,2,0,0,1,0,0,0,0,0,2,2,2,4,3,5,69,1,0,0,10,11,0,899.0
1,1,1,1,1,1,2,4,2,4,3,2,1,4,3,0,0,0,0,0,0,0,1,5,5,2,1,4,4,36,0,0,0,18,11,0,900.0
